topic,term,ground_truth,method,domain,prediction,candidates,exact_match,fuzzy_similarity,semantic_similarity,top_3_accuracy,top_5_accuracy
topic-12722,recommender system,recommendation engine,same_term_baseline,,recommender system,"[""recommender system""]",False,0.5641025641025641,0.8017131090164185,False,False
topic-12722,recommender system,recommendation engine,llm_single_prompt_baseline,,Personalization system,"[""Personalization system""]",False,0.4651162790697675,0.4932475686073303,False,False
topic-12722,recommender system,recommendation engine,mas_langgraph,Information Systems,Collaborative filtering algorithm,"[""Collaborative filtering algorithm"", ""Personalized recommendation engine"", ""Knowledge graph-based recommender"", ""Inference-driven recommendation model"", ""Hybrid content-based approach""]",False,0.3703703703703704,0.684691309928894,False,False
topic-2484,stocks,shares,same_term_baseline,,stocks,"[""stocks""]",False,0.3333333333333333,0.6918749809265137,False,False
topic-2484,stocks,shares,llm_single_prompt_baseline,,Shares,"[""Shares""]",True,1.0,1.0,True,True
topic-2484,stocks,shares,mas_langgraph,Finance,Shares,"[""Shares"", ""Securities"", ""Equities""]",True,1.0,1.0,True,True
topic-4285,equity market,stock market,same_term_baseline,,equity market,"[""equity market""]",False,0.64,0.8036888837814331,False,False
topic-4285,equity market,stock market,llm_single_prompt_baseline,,Capital market,"[""Capital market""]",False,0.6153846153846154,0.7884631156921387,False,False
topic-4285,equity market,stock market,mas_langgraph,Finance,Securities market,"[""Securities market"", ""Financial market"", ""Capital market"", ""Bourse""]",False,0.6206896551724138,0.8117303848266602,False,False
topic-3721,liability law,responsibility law,same_term_baseline,,liability law,"[""liability law""]",False,0.7096774193548387,0.6819446086883545,False,False
topic-3721,liability law,responsibility law,llm_single_prompt_baseline,,Tort law,"[""Tort law""]",False,0.4615384615384615,0.4372226595878601,False,False
topic-3721,liability law,responsibility law,mas_langgraph,Law,Legal obligation,"[""Legal obligation"", ""Tort law"", ""Responsibility doctrine"", ""Accountability principle"", ""Duty of care""]",False,0.3529411764705882,0.6893640160560608,False,False
topic-1274,accountancy,financial auditing,same_term_baseline,,accountancy,"[""accountancy""]",False,0.3448275862068966,0.5266649723052979,False,False
topic-1274,accountancy,financial auditing,llm_single_prompt_baseline,,Finance,"[""Finance""]",False,0.48,0.568318247795105,False,False
topic-1274,accountancy,financial auditing,mas_langgraph,Accounting,Bookkeeping,"[""Financial management"", ""Bookkeeping"", ""Financial analysis"", ""Financial reporting"", ""Auditing""]",False,0.2068965517241379,0.3934618234634399,False,False
topic-5882,auditors,financial examiners,same_term_baseline,,auditors,"[""auditors""]",False,0.2962962962962963,0.6801270246505737,False,False
topic-5882,auditors,financial examiners,llm_single_prompt_baseline,,Inspectors,"[""Inspectors""]",False,0.3448275862068966,0.4666460752487182,False,False
topic-5882,auditors,financial examiners,mas_langgraph,Accounting and Finance,Examiners,"[""Examiners"", ""Accountants"", ""Inspectors""]",False,0.6428571428571428,0.7280333638191223,False,False
topic-1276,accounting,financial accounting,same_term_baseline,,accounting,"[""accounting""]",False,0.6666666666666667,0.8892039656639099,False,False
topic-1276,accounting,financial accounting,llm_single_prompt_baseline,,auditing,"[""auditing""]",False,0.4285714285714286,0.5001630187034607,False,False
topic-1276,accounting,financial accounting,mas_langgraph,Accounting is classified under:,Bookkeeping,"[""Bookkeeping and accounting"", ""Financial reporting"", ""Bookkeeping"", ""Record-keeping""]",False,0.2580645161290322,0.4746177494525909,False,False
topic-1953,acculturation,cultural adaptation,same_term_baseline,,acculturation,"[""acculturation""]",False,0.6875,0.3923711478710174,False,False
topic-1953,acculturation,cultural adaptation,llm_single_prompt_baseline,,Assimilation,"[""Assimilation""]",False,0.4516129032258065,0.5315748453140259,False,False
topic-1953,acculturation,cultural adaptation,mas_langgraph,Sociology,Cultural assimilation,"[""Cultural assimilation"", ""Socialization"", ""Ethnic adaptation"", ""Cultural exchange"", ""Social integration"", ""Immigration adjustment""]",False,0.75,0.747761607170105,False,False
topic-1919,actual pastoral liturgical practice,current liturgical practice,same_term_baseline,,actual pastoral liturgical practice,"[""actual pastoral liturgical practice""]",False,0.7419354838709676,0.8342791795730591,False,False
topic-1919,actual pastoral liturgical practice,current liturgical practice,llm_single_prompt_baseline,,pastoral care,"[""pastoral care""]",False,0.35,0.4580441117286682,False,False
topic-1919,actual pastoral liturgical practice,current liturgical practice,mas_langgraph,Theological Studies,Liturgical rites,"[""Liturgical rites"", ""Sacramental worship"", ""Divine service""]",False,0.6511627906976745,0.8322337865829468,False,False
topic-1980,adhd,attention deficit disorder,same_term_baseline,,adhd,"[""adhd""]",False,0.1999999999999999,0.7237597107887268,False,False
topic-1980,adhd,attention deficit disorder,llm_single_prompt_baseline,,hyperactivity,"[""hyperactivity""]",False,0.2564102564102564,0.3618717789649963,False,False
topic-1980,adhd,attention deficit disorder,mas_langgraph,Psychiatry,,[],False,0.0,0.0,False,False
topic-4079,administrative law,regulatory law,mas_langgraph,Law,Executive law,"[""Executive law"", ""Public law"", ""Statutory law""]",False,0.5185185185185186,0.5331318974494934,False,False
topic-2276,adorno,critical theorist,mas_langgraph,Philosophy,Philosopher,"[""Philosopher"", ""Theorist"", ""Thinker""]",False,0.3571428571428571,0.4844173491001129,False,False
topic-2250,africa,Sub-Saharan region,mas_langgraph,Geography,Continent,"[""Continent"", ""Region"", ""Territory""]",False,0.23076923076923073,0.4700242578983307,False,False
topic-1280,agricultural economy,agricultural economics,mas_langgraph,Economics,Agrarian economy,"[""Agrarian economy"", ""Rural economy"", ""Peasant economy"", ""Subsistence economy"", ""Land-based economy""]",False,0.631578947368421,0.7261523008346558,False,False
topic-7782,aggression,hostility,mas_langgraph,Psychology,Hostility,"[""Hostility"", ""Intimidation"", ""Belligerence"", ""Malice"", ""Vindictiveness""]",True,1.0,1.0,True,True
topic-5124,alcohol addiction,alcohol dependence,mas_langgraph,Psychiatry,Alcohol dependence syndrome,"[""Alcohol dependence syndrome"", ""Substance use disorder"", ""Substance dependence"", ""Chemical dependency""]",False,0.8,0.8951404690742493,False,False
topic-2500,general econometrics,economic statistics,mas_langgraph,Economics,Econometric modeling,"[""Econometric modeling"", ""Applied economic statistics"", ""Quantitative methods in economics"", ""Statistical analysis of economic systems""]",False,0.5128205128205128,0.6367859840393066,False,False
topic-2501,alliances and joint ventures,strategic partnerships,mas_langgraph,Business Administration,Joint Ventures,"[""Joint Ventures"", ""Partnerships"", ""Business Associations""]",False,0.2777777777777778,0.703303873538971,False,False
topic-1285,foreigners,strangers,mas_langgraph,Anthropology,Immigrant collectives,"[""Immigrant collectives"", ""Non-native populations"", ""Extraterritorial individuals"", ""Outsider groups"", ""Diasporic communities""]",False,0.33333333333333337,0.2416740357875824,False,False
topic-10501,americanization,Americanisation,mas_langgraph,Cultural Studies,Westernization,"[""Westernization"", ""Homogenization"", ""Anglicization""]",False,0.6206896551724138,0.6578419208526611,False,False
topic-9362,anxiety,worry,mas_langgraph,Psychology,Nervousness,"[""Nervousness"", ""Apprehension"", ""Unease"", ""Worry"", ""Distress""]",False,0.125,0.3855714797973633,False,True
topic-16802,"Antarctic, Arctic, Polar Regions",polar areas,mas_langgraph,Geography/Environmental Science,Glacial Regions,"[""Glacial Regions"", ""Cryospheric Areas"", ""Subpolar Territories""]",False,0.4615384615384615,0.3864547908306122,False,False
topic-1290,"anthropology and philosophy of religion, relation",relationship between anthropology and religious philosophy,mas_langgraph,Religious Studies,Philosophy of sacred texts,"[""Philosophy of sacred texts"", ""Theology and ethics"", ""Moral theology and philosophical reflection""]",False,0.2857142857142857,0.5311237573623657,False,False
topic-1291,arabic,Arabian,mas_langgraph,Linguistics,Arabian,"[""Arabian"", ""Persian"", ""Semitic""]",True,1.0,1.0000001192092896,True,True
topic-1292,labour and health,occupational health,mas_langgraph,Occupational Health,Health at work,"[""Health at work"", ""Workplace health concerns"", ""Industrial hygiene""]",False,0.36363636363636365,0.731093168258667,False,False
topic-1293,industrial and organisational psychology,work psychology,mas_langgraph,Psychology,Workplace Psychology,"[""Workplace Psychology"", ""Occupational Psychology"", ""Human Factors Psychology""]",False,0.8571428571428572,0.908562958240509,False,False
topic-6581,working hours,working time,mas_langgraph,Psychology,Professional hours,"[""Professional hours"", ""Work schedule"", ""Occupational time"", ""Shift length""]",False,0.2666666666666667,0.6070313453674316,False,False
topic-1296,labour economics,employment economics,mas_langgraph,Economics,Social economics,"[""Social economics"", ""Economic sociology"", ""Human capital economics"", ""Industrial relations""]",False,0.6111111111111112,0.6122039556503296,False,False
topic-2201,labour market,employment market,mas_langgraph,Economics,Employment market,"[""Employment market"", ""Job market"", ""Labour force"", ""Workforce""]",True,1.0,1.0,True,True
topic-6603,labour market policy,employment policy,mas_langgraph,Economics,Labour market intervention,"[""Labour market intervention"", ""Employment regulation"", ""Industrial relations policy"", ""Regulatory framework""]",False,0.32558139534883723,0.5161811709403992,False,False
topic-1298,labour market issues,employment issues,mas_langgraph,Economics/Social Sciences,Labour force difficulties,"[""Labour force difficulties"", ""Job market problems"", ""Employment challenges"", ""Occupational disparities""]",False,0.38095238095238093,0.6200019121170044,False,False
topic-1299,job motivation,work motivation,mas_langgraph,Psychology,Motivational impulse,"[""Motivational impulse"", ""Job fulfillment"", ""External incentive"", ""Professional interest"", ""Intrinsic drive""]",False,0.5714285714285714,0.6352798938751221,False,False
topic-6661,working conditions,employment conditions,mas_langgraph,Industrial Relations,Job environment,"[""Job environment"", ""Workplace atmosphere"", ""Industrial settings""]",False,0.33333333333333337,0.5249468088150024,False,False
topic-1300,work participation,employment participation,mas_langgraph,Economics/Social Sciences,Labor force participation,"[""Labor force participation"", ""Participation in economic activity""]",False,0.6938775510204082,0.7793296575546265,False,False
topic-1301,labour law,employment law,mas_langgraph,Law,Labour standards,"[""Labour standards"", ""Employment legislation"", ""Regulation of employment"", ""Industrial relations law""]",False,0.2666666666666667,0.5018975734710693,False,False
topic-1303,reduction of working hours,workweek reduction,mas_langgraph,Labor Economics,Shortening of working hours,"[""Shortening of working hours"", ""Reduced workday"", ""Condensed work schedule"", ""Time compression""]",False,0.3111111111111111,0.5687674283981323,False,False
topic-1302,industrial/labour relations,employment relations,mas_langgraph,Organizational Studies,Industrial sociology,"[""Industrial sociology"", ""Employee-management relations"", ""Organizational behavior"", ""Human resource management""]",False,0.30000000000000004,0.4867038130760193,False,False
topic-1305,working conditions creation,quality of worklife,mas_langgraph,Industrial Organizational Psychology,Workplace ergonomics design,"[""Workplace ergonomics design"", ""Workplace environment development"", ""Physical workspace configuration"", ""Facility setup creation"", ""Office space planning""]",False,0.30434782608695654,0.3426675796508789,False,False
topic-1306,labour issues,employment issues,mas_langgraph,Sociology,Employment concerns,"[""Employment concerns"", ""Occupational tensions"", ""Organizational conflicts"", ""Class struggles"", ""Social inequalities""]",False,0.7222222222222221,0.839414656162262,False,False
topic-4081,arbitration,dispute arbitration,mas_langgraph,Law,Dispute resolution,"[""Dispute resolution"", ""Negotiation"", ""Settlement"", ""Mediation""]",False,0.7027027027027026,0.7181524038314819,False,False
topic-3937,reasoning,logical argumentation,mas_langgraph,Cognitive Psychology,Inference,"[""Inference"", ""Logical analysis"", ""Critical thinking""]",False,0.2666666666666667,0.5838099718093872,False,False
topic-5627,aristoteles,Aristotle,mas_langgraph,Philosophy,Theophrastus,"[""Theophrastus"", ""Stagirite""]",False,0.2857142857142857,0.35556191205978394,False,False
topic-2517,poverty,destitution,mas_langgraph,Economics/Social Sciences,Destitution,"[""Destitution"", ""Indigence"", ""Impoverishment""]",True,1.0,1.0000001192092896,True,True
topic-2519,asylum seekers,refugees,mas_langgraph,Social Work or Sociology,Refugees,"[""Refugees"", ""Forced migrants"", ""Displaced persons""]",True,1.0,1.0000001192092896,True,True
topic-1309,asset liability management,balance sheet management,mas_langgraph,Finance,Financial risk management,"[""Financial risk management"", ""Asset allocation strategy"", ""Portfolio risk management"", ""Liability hedging"", ""Investment portfolio balancing"", ""Risk and return optimization""]",False,0.653061224489796,0.4165436923503876,False,False
topic-21,attitudes,mindset,mas_langgraph,Psychology,Beliefs,"[""Beliefs"", ""Opinions"", ""Perspectives""]",False,0.2857142857142857,0.44107142090797424,False,False
topic-6701,auditory perception,hearing perception,mas_langgraph,Psychology,Auditory processing,"[""Auditory processing"", ""Sound perception"", ""Perceptual awareness""]",False,0.4864864864864865,0.8198361396789551,False,False
topic-3542,augustine,St. Augustine,mas_langgraph,History,Scholar,"[""Scholar"", ""Biographer"", ""Historian"", ""Researcher"", ""Annalist""]",False,0.21052631578947367,0.35499733686447144,False,False
topic-1313,automatic language analysis,computational linguistics,mas_langgraph,Natural Language Processing,Text analysis,"[""Text analysis"", ""Natural language processing"", ""Sentiment analysis""]",False,0.42105263157894735,0.4271871745586395,False,False
topic-3966,automation,mechanization,mas_langgraph,Computer Science,Artificial intelligence,"[""Artificial intelligence"", ""Machine control"", ""Mechanization""]",False,0.33333333333333337,0.39086487889289856,True,True
topic-1905,autonomy and moral,self-governance and ethics,mas_langgraph,Ethics,Moral agency and autonomy,"[""Moral agency and autonomy"", ""Self-determination and moral"", ""Voluntariness and morality""]",False,0.43999999999999995,0.6077083349227905,False,False
topic-2527,bank - firm relationships,financial partnerships,mas_langgraph,Economics,Financial partnerships,"[""Financial partnerships"", ""Firm associations"", ""Business connections"", ""Corporate alliances"", ""Commercial relationships"", ""Institutional ties"", ""Partnerships"", ""Investment links""]",True,1.0,1.0000001192092896,True,True
topic-5721,banking law,financial law,mas_langgraph,Law,Banking governance,"[""Banking governance"", ""Financial regulation"", ""Monetary legislation"", ""Regulatory framework"", ""Legislative framework""]",False,0.32258064516129037,0.5240826606750488,False,False
topic-1316,banking systems,financial systems,mas_langgraph,Economics/Finance,Cash management systems,"[""Cash management systems"", ""Monetary systems"", ""Financial institutions"", ""Payment frameworks""]",False,0.55,0.6068302392959595,False,False
topic-1318,primary education,elementary education,mas_langgraph,Education,First-level education,"[""First-level education"", ""Basic education""]",False,0.65,0.5544456839561462,False,False
topic-5221,bayesian statistics,Bayesian inference,mas_langgraph,Statistics,Bayesian inference,"[""Bayesian inference"", ""Probabilistic modeling"", ""Conditional probability""]",True,1.0,1.0,True,True
topic-4283,corporate policy and strategy,business strategy,mas_langgraph,Business Administration,Strategic framework,"[""Strategic framework"", ""Management approach"", ""Organizational framework"", ""Business framework""]",False,0.38888888888888884,0.6901602745056152,False,False
topic-1998,business communication and ethics,corporate communication ethics,mas_langgraph,Communication Studies,Interpersonal relations in business,"[""Interpersonal relations in business"", ""Workplace conduct"", ""Corporate social responsibility"", ""Business protocol"", ""Organizational behavior"", ""Professional etiquette"", ""Corporate governance""]",False,0.4,0.4461914896965027,False,False
topic-5551,business modelling,business analytics,mas_langgraph,Management and Organization,Business framework,"[""Business framework"", ""Management structure"", ""Organizational design"", ""Corporate architecture"", ""Operational framework"", ""Strategic planning""]",False,0.5555555555555556,0.4876541793346405,False,False
topic-1320,business economics,managerial economics,mas_langgraph,Economics,Market analysis,"[""Market analysis"", ""Enterprise finance"", ""Business administration"", ""Corporate strategy"", ""Industrial management""]",False,0.4,0.5133317708969116,False,False
topic-1321,business ethics,corporate ethics,mas_langgraph,Economics,Business morals,"[""Business morals"", ""Corporate morality"", ""Market integrity"", ""Commercial virtue"", ""Professional conduct""]",False,0.25806451612903225,0.6879340410232544,False,False
topic-2532,business studies,business administration,mas_langgraph,Economics,Management studies,"[""Management studies"", ""Economic science"", ""Corporate finance"", ""Industrial economics""]",False,0.3414634146341463,0.5300003290176392,False,False
topic-15222,Firm relocation,business relocation,mas_langgraph,Economics,Corporate migration,"[""Corporate migration"", ""Business reorganization"", ""Organizational realignment"", ""Structural adjustment""]",False,0.42105263157894735,0.6451827883720398,False,False
topic-7801,companies,businesses,mas_langgraph,Economics,Corporations,"[""Corporations"", ""Firms"", ""Businesses"", ""Enterprises""]",False,0.2727272727272727,0.7454896569252014,True,True
topic-8685,bounded rationality,limited rationality,mas_langgraph,Economics,Pragmatic rationality,"[""Pragmatic rationality"", ""Limited decision-making"", ""Restricted scope"", ""Cognitive bias"", ""Heuristic approach""]",False,0.7,0.6335318088531494,False,False
topic-5681,information systems management,IT management,mas_langgraph,Information Systems Management belongs to:,Computer Information Technology Management,"[""Computer Information Technology Management"", ""Management of IT Resources and Services"", ""Organizational IT Strategy"", ""IT Governance and Oversight""]",False,0.47272727272727283,0.7332710027694702,False,False
topic-2536,taxes,levies,mas_langgraph,Economics,Tariffs,"[""Tariffs"", ""Fees"", ""Duties"", ""Contributions"", ""Assessments"", ""Excises""]",False,0.3076923076923077,0.3732726573944092,False,False
topic-1327,tax law,fiscal law,mas_langgraph,Law,Legislation,"[""Legislation"", ""Statute"", ""Ordinance"", ""Code""]",False,0.38095238095238093,0.5435700416564941,False,False
topic-1328,investment,investing,mas_langgraph,Finance,Return on investment,"[""Return on investment"", ""Portfolio"", ""Asset allocation"", ""Venture capital"", ""Capitalization""]",False,0.48275862068965514,0.7168512940406799,False,False
topic-11441,investor behaviour,Investor psychology,mas_langgraph,Economics,Investment strategy,"[""Investment strategy"", ""Market participant behavior"", ""Financial decision-making"", ""Capital allocation"", ""Risk-taking behavior"", ""Portfolio choice"", ""Asset management""]",False,0.5263157894736843,0.5983522534370422,False,False
topic-6461,mutual fund,investment fund,mas_langgraph,Finance,Asset management fund,"[""Asset management fund"", ""Portfolio investment trust"", ""Investment portfolio"", ""Financial investment vehicle"", ""Capital pool investment""]",False,0.6111111111111112,0.7970883846282959,False,False
topic-1331,policy evaluation,policy analysis,mas_langgraph,Public Policy Analysis,Evaluation,"[""Evaluation"", ""Analysis"", ""Review"", ""Appraisal"", ""Critique"", ""Examination""]",False,0.24,0.39233940839767456,False,False
topic-4681,mediation,conflict resolution,mas_langgraph,Psychology,Intermediation,"[""Intermediation"", ""Moderating role"", ""Facilitative function""]",False,0.48484848484848486,0.46843189001083374,False,False
topic-9022,assertive outreach,proactive engagement,mas_langgraph,Social Work,Collaborative outreach,"[""Collaborative outreach"", ""Empathic engagement"", ""Informed communication"", ""Client-centered approach""]",False,0.4285714285714286,0.2964739203453064,False,False
topic-2541,berber language,Tamazight,mas_langgraph,Linguistics,Tribal language,"[""Tribal language"", ""Local dialect"", ""Regional vernacular"", ""Patwa language"", ""Tamazight language"", ""Ethnolinguistic variety""]",False,0.33333333333333337,0.22060784697532654,False,False
topic-1997,occupational ethics,professional ethics,mas_langgraph,Ethics,Occupational integrity,"[""Occupational integrity"", ""Professional morality"", ""Workplace values"", ""Corporate conscience"", ""Vocational virtue"", ""Institutional conduct""]",False,0.4390243902439024,0.4982958137989044,False,False
topic-15902,Occupational ethics for ministers,ministerial ethics,mas_langgraph,Theological studies,Ministerial morality,"[""Ministerial morality"", ""Pastoral integrity"", ""Spiritual accountability"", ""Ecclesiastical virtue"", ""Divine stewardship""]",False,0.6842105263157895,0.8596479892730713,False,False
topic-4353,occupational diseases,work-related illnesses,mas_langgraph,Public Health Medicine,Occupational health hazards,"[""Occupational health hazards"", ""Industrial diseases"", ""Health risks associated with work"", ""Workplace health issues"", ""Job-related health problems"", ""Professional sicknesses""]",False,0.29166666666666663,0.4907098114490509,False,False
topic-16804,protected species,endangered species,mas_langgraph,Biology,Threatened species,"[""Threatened species"", ""Endangered species"", ""Listed species""]",False,0.7222222222222221,0.8063585758209229,True,True
topic-2542,decision theory,decision analysis,mas_langgraph,Economics/Statistics,Game theory,"[""Game theory"", ""Statistical inference"", ""Probabilistic modeling"", ""Econometrics""]",False,0.2142857142857143,0.3509179651737213,False,False
topic-2643,decision support systems,decision aid systems,mas_langgraph,Information Systems,Information management systems,"[""Information management systems"", ""Expert systems"", ""Knowledge-based systems"", ""Decision aids"", ""Executive information systems"", ""Business intelligence tools""]",False,0.56,0.5025404691696167,False,False
topic-6807,decision making,decision process,mas_langgraph,Psychology,Rational choice,"[""Rational choice"", ""Thought process"", ""Problem solving"", ""Cognitive judgment""]",False,0.4516129032258065,0.4858524799346924,False,False
topic-1337,information management and technology,information systems management,mas_langgraph,Information Systems Management,Computer information systems management,"[""Computer information systems management"", ""Information technology infrastructure management"", ""Organizational knowledge management"", ""IT service lifecycle management"", ""Data governance and control""]",False,0.8695652173913043,0.9407903552055359,False,False
topic-1338,administrative reform,bureaucratic reform,mas_langgraph,Public Administration,Government restructuring,"[""Government restructuring"", ""Policy overhaul"", ""Governance restructuring"", ""Organizational reorganization"", ""Administrative renewal""]",False,0.32558139534883723,0.6044721603393555,False,False
topic-16164,nan,governance culture,mas_langgraph,Physics,neutron,"[""neutron"", ""ion"", ""proton"", ""atom"", ""electron""]",False,0.4,0.008731283247470856,False,False
topic-1340,management of non-profit organisations,non-profit management,mas_langgraph,Organizational Management,Governance,"[""Administration"", ""Governance"", ""Overseeing"", ""Stewardship"", ""Direction""]",False,0.33333333333333337,0.35512179136276245,False,False
topic-1341,public administration,administrative organisation,mas_langgraph,Public Administration,Government Management,"[""Government Management"", ""Administrative Governance"", ""Public Policy"", ""Executive Management""]",False,0.33333333333333337,0.617343008518219,False,False
topic-3792,administrative procedural law,administrative litigation,mas_langgraph,Law,Procedural governance,"[""Procedural governance"", ""Statutory regulation"", ""Legislative oversight"", ""Regulatory framework""]",False,0.30434782608695654,0.3854205310344696,False,False
topic-8942,consciousness,awareness,mas_langgraph,Psychology,Awareness,"[""Awareness"", ""Perception"", ""Self-awareness"", ""Sentience""]",True,1.0,1.0,True,True
topic-2278,bible (studies),biblical studies,mas_langgraph,Theology,Scripture,"[""Scripture"", ""Sacred books"", ""Canon""]",False,0.31999999999999995,0.6866710782051086,False,False
topic-2332,bible as literature,scriptural literature,mas_langgraph,Literary Studies,Scriptural narrative,"[""Religious scripture"", ""Sacred text"", ""Scriptural narrative"", ""Holy book""]",False,0.7317073170731707,0.7704472541809082,False,False
topic-16882,Bible and culture,scriptural influence on culture,mas_langgraph,Religious Studies,Sacred scripture,"[""Sacred scripture"", ""Sacred writings"", ""Scriptural tradition"", ""Holy book"", ""Divine revelation""]",False,0.42553191489361697,0.22233203053474426,False,False
topic-2330,bible translations,scripture translations,mas_langgraph,Biblical Studies,Sacred texts translations,"[""Sacred texts translations"", ""Divine scriptures"", ""Canonical versions"", ""Scriptural renderings""]",False,0.7659574468085107,0.7207692861557007,False,False
topic-1344,bible studies; exegesis,Bible interpretation,mas_langgraph,Theology/Religious Studies,Theological discourse,"[""Holy scripture explication"", ""Theological discourse"", ""Sacred text interpretation"", ""Scriptural analysis""]",False,0.29268292682926833,0.5826154351234436,False,False
topic-1346,bible studies; new testament,New Testament studies,mas_langgraph,Biblical Studies,Old Testament examination,"[""Old Testament examination"", ""Canonical scripture investigation"", ""Apostolic writings review"", ""Sacred text interpretation"", ""Scriptural analysis""]",False,0.5652173913043479,0.7297983169555664,False,False
topic-1348,biodiversity,natural diversity,mas_langgraph,Ecology,Faunal diversity,"[""Faunal diversity"", ""Ecological variety"", ""Genetic diversity"", ""Species richness"", ""Ecosystem complexity""]",False,0.8484848484848484,0.7825663089752197,False,False
topic-12123,"Blanchot, Maurice (1907-2003)",literary philosopher,mas_langgraph,Philosophy,French Philosopher,"[""French Philosopher"", ""Phenomenologist"", ""Existentialist"", ""Poststructuralist Thinker""]",False,0.6842105263157895,0.7086275219917297,False,False
topic-1351,urban planning and building law,city planning regulations,mas_langgraph,Law,Urban governance,"[""Urban governance"", ""Building codes and ordinances"", ""Zoning regulations"", ""Municipal law enforcement"", ""Land use legislation""]",False,0.29268292682926833,0.6007499694824219,False,False
topic-1352,brabant,Brabant region,mas_langgraph,History,Duchy,"[""Duchy"", ""Province"", ""Region"", ""County""]",False,0.0,0.34861597418785095,False,False
topic-1402,Letter of James,Epistle of James,mas_langgraph,Biblical Studies,Epistle of James,"[""Epistle of James""]",True,1.0,1.0,True,True
topic-1356,law of civil procedure,civil litigation law,mas_langgraph,Law,Court procedure,"[""Court procedure"", ""Legal process"", ""Procedural guidelines"", ""Judicial code""]",False,0.17142857142857137,0.5489853024482727,False,False
topic-1357,civil law,non-criminal law,mas_langgraph,Law,Common law,"[""Common law"", ""Equitable law"", ""Statutory law"", ""Regulatory law""]",False,0.56,0.5536744594573975,False,False
topic-17103,Citizens Participation,public involvement,mas_langgraph,Sociology,Public Involvement,"[""Public Involvement"", ""Participatory Action"", ""Active Citizenship"", ""Engaged Community"", ""Community Engagement""]",True,1.0,1.0,True,True
topic-13521,citizenship,nationality,mas_langgraph,Politics/Social Science,Nationhood,"[""Constitutional status"", ""Nationhood"", ""Franchise""]",False,0.5714285714285714,0.4611721634864807,False,False
topic-9901,burnout,exhaustion,mas_langgraph,Psychology,Emotional exhaustion,"[""Emotional exhaustion"", ""Mental depletion"", ""Exhaustion syndrome"", ""Professional strain"", ""Work-related stress""]",False,0.6666666666666667,0.8272128701210022,False,False
topic-15463,Business Process Management,process optimization,mas_langgraph,Operations Research,Process Re-engineering,"[""Process Re-engineering"", ""Management of Operations"", ""Logistical Management"", ""Operational Excellence"", ""Continuous Improvement""]",False,0.5365853658536586,0.5467616319656372,False,False
topic-9783,business transactions,commercial dealings,mas_langgraph,Economics,Dealings in commerce,"[""Dealings in commerce"", ""Commercial dealings"", ""Financial exchanges"", ""Trade agreements"", ""Commercial negotiations""]",False,0.41025641025641024,0.7392566204071045,True,True
topic-2564,collective labour agreements,union contracts,mas_langgraph,Industrial Relations,Workplace agreements,"[""Workplace agreements"", ""Collective bargaining frameworks"", ""Employer-union accords"", ""Trade union contracts"", ""Union-negotiated pacts"", ""Industry-wide contracts""]",False,0.34285714285714286,0.633788526058197,False,False
topic-2570,central banks,monetary authority,mas_langgraph,Economics,Central monetary bodies,"[""Central monetary bodies"", ""Monetary authorities""]",False,0.5365853658536586,0.5667803883552551,False,False
topic-6302,China,People's Republic of China,mas_langgraph,Geography,Asian country,"[""Asian country"", ""East Asia""]",False,0.26315789473684215,0.6390199065208435,False,False
topic-12461,surgery,surgical procedure,mas_langgraph,Medicine,Operation,"[""Incision"", ""Procedure"", ""Amputation"", ""Operation""]",False,0.2222222222222222,0.48331764340400696,False,False
topic-11383,Christian creed,Christian statement of belief,mas_langgraph,Religion Studies,Sacred doctrine,"[""Sacred doctrine"", ""Theological affirmation"", ""Faith statement"", ""Belief system"", ""Core tenets"", ""Dogmatic declaration""]",False,0.31818181818181823,0.46877947449684143,False,False
topic-4242,christian philosophy,Christian worldview,mas_langgraph,Theology,Moral theology,"[""Moral theology"", ""Divine theology""]",False,0.303030303030303,0.5539612174034119,False,False
topic-2304,christian liturgy,Christian worship,mas_langgraph,Religion Studies,Liturgical ceremony,"[""Liturgical ceremony"", ""Worship service"", ""Sacred rite"", ""Sacramental ritual"", ""Eucharistic celebration"", ""Divine office""]",False,0.33333333333333337,0.4924496114253998,False,False
topic-16544,Christianity and Culture,Christian cultural studies,mas_langgraph,Religious Studies,Religion and Culture,"[""Religion and Culture"", ""Sacred Traditions"", ""Moral Heritage""]",False,0.5652173913043479,0.6325875520706177,False,False
topic-181,chronic heart failure,persistent heart failure,mas_langgraph,Medicine,Persistent heart failure,"[""Persistent heart failure"", ""Advanced decompensated heart failure"", ""Cardiac insufficiency""]",True,1.0,1.0,True,True
topic-17142,chronic diseases,long-term illnesses,mas_langgraph,Medicine,Permanent health problems,"[""Permanent health problems"", ""Persistent illnesses"", ""Long-term health conditions"", ""Protracted medical conditions""]",False,0.37209302325581395,0.5404037237167358,False,False
topic-2577,civil society,civic community,mas_langgraph,Sociology,Civic association,"[""Civic association"", ""Voluntary sector"", ""Community group"", ""Non-profit organization"", ""Public interest group""]",False,0.5625,0.7012742757797241,False,False
topic-2582,cognition,mental processes,mas_langgraph,Psychology,Perception,"[""Perception"", ""Awareness"", ""Reasoning"", ""Thought""]",False,0.3076923076923077,0.5001217126846313,False,False
topic-4240,cognitive linguistics,language cognition,mas_langgraph,Linguistics,Cognitive semantics,"[""Cognitive semantics"", ""Psycholinguistic theory"", ""Conceptual semantics""]",False,0.4324324324324324,0.6813302040100098,False,False
topic-1936,cognitive neuropsychology,neurocognitive psychology,mas_langgraph,Neuropsychology,Neurocognitive psychology,"[""Neurocognitive psychology"", ""Cognitive neuroscience"", ""Psychophysiology""]",True,1.0,1.000000238418579,True,True
topic-6681,cognitive processes,mental processes,mas_langgraph,Psychology,Learning,"[""Perception"", ""Learning"", ""Memory"", ""Attention"", ""Thought""]",False,0.25,0.37565600872039795,False,False
topic-2584,cognitive science,cognitive studies,mas_langgraph,Cognitive psychology,Computational psychology,"[""Computational psychology"", ""Neuropsychology"", ""Brain and behavioral studies""]",False,0.29268292682926833,0.4869440197944641,False,False
topic-8941,coma,unconscious state,mas_langgraph,Neurology,Vegetative state,"[""Vegetative state"", ""Unresponsiveness"", ""Stupor""]",False,0.4242424242424242,0.4440383315086365,False,False
topic-13041,work-family confict,work-life conflict,mas_langgraph,Sociology,Family-career clash,"[""Family-career clash"", ""Professional-family interface challenge"", ""Work-life balance issue"", ""Parental-responsibility strain"", ""Conflict between professional and personal responsibilities""]",False,0.2857142857142857,0.3835580050945282,False,False
topic-2585,combinatorics,combinatorial mathematics,mas_langgraph,Mathematics,Combinatorial analysis,"[""Combinatorial analysis"", ""Algebraic combinatorics"", ""Counting theory"", ""Discrete mathematics""]",False,0.7659574468085107,0.8316577076911926,False,False
topic-1361,communication,information exchange,mas_langgraph,Psychology,Social interaction,"[""Verbal transmission"", ""Social interaction"", ""Conversational dialogue""]",False,0.42105263157894735,0.4443018138408661,False,False
topic-1364,communication skills,interpersonal skills,mas_langgraph,Psychology,Conversational competence,"[""Conversational competence"", ""Social interaction abilities"", ""Interpersonal effectiveness"", ""Emotional intelligence""]",False,0.4,0.603141188621521,False,False
topic-10421,communitarianism,Community-based philosophy,mas_langgraph,Politics/Philosophy,Mutualism,"[""Mutualism"", ""Socialism"", ""Collectivism"", ""Solidarism""]",False,0.3529411764705882,0.401108980178833,False,False
topic-16003,Competence development,Capability development,mas_langgraph,Psychology,Skill acquisition,"[""Skill acquisition"", ""Professional growth"", ""Personal effectiveness"", ""Capacity building""]",False,0.3076923076923077,0.43532875180244446,False,False
topic-2591,competition,rivalry,mas_langgraph,Economics,Monopolistic rivalry,"[""Monopolistic rivalry"", ""Negotiation"", ""Bidding"", ""Supply and demand"", ""Price war""]",False,0.5185185185185186,0.686561107635498,False,False
topic-11944,computational semantics,machine semantics,mas_langgraph,Computer Science,Formal semantics,"[""Formal semantics"", ""Semantic networks"", ""Knowledge representation"", ""Natural language processing"", ""Artificial intelligence"", ""Information theory""]",False,0.7272727272727273,0.8039067983627319,False,False
topic-1368,computer crime,cybercrime,mas_langgraph,Computer Science,Computer felony,"[""Computer felony"", ""Information theft"", ""Cybercrime"", ""System hacking""]",False,0.31999999999999995,0.5006386041641235,True,True
topic-5801,computer linguistics,computational linguistics,mas_langgraph,Computer Science,Computational linguistics,"[""Computational linguistics"", ""Language technology"", ""Natural language processing""]",True,1.0,1.0000001192092896,True,True
topic-2596,computer models,computational models,mas_langgraph,Computer Science,Computational frameworks,"[""Computational frameworks"", ""Algorithmic representations"", ""Simulations"", ""Mathematical simulations"", ""Numerical solutions""]",False,0.7727272727272727,0.6719065308570862,False,False
topic-2598,computer simulation,computational modeling,mas_langgraph,Computer Science,Simulation,"[""Simulation"", ""Computational modeling"", ""Modeling""]",False,0.4375,0.5673332810401917,True,True
topic-1372,computer systems,computing systems,mas_langgraph,Computer Science,Information processing systems,"[""Information processing systems"", ""Digital information systems"", ""Electronic data processing systems"", ""Software infrastructure"", ""Automated data handling systems""]",False,0.5957446808510638,0.7054160237312317,False,False
topic-2110,conflicts,disputes,mas_langgraph,Conflict Resolution,Disagreements,"[""Disagreements"", ""Disputes"", ""Tensions"", ""Rifts"", ""Frictions"", ""Divergences""]",False,0.4761904761904761,0.7721923589706421,True,True
topic-1376,constitutional law,fundamental law,mas_langgraph,Law,Jurisprudence,"[""Jurisprudence"", ""Administrative law"", ""Statutory law""]",False,0.2857142857142857,0.4093652069568634,False,False
topic-1377,constitutional law history,history of constitutional law,mas_langgraph,Law,Historical jurisprudence analysis,"[""Historical jurisprudence analysis"", ""Judicial precedent development"", ""Institutional law scholarship"", ""Statutory interpretation history"", ""Juridical tradition research""]",False,0.3870967741935484,0.676025927066803,False,False
topic-3790,constitutional issues,constitutional challenges,mas_langgraph,Law,Legislative concerns,"[""Legislative concerns"", ""Judicial controversies"", ""Regulatory problems"", ""Legal challenges"", ""Statutory controversies""]",False,0.4,0.5144580602645874,False,False
topic-1378,consumer behaviour,buying behavior,mas_langgraph,Psychology,Consumer action,"[""Consumer action"", ""Buying behaviour"", ""Behavioural choice"", ""Purchase decision-making""]",False,0.33333333333333337,0.5828717947006226,False,False
topic-2617,cooperative information systems,collaborative information systems,mas_langgraph,Information Systems,Mutual support information systems,"[""Mutual support information systems"", ""Collaborative data management systems"", ""Interconnected information networks"", ""Joint knowledge sharing platforms"", ""Shared resource computing environments"", ""Collective intelligence networks""]",False,0.7164179104477613,0.582222580909729,False,False
topic-2626,cooperative game theory,collaborative game theory,mas_langgraph,Economics,Game-theoretic cooperation,"[""Game-theoretic cooperation"", ""Mutualistic game analysis"", ""Reciprocal altruism framework"", ""Collaborative choice modeling""]",False,0.36,0.7051467895507812,False,False
topic-9921,coping,stress management,mas_langgraph,Psychology,Dealing,"[""Dealing"", ""Adjusting"", ""Managing"", ""Compensating"", ""Adapting""]",False,0.33333333333333337,0.2828010320663452,False,False
topic-1383,corporate governance,corporate management,mas_langgraph,Business and Finance,Shareholder stewardship,"[""Shareholder stewardship"", ""Board of directors oversight"", ""Financial oversight committee"", ""Management structure"", ""Organizational accountability""]",False,0.2790697674418605,0.5579984188079834,False,False
topic-1384,criminology,criminal science,mas_langgraph,Sociology,Social Science of Crime,"[""Social Science of Crime"", ""Forensic Sociology"", ""Criminal Justice Field"", ""Justice Studies""]",False,0.6153846153846154,0.7179660797119141,False,False
topic-1934,cross-cultural research,intercultural research,mas_langgraph,Anthropology,Comparative cultural studies,"[""Comparative cultural studies"", ""Intercultural exploration"", ""Cultural comparison"", ""Ethnographic inquiry""]",False,0.52,0.5905216336250305,False,False
topic-1386,cross-cultural psychology,intercultural psychology,mas_langgraph,Psychology,Cultural psychology,"[""Cultural psychology"", ""Intercultural psychology"", ""Multicultural psychology""]",False,0.8837209302325582,0.8242008686065674,True,True
topic-8882,cultural heritage,cultural legacy,mas_langgraph,Anthropology,Heritage,"[""Heritage"", ""Tradition"", ""Legacy"", ""Inheritance"", ""Patrimony""]",False,0.26086956521739135,0.6339731216430664,False,False
topic-15542,Economics of art and culture,cultural economics,mas_langgraph,Cultural Studies,Cultural economy,"[""Cultural economy"", ""Arts management"", ""Heritage economics"", ""Creative industries study""]",False,0.8823529411764706,0.876235842704773,False,False
topic-2631,cultural diversity,cultural variety,mas_langgraph,Anthropology,Multiculturalism,"[""Multiculturalism"", ""Ethnic variation"", ""Cultural pluralism"", ""Cultural syncretism"", ""Societal heterogeneity""]",False,0.5625,0.6038772463798523,False,False
topic-3466,culture,cultural practices,mas_langgraph,Anthropology,Society,"[""Society"", ""Heritage"", ""Community"", ""Norms"", ""Values""]",False,0.24,0.3916243314743042,False,False
topic-1390,culture and internationalisation,global culture,mas_langgraph,Education/International Studies,Globalisation,"[""Globalisation"", ""Cultural diversity"", ""Multiculturalism""]",False,0.5185185185185186,0.7221485376358032,False,False
topic-1389,culture in brabant,Brabant heritage,mas_langgraph,Anthropology,Heritage,"[""Heritage"", ""Society"", ""Norms"", ""Tradition"", ""Community""]",False,0.6666666666666667,0.6294393539428711,False,False
topic-1950,cultural and country differences,cross-cultural differences,mas_langgraph,Anthropology,Cultural disparities,"[""Cultural disparities"", ""Regional differences"", ""Geographical variations"", ""Global variations""]",False,0.6222222222222222,0.6164003610610962,False,False
topic-8881,cultural and social history,social and cultural history,mas_langgraph,History,Social studies,"[""Social studies"", ""Cultural anthropology"", ""Historical context"", ""Ethnographic analysis"", ""Sociological inquiry"", ""Humanities research""]",False,0.5365853658536586,0.6893264651298523,False,False
topic-1561,Art education,arts instruction,mas_langgraph,Education,Art instruction,"[""Art instruction"", ""Aesthetic education"", ""Fine arts teaching""]",False,0.967741935483871,0.9191128015518188,False,False
topic-1388,philosophy of culture,cultural philosophy,mas_langgraph,Philosophy,Aesthetics of Culture,"[""Aesthetics of Culture"", ""Anthropology of Culture"", ""Social Philosophy"", ""Cultural Studies"", ""Critical Theory""]",False,0.30000000000000004,0.6491211652755737,False,False
topic-1392,cultural psychology,cross-cultural psychology,mas_langgraph,Psychology,Social psychology,"[""Social psychology"", ""Humanistic psychology"", ""Interpersonal psychology""]",False,0.7317073170731707,0.555563747882843,False,False
topic-1393,cultural sociology,sociology of culture,mas_langgraph,Sociology,Cultural anthropology,"[""Cultural anthropology"", ""Social theory"", ""Institutional analysis""]",False,0.29268292682926833,0.7035602331161499,False,False
topic-1928,cultureral differences,cultural diversity,mas_langgraph,Anthropology,Cross-cultural comparisons,"[""Cross-cultural comparisons"", ""Cultural relativism"", ""Sociocultural nuances"", ""Ethnographic variations"", ""Social diversity""]",False,0.5116279069767442,0.6112121343612671,False,False
topic-2636,data mining,data analysis,mas_langgraph,Computer Science,Machine Learning,"[""Machine Learning"", ""Knowledge Discovery"", ""Data Analysis"", ""Predictive Analytics""]",False,0.3448275862068966,0.5544885993003845,True,True
topic-2637,data warehouse,data repository,mas_langgraph,Information Systems Management,Business Intelligence Repository,"[""Business Intelligence Repository"", ""Corporate Data Reservoir"", ""Enterprise Information Store"", ""Repository of Organized Data""]",False,0.5106382978723405,0.6669219136238098,False,False
topic-1395,databases,data repositories,mas_langgraph,Information Systems,Catalog,"[""Catalog"", ""Collection"", ""Repository"", ""Archive""]",False,0.33333333333333337,0.37875285744667053,False,False
topic-1397,decentralization,devolution,mas_langgraph,Information Systems Management,Decentralized governance,"[""Decentralized governance"", ""Distributed management"", ""Self-managed systems"", ""Autonomous operation"", ""Dispersed control""]",False,0.3529411764705882,0.37835150957107544,False,False
topic-5637,deconstruction,critical analysis,mas_langgraph,Literary Theory,Dismantling,"[""Dismantling"", ""Dissection"", ""Unpacking"", ""Critique"", ""Textual Analysis""]",False,0.3571428571428571,0.1816611886024475,False,False
topic-2327,dementia,cognitive decline,mas_langgraph,Neurology,Alzheimer's disease,"[""Alzheimer's disease"", ""Senile dementia"", ""Cognitive decline"", ""Amnestic syndrome""]",False,0.34285714285714286,0.5013800859451294,True,True
topic-1398,democracy,popular government,mas_langgraph,Politics,Government by the people,"[""Government by the people"", ""Republic"", ""Liberty"", ""Pluralism""]",False,0.4761904761904761,0.7377577424049377,False,False
topic-1399,demography,population studies,mas_langgraph,Demography is a field of sociology.,Demographic analysis,"[""Demographic analysis"", ""Population studies"", ""Social statistics"", ""Human geography"", ""Life course research""]",False,0.368421052631579,0.7290608286857605,True,True
topic-7761,depression,melancholy,mas_langgraph,Psychiatry,Mood disorder,"[""Mood disorder"", ""Melancholy"", ""Low mood"", ""Sorrowfulness"", ""Dysphoria""]",False,0.17391304347826086,0.5854887366294861,True,True
topic-1949,depression during pregnancy,prenatal depression,mas_langgraph,Psychiatry,Prenatal depression,"[""Prenatal depression"", ""Mood disorder in pregnancy"", ""Perinatal sadness""]",True,1.0,1.0,True,True
topic-1400,third world,developing countries,mas_langgraph,Economics,Less developed country,"[""Less developed country"", ""Underdeveloped economy"", ""Developing economy""]",False,0.6666666666666667,0.723426878452301,False,False
topic-2645,derivatives,financial instruments,mas_langgraph,Mathematics,Polynomial expansions,"[""Polynomial expansions"", ""Algebraic expressions"", ""Rational functions"", ""Functional forms""]",False,0.4285714285714286,0.059986796230077744,False,False
topic-4327,Derrida,Jacques Derrida,mas_langgraph,Philosophy,Deconstructionist,"[""Jacques Derrida"", ""Deconstructionist"", ""Poststructuralist""]",False,0.25,0.3479849100112915,True,True
topic-17143,Diabetic disease,blood sugar disorder,mas_langgraph,Medicine,Diabetes mellitus,"[""Diabetes mellitus"", ""Hyperglycemia"", ""Glycemic disorder""]",False,0.2702702702702703,0.6905409097671509,False,False
topic-1403,dialect and society,Regional language and society,mas_langgraph,Sociolinguistics,Community of speakers,"[""Social linguistic group"", ""Community of speakers"", ""Language variety"", ""Social language pattern""]",False,0.24,0.4152311682701111,False,False
topic-16823,Didache and James's letter,early Christian texts,mas_langgraph,Religious Studies,Letter of James,"[""Letter of James"", ""Epistle of James""]",False,0.33333333333333337,0.23757345974445343,False,False
topic-4742,Didache and Matthew's gospel,Didache and the Gospel of Matthew,mas_langgraph,Biblical Studies,Christian scripture,"[""Matthew's gospel"", ""Christian scripture"", ""Didactic text"", ""Scriptural tradition""]",False,0.34615384615384615,0.43432140350341797,False,False
topic-4741,didache and early judaism,early Christian teachings and Judaism,mas_langgraph,Religious Studies,Gnosticism,"[""Gnosticism"", ""Soteriology""]",False,0.2978723404255319,0.34232187271118164,False,False
topic-16822,"Didache, Matthew's gospel and James's letter",early Christian texts,mas_langgraph,Biblical Studies,Old Testament,"[""Old Testament"", ""Jewish Christian writings"", ""Testament of Moses"", ""Apocrypha"", ""Pseudepigrapha""]",False,0.4117647058823529,0.649858295917511,False,False
topic-2652,services marketing,service promotion,mas_langgraph,Marketing,Customer service management,"[""Customer service management"", ""Consumer relations"", ""Market support"", ""Brand management""]",False,0.4545454545454546,0.6052882671356201,False,False
topic-6202,service industry,service sector,mas_langgraph,Economics,Service sector economy,"[""Service sector economy"", ""Business services sector"", ""Hospitality sector"", ""Trade and commerce""]",False,0.7777777777777779,0.9003987312316895,False,False
topic-4309,digital library,electronic library,mas_langgraph,Information Technology,Digital archive,"[""Digital archive"", ""Digital repository"", ""Electronic repository"", ""Virtual repository""]",False,0.24242424242424243,0.4997156262397766,False,False
topic-1404,digital culture,cyber culture,mas_langgraph,Communication Studies,Virtual culture,"[""Virtual culture"", ""Information culture"", ""Media culture"", ""Cyberculture"", ""Networked culture"", ""Technoculture""]",False,0.6428571428571428,0.6535533666610718,False,False
topic-1405,discrete mathematics,combinatorial mathematics,mas_langgraph,Mathematics,Discrete algebra,"[""Discrete algebra"", ""Combinatorial mathematics"", ""Graph theory""]",False,0.29268292682926833,0.4704975187778473,True,True
topic-5461,diversity in organisations,organizational inclusivity,mas_langgraph,Organizational Behavior,Heterogeneity,"[""Multiculturalism"", ""Heterogeneity"", ""Inclusiveness"", ""Pluralism"", ""Variety"", ""Cultural richness""]",False,0.3076923076923077,0.3134966790676117,False,False
topic-7961,diversity management,inclusion management,mas_langgraph,Organizational Behavior,Diversity and inclusion initiatives,"[""Diversity and inclusion initiatives"", ""Organizational inclusivity policies"", ""Cultural competence development"", ""Inclusivity planning""]",False,0.47272727272727283,0.6285282373428345,False,False
topic-2662,dividend policy,profit distribution strategy,mas_langgraph,Finance,Distribution policy,"[""Dividend yield framework"", ""Distribution policy"", ""Investment return strategy"", ""Shareholder remuneration approach"", ""Cash flow allocation method"", ""Capital distribution plan"", ""Payout strategy""]",False,0.5957446808510638,0.622355580329895,False,False
topic-1407,document retrieval,document search,mas_langgraph,Information Technology,Information retrieval system,"[""Information retrieval system"", ""Query-based search"", ""Content indexing"", ""Search engine functionality"", ""Indexing and querying""]",False,0.32558139534883723,0.5598968267440796,False,False
topic-11385,dogma,doctrine,mas_langgraph,Biology,Scientific dogmatism,"[""Scientific dogmatism"", ""Orthodox belief"", ""Preconceived notion""]",False,0.2857142857142857,0.13207300007343292,False,False
topic-1408,dogmatic theology,doctrinal theology,mas_langgraph,Theology,Rigid theology,"[""Dogmatic theology"", ""Rigid theology"", ""Orthodox doctrine""]",False,0.6875,0.6547303199768066,False,False
topic-2318,fallacies and unfair methods of discussion,logical fallacies,mas_langgraph,Logic,Debative fallacies,"[""Debative fallacies"", ""Fallacious reasoning"", ""Unsound argumentation"", ""Flawed logic"", ""Ad hominem attacks""]",False,0.6285714285714286,0.7850121855735779,False,False
topic-5126,drugs addiction,substance dependence,mas_langgraph,Medicine,Addictive disorder,"[""Addictive disorder"", ""Substance abuse"", ""Substance dependence"", ""Dependence on substances"", ""Chemical dependency""]",False,0.368421052631579,0.6072426438331604,True,True
topic-1409,german,Teutonic,mas_langgraph,Linguistics,Low German,"[""Low German"", ""Hochdeutsch"", ""Plattdeutsch"", ""Alemannic""]",False,0.2222222222222222,0.2505163848400116,False,False
topic-1411,sustainable tourism,eco-friendly tourism,mas_langgraph,Environmentally friendly travel,Environmental tourism,"[""Environmental tourism"", ""Eco-travel"", ""Green travel"", ""Low-impact travel""]",False,0.65,0.7643031477928162,False,False
topic-3382,sustainable development,green development,mas_langgraph,Environment,Environmental stewardship,"[""Eco-friendly growth"", ""Environmental stewardship"", ""Green progress"", ""Carbon-neutral development"", ""Ecological balance""]",False,0.38095238095238093,0.4499143660068512,False,False
topic-2667,dynamic game theory,evolving game theory,mas_langgraph,Economics,Game-theoretic analysis,"[""Game-theoretic analysis"", ""Microeconomic game studies"", ""Strategic interaction modeling"", ""Rational choice methodology""]",False,0.4761904761904761,0.654823899269104,False,False
topic-2669,e-business,online business,mas_langgraph,Information Systems,E-commerce,"[""E-commerce"", ""Online business"", ""Business-to-business (B2B) e-commerce"", ""Digital commerce"", ""Virtual enterprise""]",False,0.25,0.5611718893051147,True,True
topic-2670,e-commerce,online retail,mas_langgraph,Business Administration,E-business,"[""E-business"", ""Online retailing"", ""Digital trading""]",False,0.2727272727272727,0.4498400092124939,False,False
topic-1413,econometrics,economic modeling,mas_langgraph,Economics,Statistical inference in economic research,"[""Statistical inference in economic research"", ""Quantitative analysis of economic phenomena"", ""Applied statistical analysis of economic data"", ""Economic modeling using statistical techniques"", ""Data-driven decision making in economics""]",False,0.33898305084745756,0.6454968452453613,False,False
topic-1414,economics,economic science,mas_langgraph,Economics,Finance,"[""Finance"", ""Commerce"", ""Industry"", ""Business"", ""Trade""]",False,0.34782608695652173,0.5984439849853516,False,False
topic-12881,economics of regulation,regulatory economics,mas_langgraph,Regulatory Economics,Regulatory Framework,"[""Regulatory Framework"", ""Economic Governance"", ""Administrative Law""]",False,0.65,0.7178120613098145,False,False
topic-5101,economics of innovation,innovation economics,mas_langgraph,Innovation Economics,Innovation policy,"[""Innovation policy"", ""Economic development through innovation"", ""Innovation management"", ""Entrepreneurial economics"", ""Technological entrepreneurship"", ""Innovative enterprise"", ""R&D economics"", ""Industrial dynamics""]",False,0.7567567567567568,0.8206785917282104,False,False
topic-1282,general economics,economic theory,mas_langgraph,Economics,Macroeconomics,"[""Microeconomics"", ""Financial economics"", ""Macroeconomics""]",False,0.5517241379310345,0.6461608409881592,False,False
topic-3464,history of economic thought,economic history,mas_langgraph,Economics,History of Economic Philosophy,"[""History of Economic Philosophy"", ""Schools of Economic Thought"", ""Evolution of Economic Doctrine"", ""Development of Economic Theory"", ""Philosophy of Economics"", ""Theory of Political Economy""]",False,0.6086956521739131,0.7411965727806091,False,False
topic-1416,economic geography,spatial economics,mas_langgraph,Geography,Geographical economics,"[""Geographical economics"", ""Urban economic geography"", ""Regional economics"", ""Spatial economy"", ""Territorial studies""]",False,0.717948717948718,0.8745907545089722,False,False
topic-2689,economic growth,economic development,mas_langgraph,Economics,Growth,"[""Growth"", ""Increase"", ""Development"", ""Improvement""]",False,0.15384615384615385,0.477411687374115,False,False
topic-1418,psychology of economic behaviour,behavioral economics,mas_langgraph,Economics,Economic psychology,"[""Economic psychology"", ""Human economic behavior"", ""Psychosocial economics"", ""Behavioral economics""]",False,0.4615384615384615,0.7784368395805359,False,True
topic-6221,economic situation,economic condition,mas_langgraph,Economics,Economic state,"[""Economic state"", ""Economic climate"", ""Financial condition"", ""Financial status""]",False,0.625,0.6638643741607666,False,False
topic-2056,EEG,brainwave recording,mas_langgraph,Neuroscience,Electroencephalogram,"[""Electroencephalogram"", ""Electrical Brain Activity"", ""Cerebral Electrophysiology"", ""Encephalographic Recordings"", ""Neural Oscillations""]",False,0.3076923076923077,0.5947904586791992,False,False
topic-4032,securities law,financial regulation,mas_langgraph,Law,Investment laws,"[""Investment laws"", ""Capital market regulations"", ""Financial legislation""]",False,0.34285714285714286,0.5492386221885681,False,False
topic-2311,property rights,ownership rights,mas_langgraph,Law,Possessory rights,"[""Possessory rights"", ""Inheritance rights"", ""Ownership interests"", ""Legal entitlements"", ""Tenure rights""]",False,0.6060606060606061,0.7075169086456299,False,False
topic-7721,electroencephalogram,brain wave test,mas_langgraph,Neurophysiology,Encephalogram,"[""Encephalogram"", ""Electrophysiological tracing"", ""Cerebral function monitoring""]",False,0.1428571428571429,0.4992451071739197,False,False
topic-1938,electrophysiology,bioelectricity,mas_langgraph,Physiology,Neurophysiology,"[""Neurophysiology"", ""Electroencephalography"", ""Electropharmacology"", ""Bioelectricity""]",False,0.27586206896551724,0.35005927085876465,False,True
topic-2100,electromyography,muscle electrical recording,mas_langgraph,Physiology,Electrical muscle activity measurement,"[""Electrical muscle activity measurement"", ""Muscle electrical impedance testing"", ""Motor nerve stimulation analysis"", ""Myoelectric signal detection""]",False,0.4615384615384615,0.7633214592933655,False,False
topic-15464,Electronic Business,e-commerce,mas_langgraph,Information Systems Management,E-commerce,"[""E-commerce"", ""Digital Commerce"", ""Virtual Enterprise""]",True,1.0,1.0000001192092896,True,True
topic-2701,electronic commerce,online shopping,mas_langgraph,Computer Science,E-commerce,"[""E-commerce"", ""Cyber commerce"", ""Digital trade"", ""Networked transactions""]",False,0.16666666666666663,0.6039049625396729,False,False
topic-7722,EMG,electromyogram,mas_langgraph,Electromyography,Electrical signals from muscles,"[""Electrical signals from muscles"", ""Voluntary muscle activity recording"", ""Myoelectric monitoring"", ""Muscle potential measurement""]",False,0.4,0.47456642985343933,False,False
topic-1929,emotions,feelings,mas_langgraph,Psychology,Feelings,"[""Feelings"", ""Affect"", ""Mood""]",True,1.0,0.9999998807907104,True,True
topic-2067,emotions and health,emotional well-being,mas_langgraph,Psychology,Psychological feelings and physical health,"[""Psychological feelings and physical health"", ""Affective experiences and physiological balance"", ""Feelings and psychological vitality"", ""Mental states and well-being"", ""Subjective experiences and physical equilibrium""]",False,0.3278688524590164,0.6176272034645081,False,False
topic-2064,emotional exhaustion,burnout,mas_langgraph,Psychology,Burnout,"[""Mental Burnout"", ""Psychological Strain"", ""Burnout""]",True,1.0,1.0,True,True
topic-2705,empirical finance,Experimental finance,mas_langgraph,Finance,Quantitative finance,"[""Quantitative finance"", ""Financial modeling""]",False,0.55,0.5935746431350708,False,False
topic-1426,empirical macroeconomics,data-driven macroeconomics,mas_langgraph,Economics,Applied econometrics,"[""Applied econometrics"", ""Quantitative economics""]",False,0.5777777777777777,0.4624425768852234,False,False
topic-1042,Empirical legal studies,Empirical jurisprudence,mas_langgraph,Law,Empirical jurisprudence,"[""Empirical jurisprudence"", ""Research-based legal scholarship"", ""Evidence-based legal practice"", ""Applied jurisprudence""]",True,1.0,1.0,True,True
topic-5321,jurisprudence,legal theory,mas_langgraph,Law,Legal theory,"[""Legal theory"", ""Legal scholarship"", ""Ius commune""]",True,1.0,0.9999999403953552,True,True
topic-2712,energy economics,energy markets,mas_langgraph,Economics,Resource allocation,"[""Economic planning"", ""Economic management"", ""Resource allocation"", ""Economic governance"", ""Financial resource utilization"", ""Fiscal resource management""]",False,0.303030303030303,0.34999337792396545,False,False
topic-2711,energy sources,power sources,mas_langgraph,Engineering,Fuel sources,"[""Fuel sources"", ""Energy supplies"", ""Renewable fuels"", ""Energy carriers""]",False,0.72,0.6150264739990234,False,False
topic-1429,energy problems,energy challenges,mas_langgraph,Engineering,Energy challenges,"[""Energy challenges"", ""Power issues"", ""Capacity shortages""]",True,1.0,1.0,True,True
topic-1430,english,the English language,mas_langgraph,Linguistics,Anglo,"[""Anglo"", ""Germanic"", ""Saxon"", ""Norman""]",False,0.24,0.5405811071395874,False,False
topic-3666,epidemilogy,disease study,mas_langgraph,Epidemiology,Disease outbreak investigation,"[""Disease outbreak investigation"", ""Health statistics analysis"", ""Public health monitoring"", ""Global health security"", ""Biostatistics""]",False,0.4651162790697675,0.5938506126403809,False,False
topic-10401,epilepsy,seizure disorder,mas_langgraph,Neurology,Seizure disorder,"[""Seizure disorder"", ""Status epilepticus"", ""Convulsive illness""]",True,1.0,1.0,True,True
topic-1431,law of succession,inheritance law,mas_langgraph,Botany,Succession,"[""Succession"", ""Ecological succession""]",False,0.24,0.46010494232177734,False,False
topic-2167,aesthetics,philosophy of beauty,mas_langgraph,Philosophy of Art,Beauty,"[""Beauty"", ""Style"", ""Harmony"", ""Composition"", ""Form""]",False,0.4615384615384615,0.7181557416915894,False,False
topic-1432,ethics,moral philosophy,mas_langgraph,Philosophy,Morality,"[""Morality"", ""Moral philosophy"", ""Conscience"", ""Justice"", ""Virtue"", ""Decency""]",False,0.5833333333333333,0.7548866271972656,True,True
topic-7103,ethnic groups,cultural communities,mas_langgraph,Anthropology,Ethnical classifications,"[""Ethnical classifications"", ""Nationalities"", ""Cultural communities""]",False,0.40909090909090906,0.46937987208366394,True,True
topic-7102,ethnic minority groups,minority communities,mas_langgraph,Anthropology/Social Sciences,National minority groups,"[""National minority groups"", ""Cultural minorities"", ""Minority communities"", ""Indigenous peoples"", ""Marginalized communities""]",False,0.5454545454545454,0.7320007681846619,True,True
topic-1435,ethnic minority groups and culture,minority cultures,mas_langgraph,Anthropology,Minority cultures,"[""Minority cultures"", ""Culturally distinct groups"", ""Cultural diversity"", ""Racialized communities"", ""Diverse groups"", ""Socio-cultural variations"", ""Ethnographic communities""]",True,1.0,1.0,True,True
topic-13901,Ethnographic research,ethnographics,mas_langgraph,Anthropology,Cultural study,"[""Cultural study"", ""Qualitative inquiry"", ""Cultural immersion"", ""Community investigation"", ""Social description"", ""Participant observation""]",False,0.2962962962962963,0.5578904151916504,False,False
topic-5968,European Public Procurement Law,EU procurement regulations,mas_langgraph,Law,Public Procurement Legislation in Europe,"[""Public Procurement Legislation in Europe"", ""Procurement Law of the European Community"", ""European Union Public Procurement Regulations"", ""Regulatory Framework for European Procurement"", ""Public Contract Law in Europe"", ""Public Procurement Ordinance"", ""Community Procurement Code""]",False,0.6666666666666667,0.8293085098266602,False,False
topic-1438,european tax law,EU tax regulations,mas_langgraph,Law,European Union legislation,"[""European Union legislation"", ""Eurolegal framework"", ""Community law""]",False,0.5454545454545454,0.6641464233398438,False,False
topic-10221,European Administrative Law,EU administrative law,mas_langgraph,Law,European Union Law,"[""European Union Law"", ""Public Law"", ""State Law""]",False,0.4615384615384615,0.7795532941818237,False,False
topic-1440,european environmental law,EU environmental regulations,mas_langgraph,Environmental Law,European Union environmental legislation,"[""European Union environmental legislation"", ""Regional European environmental standards"", ""Pan-European environmental framework""]",False,0.7352941176470589,0.8820561766624451,False,False
topic-1061,European Private Law,EU private law,mas_langgraph,Law,Private legal order,"[""Private legal order"", ""Municipal law"", ""Civil law"", ""Legal code"", ""Juridical system""]",False,0.6060606060606061,0.5871491432189941,False,False
topic-1441,european law,EU legislation,mas_langgraph,Law,EU law,"[""EU law"", ""European Union law"", ""Community law""]",False,0.5,0.8320001363754272,False,False
topic-1443,european social security law,European welfare law,mas_langgraph,Law,Social welfare legislation,"[""Social welfare legislation"", ""Social insurance regulation"", ""Public benefit provision law"", ""Welfare state legislation"", ""Labor market protection law""]",False,0.5652173913043479,0.6824002265930176,False,False
topic-5561,european convention on human rights,European Human Rights Charter,mas_langgraph,Law,Human Rights Convention,"[""Human Rights Convention"", ""European Charter of Fundamental Rights"", ""ECHR""]",False,0.5769230769230769,0.6574035882949829,False,False
topic-6384,european monetary union,eurozone,mas_langgraph,Economics,European Economic and Monetary Union,"[""European Economic and Monetary Union"", ""European Monetary System"", ""Single European Currency"", ""European Currency Area"", ""Eurozone""]",False,0.31818181818181823,0.5247753262519836,False,True
topic-6764,european politics,EU politics,mas_langgraph,Politics,,[],False,0.0,0.0,False,False
topic-8825,euthanasia,mercy killing,mas_langgraph,Bioethics,Assisted dying,"[""Assisted dying"", ""Death with dignity"", ""Terminal sedation""]",False,0.3703703703703704,0.5088063478469849,False,False
topic-2329,gospels,good news,mas_langgraph,Biblical Studies,Canonical texts,"[""Canonical texts"", ""Scriptural accounts""]",False,0.33333333333333337,0.059156667441129684,False,False
topic-2727,evolution,development,mas_langgraph,Biology,Adaptation,"[""Adaptation"", ""Mutation"", ""Development"", ""Variation"", ""Diversification"", ""Transformation"", ""Change""]",False,0.2857142857142857,0.39983081817626953,True,True
topic-11181,evs,European Values Study,mas_langgraph,academic taxonomy,Hierarchy,"[""Ranking"", ""Hierarchy"", ""Taxonomy"", ""Grouping"", ""Nomenclature"", ""Categorization""]",False,0.2666666666666667,0.1291545033454895,False,False
topic-1448,exegesis,interpretation,mas_langgraph,Biblical Studies,Elucidation,"[""Elucidation"", ""Exposition"", ""Interpretation"", ""Commentary"", ""Exploration"", ""Analysis""]",False,0.48,0.21656176447868347,True,True
topic-1449,experimental economics,behavioral economics,mas_langgraph,Economics,Neoclassical Experimental Economics,"[""Neoclassical Experimental Economics"", ""Behavioral Economics"", ""Applied Microeconomics"", ""Game Theory""]",False,0.5818181818181818,0.6716984510421753,True,True
topic-1450,expert systems,knowledge systems,mas_langgraph,Computer Science,Artificial intelligence systems,"[""Artificial intelligence systems"", ""Knowledge-based systems"", ""Automated reasoning systems"", ""Intelligent systems"", ""Rule-based systems"", ""Decision support systems""]",False,0.5,0.650848388671875,False,False
topic-1452,external reporting,external disclosure,mas_langgraph,Accounting,Compliance reporting,"[""Compliance reporting"", ""Public accounting disclosure"", ""Financial disclosure"", ""Disclosure on financial performance""]",False,0.2564102564102564,0.3929978609085083,False,False
topic-2735,extreme value theory,extreme value analysis,mas_langgraph,Statistics,Tail probability,"[""Tail probability"", ""Quantile estimation""]",False,0.368421052631579,0.17639894783496857,False,False
topic-1453,family law,domestic relations law,mas_langgraph,Law,Jurisprudence,"[""Jurisprudence"", ""Statute"", ""Ordinance"", ""Regulation"", ""Code""]",False,0.22857142857142854,0.5135182738304138,False,False
topic-1456,feminism,women's liberation,mas_langgraph,Sociology,Feminist theory,"[""Feminist theory"", ""Women's liberation movement"", ""Gender justice advocacy"", ""Sexual equality advocacy""]",False,0.375,0.5970805287361145,False,False
topic-1892,feminist theology,gender theology,mas_langgraph,Theology and Feminism,Religious feminism,"[""Liberation theology from a feminist perspective"", ""Religious feminism"", ""Gender justice theology"", ""Women's liberation theology"", ""Feminist spirituality""]",False,0.24242424242424243,0.7189538478851318,False,False
topic-7941,film en literature,cinematic literature,mas_langgraph,Literary Studies,Cinema in literature,"[""Cinema in literature"", ""Dramatization""]",False,0.9,0.8214210867881775,False,False
topic-1458,film studies,cinema studies,mas_langgraph,Film Studies,Cinema analysis,"[""Cinema analysis"", ""Film theory"", ""Motion picture studies"", ""Visual narrative analysis""]",False,0.6896551724137931,0.7771674990653992,False,False
topic-1459,philosophy,wisdom,mas_langgraph,Philosophy,Epistemology,"[""Epistemology"", ""Ethics"", ""Logic"", ""Rhetoric"", ""Metaphysics""]",False,0.33333333333333337,0.3041225075721741,False,False
topic-2025,philosophic and christian philosophy of life,Christian worldview philosophy,mas_langgraph,Philosophy,Existential theology,"[""Existential theology"", ""Moral theology"", ""Theological anthropology""]",False,0.43999999999999995,0.48344874382019043,False,False
topic-2113,philosophy of cognitive psychology,cognitive psychology theory,mas_langgraph,Cognitive Psychology,Psychology of Mind,"[""Psychology of Mind"", ""Theory of Mental Processes"", ""Analysis of Cognitive Functions"", ""Investigation of Perception and Cognition"", ""Research into Mental Faculties"", ""Examination of Human Mental Life"", ""Study of Conscious Thought"", ""Science of Mental Operations""]",False,0.5333333333333333,0.662397563457489,False,False
topic-1460,philosophy of economy,economic philosophy,mas_langgraph,Economics,Economic science,"[""Economic science"", ""Systematic economics"", ""Resource allocation theory""]",False,0.5714285714285714,0.6904867887496948,False,False
topic-1462,philosophy of mind,mental philosophy,mas_langgraph,Philosophy,Metaphysics of mind,"[""Metaphysics of mind"", ""Mind studies"", ""Cognitive science"", ""Neurophilosophy""]",False,0.5,0.646456241607666,False,False
topic-2019,philosophy of ~the state,political theory,mas_langgraph,Politics,Statecraft philosophy,"[""Statecraft philosophy"", ""Governmental thought"", ""Political theory"", ""Social contract theory""]",False,0.3783783783783784,0.34948188066482544,True,True
topic-5602,philosophical psychology,philosophy of psychology,mas_langgraph,Psychology,Cognitive philosophy,"[""Cognitive philosophy"", ""Intellectual psychology"", ""Existential psychology""]",False,0.4545454545454546,0.6665594577789307,False,False
topic-16502,Financial reporting,financial statements,mas_langgraph,Accounting,Financial statement presentation,"[""Accounting compliance reporting"", ""Financial statement presentation"", ""Auditing and financial disclosure"", ""Financial disclosure obligations"", ""Business accounting standards""]",False,0.7692307692307692,0.8225058317184448,False,False
topic-2744,financial intermediation,financial brokerage,mas_langgraph,Economics,Brokerage,"[""Brokerage"", ""Mediation"", ""Facilitation"", ""Middleman services""]",False,0.6428571428571428,0.8386372923851013,False,False
topic-2747,financial management,fiscal management,mas_langgraph,Business Administration,Financial planning,"[""Financial planning"", ""Asset management"", ""Budgeting"", ""Resource allocation""]",False,0.5142857142857142,0.5381975173950195,False,False
topic-2753,financial analysis,financial evaluation,mas_langgraph,Finance,Financial assessment,"[""Financial assessment"", ""Portfolio analysis"", ""Investment appraisal"", ""Economic evaluation"", ""Risk assessment""]",False,0.6,0.8365074992179871,False,False
topic-2755,financial crisis,economic meltdown,mas_langgraph,Economics,Economic recession,"[""Economic recession"", ""Economic downturn"", ""Market downturn""]",False,0.6857142857142857,0.6263425350189209,False,False
topic-2756,financial econometrics,quantitative finance,mas_langgraph,Economics,Econometric analysis,"[""Econometric analysis"", ""Financial market research"", ""Statistical modeling of economic phenomena""]",False,0.30000000000000004,0.39183810353279114,False,False
topic-5548,"financial economics, models",financial modeling,mas_langgraph,Economics,Economic theory,"[""Economic theory"", ""Monetary economics"", ""Econometrics""]",False,0.24242424242424243,0.5351066589355469,False,False
topic-1467,financial markets,capital markets,mas_langgraph,Economics,Capital markets,"[""Capital markets"", ""Monetary markets"", ""Financial systems""]",True,1.0,1.0000001192092896,True,True
topic-2565,capital structure,financial composition,mas_langgraph,Finance,Capital composition,"[""Capital composition"", ""Corporate capitalization"", ""Equity mix""]",False,0.8,0.5818663835525513,False,False
topic-2762,financial mathematics,quantitative finance,mas_langgraph,Mathematics,Mathematical economics,"[""Mathematical economics"", ""Quantitative finance"", ""Actuarial science""]",False,0.38095238095238093,0.6310670375823975,True,True
topic-1469,finance,financial management,mas_langgraph,Economics,Banking,"[""Banking"", ""Economy"", ""Monetary"", ""Wealth"", ""Capital""]",False,0.3703703703703704,0.610053539276123,False,False
topic-1471,corporate finance; international finance,business finance; global finance,mas_langgraph,Finance,Financial management,"[""Financial management"", ""Commercial banking"", ""Portfolio management"", ""Risk assessment""]",False,0.4705882352941176,0.6174412965774536,False,False
topic-2764,fiscal policy,budgetary policy,mas_langgraph,Economics,Fiscal management,"[""Fiscal management"", ""Government spending"", ""Monetary policy"", ""Budgetary decision"", ""Public finance""]",False,0.18181818181818177,0.6854206323623657,False,False
topic-1474,fiscal economics,public finance,mas_langgraph,Economics,Taxation and spending,"[""Taxation and spending"", ""Government budgeting"", ""Public finance theory"", ""State economic management""]",False,0.2857142857142857,0.4876493811607361,False,False
topic-9661,flexicurity,flexible security,mas_langgraph,Economics,Combination of flexibility and security,"[""Combination of flexibility and security"", ""Job security guarantee"", ""Social security hybrid"", ""Employment insurance system""]",False,0.5714285714285714,0.840092122554779,False,False
topic-1480,phonology,sound system study,mas_langgraph,Linguistics,Auditory phonetics,"[""Auditory phonetics"", ""Syllable structure"", ""Phonetic transcription"", ""Sound system""]",False,0.2777777777777778,0.5228682160377502,False,False
topic-581,forensic psychology,criminal psychology,mas_langgraph,Psychology,Forensic behavioral science,"[""Forensic behavioral science"", ""Applied psychology of crime"", ""Behavioral criminology"", ""Psychological jurisprudence"", ""Criminal profiling""]",False,0.34782608695652173,0.7089492678642273,False,False
topic-2103,fundamental research,basic research,mas_langgraph,Research Methods,Investigative research,"[""Investigative research"", ""Methodological exploration"", ""Basic investigation"", ""Original investigation""]",False,0.6111111111111112,0.5497764348983765,False,False
topic-3000,mergers and acquisitions,corporate consolidation,mas_langgraph,Business Administration,Acquisitions and Mergers,"[""Acquisitions and Mergers"", ""Strategic Consolidations"", ""Business Integrations"", ""Business Combinations""]",False,0.34042553191489366,0.5898919105529785,False,False
topic-1486,"mergers, acquisitions and protection",corporate consolidation,mas_langgraph,Economics,Mergesandacquisitions,"[""Mergesandacquisitions"", ""Businesscombinations"", ""Takesovers""]",False,0.40909090909090906,0.4054303765296936,False,False
topic-7704,physiology,biological functions,mas_langgraph,Biology,Anatomy,"[""Anatomy"", ""Biological science"", ""Biochemistry""]",False,0.2962962962962963,0.34591466188430786,False,False
topic-2143,birth,childbirth,mas_langgraph,Demography,Parturition,"[""Parturition""]",False,0.19047619047619047,0.37108951807022095,False,False
topic-16943,commemoration,remembrance,mas_langgraph,History,Remembrance,"[""Remembrance"", ""Observance"", ""Reverence"", ""Veneration""]",True,1.0,0.9999999403953552,True,True
topic-1488,behaviour,conduct,mas_langgraph,Psychology,Comportment,"[""Activity"", ""Action"", ""Conduct"", ""Manner"", ""Reaction"", ""Response"", ""Comportment""]",False,0.4444444444444444,0.49223238229751587,True,True
topic-2213,behaviour influence,behavior modification,mas_langgraph,Psychology,Social persuasion,"[""Social persuasion"", ""Emotional sway"", ""Action effect"", ""Cognitive impact"", ""Motivational drive""]",False,0.3157894736842105,0.37124431133270264,False,False
topic-11301,behavioral economics,Behavioral finance,mas_langgraph,Economics,Behavioral finance,"[""Behavioral finance"", ""Experimental economics"", ""Neuroeconomics""]",True,1.0,1.0,True,True
topic-7741,mental health,psychological well-being,mas_langgraph,Psychology,Psychological health,"[""Psychological health"", ""Mental wellness"", ""Emotional well-being""]",False,0.7441860465116279,0.7590354084968567,False,False
topic-3705,infant mental health,baby mental health,mas_langgraph,Psychology,Neonatal mental health care,"[""Neonatal mental health care"", ""Neonatal behavioral assessment"", ""Childhood emotional well-being""]",False,0.6666666666666667,0.8130279183387756,False,False
topic-1489,mental health care,psychological care,mas_langgraph,Psychiatry,Mental health services,"[""Mental health services"", ""Psychiatric treatment"", ""Psychiatric counseling"", ""Psychosocial therapy"", ""Cognitive behavioral intervention""]",False,0.30000000000000004,0.6935341358184814,False,False
topic-1897,spiritual counseling,spiritual guidance,mas_langgraph,Psychology,Psycho-spiritual support,"[""Psycho-spiritual support"", ""Spiritual direction"", ""Therapeutic guidance"", ""Emotional guidance""]",False,0.5365853658536586,0.44315898418426514,False,False
topic-11663,spiritual counseling / pastoral work / soul care,spiritual guidance,mas_langgraph,Theology/Religious Studies,Faith-based counseling,"[""Faith-based counseling"", ""Spiritual direction"", ""Inner healing work""]",False,0.3589743589743589,0.5777982473373413,False,False
topic-5687,data banks,data repositories,mas_langgraph,Information Systems,Database,"[""Database"", ""Collection"", ""Archive"", ""Repository"", ""Depot""]",False,0.48,0.5178929567337036,False,False
topic-1490,memory,recollection,mas_langgraph,Psychology,Recall,"[""Recall"", ""Retention"", ""Cognition""]",False,0.5555555555555556,0.5315307378768921,False,False
topic-2099,facial expressions,facial cues,mas_langgraph,Psychology,Emotions displayed on the face,"[""Emotions displayed on the face"", ""Facial reactions""]",False,0.24390243902439024,0.5682831406593323,False,False
topic-8141,literacy,reading and writing skills,mas_langgraph,Education/Communication,Academic,"[""Academic""]",False,0.23529411764705888,0.33178871870040894,False,False
topic-7282,"gender studies, theology",feminist theology,mas_langgraph,Gender Studies,Feminist Theology,"[""Feminist Theology"", ""LGBTQ Theology"", ""Queer Theology"", ""Religious Studies of Sexuality"", ""Sexology""]",True,1.0,1.0,True,True
topic-1495,history,historical study,mas_langgraph,History,Past,"[""Past"", ""Antiquity"", ""Heritage"", ""Narrative"", ""Record"", ""Chronicle""]",False,0.30000000000000004,0.4031538963317871,False,False
topic-10325,history Persian period,Achaemenid history,mas_langgraph,History,Old Persian period,"[""Old Persian period"", ""Ancient period"", ""Medieval era"", ""Achaemenid Empire"", ""Parthian Empire"", ""Sasanian dynasty"", ""Pre-Islamic age""]",False,0.2777777777777778,0.4073966145515442,False,False
topic-1862,history of reformation,Reformation history,mas_langgraph,Religious Studies,Reformation era,"[""Reformation era"", ""Church reform movement""]",False,0.7647058823529411,0.9340112209320068,False,False
topic-16542,History of Christianity,Christian history,mas_langgraph,Religious Studies,Christian antiquity,"[""Christian antiquity"", ""Study of Christian origins"", ""Early Christian studies"", ""Theology of Christianity"", ""Biblical studies"", ""Christian tradition"", ""Patristics""]",False,0.7222222222222221,0.790905237197876,False,False
topic-1569,history of church and theology,ecclesiastical history,mas_langgraph,Theology,Scripture,"[""Scripture"", ""Sacramental"", ""Doctrinal"", ""Heritage"", ""Dogma"", ""Tradition""]",False,0.32258064516129037,0.4286036491394043,False,False
topic-9981,dispute resolution,conflict resolution,mas_langgraph,Law,Dispute management,"[""Dispute management"", ""Negotiation"", ""Arbitration"", ""Mediation"", ""Settlement"", ""Conciliation""]",False,0.2702702702702703,0.5825226306915283,False,False
topic-13722,Communication Skills,interpersonal skills,mas_langgraph,Psychology,Conversational Competence,"[""Conversational Competence"", ""Social Interaction Abilities"", ""Interpersonal Effectiveness"", ""Relational Ability""]",False,0.4,0.603141188621521,False,False
topic-1497,violence,aggression,mas_langgraph,Psychology,Aggression,"[""Aggression"", ""Abuse"", ""Hostility""]",True,1.0,1.0,True,True
topic-7222,families,households,mas_langgraph,Biology,Families,"[""Families"", ""Clades"", ""Phyla"", ""Taxa""]",False,0.2222222222222222,0.6500288248062134,False,False
topic-7221,sociology of the family,family sociology,mas_langgraph,Sociology,Social Structure of the Family,"[""Social Structure of the Family"", ""Household Sociology"", ""Family Dynamics"", ""Kinship and Family Systems"", ""Family Studies"", ""Marriage and Family Research"", ""Intergenerational Relationships""]",False,0.34782608695652173,0.7158183455467224,False,False
topic-6741,health,well-being,mas_langgraph,Medicine,Wellness,"[""Wellness"", ""Illness"", ""Sickness"", ""Ailment"", ""Malady"", ""Condition""]",False,0.5882352941176471,0.561880886554718,False,False
topic-1500,health law,medical law,mas_langgraph,Law,Healthcare legislation,"[""Healthcare legislation"", ""Public health policy"", ""Medical jurisprudence"", ""Biomedical regulation""]",False,0.36363636363636365,0.6522655487060547,False,False
topic-2787,health care,medical services,mas_langgraph,Medicine,Health service,"[""Health service"", ""Clinical care"", ""Physician services"", ""Medical treatment"", ""Medical assistance""]",False,0.7333333333333334,0.8524441123008728,False,False
topic-7001,health care economics,health economics,mas_langgraph,Economics of Medicine,Medicine economics,"[""Medicine economics"", ""Biomedical economics"", ""Healthcare cost management"", ""Pharmaceutical policy""]",False,0.6470588235294117,0.841731607913971,False,False
topic-7202,health care management,health services management,mas_langgraph,Healthcare Administration,Healthcare management,"[""Healthcare management"", ""Health services management"", ""Healthcare administration"", ""Patient care coordination"", ""Clinical governance""]",False,0.8085106382978724,0.8420474529266357,True,True
topic-7201,health care organisation,health services management,mas_langgraph,Healthcare,Health service provider,"[""Health service provider"", ""Medical centre"", ""Hospital system"", ""Medical facility""]",False,0.653061224489796,0.7387352585792542,False,False
topic-1502,health care strategy and management,health care administration,mas_langgraph,Healthcare Management,Healthcare planning,"[""Health service management"", ""Healthcare planning"", ""Healthcare operations"", ""Patient care coordination"", ""Healthcare quality improvement"", ""Medical administration""]",False,0.6666666666666667,0.6088818311691284,False,False
topic-9024,health care policy,health policy,mas_langgraph,Health Policy,Healthcare administration policy,"[""Healthcare administration policy"", ""Health service regulation"", ""Healthcare reform"", ""Public health governance"", ""Medicinal law""]",False,0.5777777777777777,0.759204626083374,False,False
topic-2792,globalisation,international integration,mas_langgraph,Economics,Internationalization,"[""Internationalization"", ""Transnational commerce"", ""Multinational trade""]",False,0.8444444444444444,0.6827711462974548,False,False
topic-11664,images of god en men,theological representations,mas_langgraph,academic taxonomy,,[],False,0.0,0.0,False,False
topic-2083,images of god,conceptions of God,mas_langgraph,Religious Studies,,[],False,0.0,0.0,False,False
topic-1504,religion,faith,mas_langgraph,Religion Studies,Faith,"[""Belief"", ""Faith"", ""Theology""]",True,1.0,1.0,True,True
topic-1506,psychology of religion and pastoral psychology,religious psychology,mas_langgraph,Psychology,Theology and psychology,"[""Theology and psychology"", ""Pastoral counseling"", ""Religious studies"", ""Spiritual care""]",False,0.6511627906976745,0.8189002275466919,False,False
topic-1507,religion and pastoral sociology,religious sociology,mas_langgraph,Sociology of Religion,Religious studies,"[""Religious studies"", ""Theology"", ""Philosophy of religion"", ""Spirituality""]",False,0.6666666666666667,0.7322874069213867,False,False
topic-1505,religions; phenomenology,religious studies,mas_langgraph,Anthropology,Spiritualities,"[""Spiritualities"", ""Theologies"", ""Faiths"", ""Worldviews""]",False,0.4516129032258065,0.5310070514678955,False,False
topic-4251,philosophy of religion,religious philosophy,mas_langgraph,Religious Studies,Mystical theology,"[""Mystical theology"", ""Religious thought"", ""Divinity studies"", ""Theodology""]",False,0.32432432432432434,0.6409398913383484,False,False
topic-1508,pedagogy of religion,religious education theory,mas_langgraph,Religious Studies,Prayer and worship pedagogy,"[""Prayer and worship pedagogy"", ""Religious education approach"", ""Theology of worship"", ""Spiritual discipline framework"", ""Faith formation theory""]",False,0.37735849056603776,0.5504544973373413,False,False
topic-1894,"divinity, contemporary themes of",modern theological themes,mas_langgraph,Theology,Spirituality,"[""Spirituality"", ""Sacredness"", ""Religion"", ""Transcendence""]",False,0.2702702702702703,0.38807418942451477,False,False
topic-2046,gods call,divine vocation,mas_langgraph,academic taxonomy,Deities,"[""Deities"", ""Divine entities"", ""Supreme beings""]",False,0.36363636363636365,0.45432791113853455,False,False
topic-2794,gambling,betting,mas_langgraph,Psychology,Wagering,"[""Vigorous betting"", ""Wagering"", ""Poker face"", ""Risk-taking behavior"", ""Chance play""]",False,0.5333333333333333,0.6522954702377319,False,False
topic-1978,gambling addiction,compulsive gambling,mas_langgraph,Psychiatry,Gambling dependence,"[""Gambling dependence"", ""Compulsive wagering disorder"", ""Pathological risk-seeking behavior""]",False,0.42105263157894735,0.8081036806106567,False,False
topic-2091,gregorian,plainchant,mas_langgraph,History,Papal,"[""Papal"", ""Catholic"", ""Christian""]",False,0.4,0.1425303965806961,False,False
topic-1510,greek,Koine Greek,mas_langgraph,Classics,Hellenic,"[""Hellenic"", ""Antiquity"", ""Classical""]",False,0.21052631578947367,0.5928953886032104,False,False
topic-1511,growth theories,development theories,mas_langgraph,Psychology,Psychological theories,"[""Psychological theories"", ""Personality development theories""]",False,0.5238095238095238,0.6042909622192383,False,False
topic-2295,group dynamics,team dynamics,mas_langgraph,Organizational Behavior,Group cohesion,"[""Group cohesion"", ""Teamwork"", ""Collegiality""]",False,0.2222222222222222,0.44524863362312317,False,False
topic-2800,group support systems,collaborative systems,mas_langgraph,Organizational Behavior,Social support structures,"[""Social support structures"", ""Colleague resource groups"", ""Employee assistance teams"", ""Teamwork networks"", ""Workplace buddy systems""]",False,0.43478260869565216,0.31482142210006714,False,False
topic-2146,group processes,group dynamics,mas_langgraph,Psychology,Group interactions,"[""Group interactions"", ""Social processes"", ""Social interactions"", ""Cognitive mechanisms""]",False,0.625,0.758842945098877,False,False
topic-3789,fundamental rights,basic rights,mas_langgraph,Law,Human rights,"[""Human rights"", ""Basic liberties"", ""Personal freedoms"", ""Civil liberties""]",False,0.6666666666666667,0.6764124631881714,False,False
topic-2315,foundations of mathematics,mathematical foundations,mas_langgraph,Mathematics,Logical foundations of mathematics,"[""Logical foundations of mathematics"", ""Mathematical structure"", ""Mathematical axioms""]",False,0.5517241379310345,0.7812778949737549,False,False
topic-2079,fundamentals of psychology,basics of psychology,mas_langgraph,Psychology,Core aspects of psychology,"[""Core aspects of psychology"", ""Principles of psychology"", ""Psychological basics"", ""Basic principles of mental processes""]",False,0.782608695652174,0.7517148852348328,False,False
topic-2000,foundations of developments in european law,principles of European legal development,mas_langgraph,Law,fundamental principles of law,"[""fundamental principles of law"", ""core concepts in law"", ""pioneering ideas in jurisprudence"", ""roots of jurisprudence"", ""origins of legal thought""]",False,0.46376811594202894,0.5639293789863586,False,False
topic-2187,habermas,critical theorist,mas_langgraph,Philosophy,Communicative Action,"[""Communicative Action"", ""Critical Theory"", ""Discourse Ethics""]",False,0.3783783783783784,0.1871153861284256,False,False
topic-3375,trade policy,commercial policy,mas_langgraph,Economics,Tariff regulation,"[""Tariff regulation"", ""Trade agreement"", ""Protectionist measures""]",False,0.2941176470588235,0.48650437593460083,False,False
topic-1514,commercial law,business law,mas_langgraph,Law,Commercial regulation,"[""Commercial regulation"", ""Mercantile law"", ""Trade law""]",False,0.24242424242424243,0.5053714513778687,False,False
topic-2160,heart and vascular diseases,cardiovascular diseases,mas_langgraph,Medicine,Cardiovascular disorders,"[""Cardiovascular disorders"", ""Arterial diseases"", ""Coronary artery disease"", ""Cardiac conditions"", ""Atherosclerotic diseases"", ""Cardiomyopathy""]",False,0.851063829787234,0.925509512424469,False,False
topic-1516,hebrew,ancient Hebrew,mas_langgraph,Linguistics,Biblical Hebrew,"[""Biblical Hebrew"", ""Semitic""]",False,0.5517241379310345,0.8210361003875732,False,False
topic-4237,hebrew bible,Tanakh,mas_langgraph,Biblical Studies,Hebrew Scriptures,"[""Hebrew Scriptures"", ""Old Testament"", ""Tanakh"", ""Torah"", ""Pentateuch""]",False,0.08695652173913049,0.6503115892410278,True,True
topic-12281,attachment,bonding,mas_langgraph,Psychology,Cohesion,"[""Cohesion"", ""Involvement"", ""Affinity"", ""Connection"", ""Bonding"", ""Ties""]",False,0.4,0.48158642649650574,False,True
topic-1517,contemporary philosophy; history of,modern philosophy; historical development,mas_langgraph,Philosophy,Modern philosophy,"[""Modern philosophy"", ""Recent philosophy"", ""Present-day philosophy"", ""Contemporary thought"", ""Present-day thought"", ""Recent thought""]",False,0.5964912280701755,0.7894785404205322,False,False
topic-15002,hedge funds,investment funds,mas_langgraph,Finance,Alternative investment funds,"[""Alternative investment funds"", ""Risk-managed investment funds"", ""Portfolio management companies"", ""Investment vehicles"", ""Private equity firms"", ""High-net-worth investment pools""]",False,0.7272727272727273,0.8585169315338135,False,False
topic-2184,hegel,Hegelian philosophy,mas_langgraph,Philosophy,Dialectic,"[""Dialectic"", ""Idealism"", ""Speculative philosophy"", ""Absolute idealism"", ""Systematic thought""]",False,0.2142857142857143,0.329489529132843,False,False
topic-2045,Heidegger,existential philosopher,mas_langgraph,Philosophy,Martin Heidegger,"[""Martin Heidegger"", ""German Philosopher"", ""Post-Kantian Philosopher"", ""Phenomenological Theorist""]",False,0.3589743589743589,0.2426089644432068,False,False
topic-4252,hermeneutics,interpretive theory,mas_langgraph,Philosophy of Language,Exegesis,"[""Exegesis"", ""Philological Inquiry"", ""Interpretation"", ""Textual Criticism"", ""Semiotics"", ""Critical Discourse Analysis"", ""Linguistic Analysis""]",False,0.2222222222222222,0.25695860385894775,False,False
topic-2326,cerebral/brain haemorrhage,brain bleed,mas_langgraph,Neurology,Intracranial hemorrhage,"[""Brainstem hemorrhage"", ""Intracranial hemorrhage"", ""Hemorrhagic stroke""]",False,0.3529411764705882,0.6271699070930481,False,False
topic-7703,brain,cerebrum,mas_langgraph,Neuroscience,Cerebral cortex,"[""Cerebral cortex"", ""Cerebellum"", ""Cerebral hemispheres"", ""Encephalon"", ""Neocortex"", ""Cerebrum""]",False,0.5217391304347826,0.26561740040779114,False,False
topic-2052,brain and behaviour,neurobehavioral science,mas_langgraph,Psychology,Cerebral function,"[""Neurological activity"", ""Cerebral function"", ""Mental state"", ""Mental process"", ""Psychological response""]",False,0.5,0.39809608459472656,False,False
topic-8944,brain damage,brain injury,mas_langgraph,Neurology,Central nervous system damage,"[""Central nervous system damage"", ""Cerebral injury"", ""Traumatic brain injury"", ""Neuropathic harm"", ""Encephalopathy""]",False,0.29268292682926833,0.6187135577201843,False,False
topic-15523,recovery (in long term psychiatry),rehabilitation,mas_langgraph,Psychiatry,Rehabilitation,"[""Rehabilitation"", ""Remission"", ""Renewal"", ""Redress""]",True,1.0,1.0,True,True
topic-5044,scalp cooling,head cooling,mas_langgraph,Medicine,Cooling cap therapy,"[""Cooling cap therapy"", ""Low temperature therapy"", ""Temperature regulation technique"", ""Cold cap treatment""]",False,0.4516129032258065,0.6509206891059875,False,False
topic-5630,horkheimer,Frankfurt School theorist,mas_langgraph,Philosophy,Adorno,"[""Korsch"", ""Adorno"", ""Marcuse""]",False,0.19354838709677424,0.2554370164871216,False,False
topic-7421,household economics,family economics,mas_langgraph,Economics,Household budgeting,"[""Household budgeting"", ""Family finance"", ""Personal finance""]",False,0.22857142857142854,0.5384154319763184,False,False
topic-1519,assistance,support services,mas_langgraph,Psychology,Aid,"[""Aid"", ""Help"", ""Support""]",False,0.10526315789473684,0.46835383772850037,False,False
topic-9122,human resource development,talent development,mas_langgraph,Organizational Behavior,Employee Growth and Development,"[""Employee Growth and Development"", ""Organizational Capacity Building"", ""Professional Development Framework"", ""Human Capital Investment""]",False,0.6122448979591837,0.4628051519393921,False,False
topic-2264,human resource management,personnel management,mas_langgraph,Organizational Behavior,Human capital management,"[""Human capital management"", ""Staff management"", ""Personnel administration"", ""Employee relations""]",False,0.5909090909090908,0.5315577387809753,False,False
topic-1898,humanitarian intervention,humanitarian aid,mas_langgraph,International Relations,Humanitarian aid,"[""Humanitarian aid"", ""Human rights intervention""]",True,1.0,1.0,True,True
topic-1520,law governing matrimonial property rights,marital property law,mas_langgraph,Law,Spousal Property Rights,"[""Spousal Property Rights"", ""Matrimonial Settlement Agreement"", ""Marital Property Act"", ""Community Property Law"", ""Inheritance Laws""]",False,0.5581395348837209,0.7734766006469727,False,False
topic-8461,hybrid organization,mixed organization,mas_langgraph,Organizational Studies,Interorganizational unit,"[""Interorganizational unit"", ""Collaborative venture"", ""Partnership entity"", ""Mixed entity"", ""Blended structure"", ""Merged entity""]",False,0.6666666666666667,0.5428037643432617,False,False
topic-7321,hyperactivity,overactivity,mas_langgraph,Psychology,Fidgetiness,"[""Fidgetiness"", ""Excess energy"", ""Restlessness"", ""Agitation"", ""Dysregulation""]",False,0.26086956521739135,0.3754364848136902,False,False
topic-2814,ict,information and communication technology,mas_langgraph,Information Technology,byte,"[""byte"", ""digit""]",False,0.09090909090909094,0.25500404834747314,False,False
topic-9641,ICT and labour,digital labor,mas_langgraph,Information Systems Management,Organizational computing and workforce,"[""Organizational computing and workforce"", ""Computing and human resources"", ""Technological and industrial relations""]",False,0.3529411764705882,0.5158751606941223,False,False
topic-2815,ict in education,educational technology,mas_langgraph,Education Technology,Teaching Technology,"[""Teaching Technology"", ""Educational Computing"", ""Educational Software"", ""Innovation""]",False,0.7317073170731707,0.8320165872573853,False,False
topic-5805,ict management,IT administration,mas_langgraph,Information Systems Management,Information systems governance,"[""Information systems governance"", ""Network infrastructure control"", ""Cybersecurity compliance"", ""System integration coordination"", ""Data security protocols""]",False,0.3829787234042554,0.5664011240005493,False,False
topic-4165,identity,self-concept,mas_langgraph,Psychology,Self-concept,"[""Sense of self"", ""Self-concept"", ""Autonomy""]",True,1.0,1.0000001192092896,True,True
topic-10263,identity management,IdM,mas_langgraph,Information Systems Management,Identity verification process,"[""Identity verification process"", ""Digital persona management"", ""Personal data administration"", ""Access rights management""]",False,0.125,0.2342955470085144,False,False
topic-3401,imf,international financial institution,mas_langgraph,International Monetary Finance,International financial architecture,"[""International financial architecture"", ""Financial stability framework"", ""International monetary regime"", ""Bretton Woods system""]",False,0.7887323943661972,0.7738271355628967,False,False
topic-8002,inculturation,cultural adaptation,mas_langgraph,Theology,Acculturation,"[""Acculturation"", ""Assimilation"", ""Culturalization"", ""Syncretism"", ""Incorporation"", ""Integration""]",False,0.6875,0.39237114787101746,False,False
topic-2151,industrial networks,industrial connections,mas_langgraph,Engineering,Supply chain networks,"[""Supply chain networks"", ""Manufacturing systems"", ""Industrial complexes"", ""Process networks""]",False,0.4651162790697675,0.40643543004989624,False,False
topic-1522,industrial organization,industrial economics,mas_langgraph,Economics,Industrial arrangement,"[""Industrial arrangement"", ""Organizational setup"", ""Production system"", ""Business structure"", ""Corporate framework""]",False,0.6190476190476191,0.6821832656860352,False,False
topic-5621,computer science and ethics,ethical computing,mas_langgraph,Information Technology Ethics,Information Technology Ethics,"[""Information Technology Ethics"", ""Digital Responsibility"", ""Technical Decision Making"", ""Software Development Integrity""]",False,0.30434782608695654,0.6602878570556641,False,False
topic-1525,computer science law,IT law,mas_langgraph,Computer Science & Law,Information technology law,"[""Information technology law"", ""Software patent law"", ""Technological jurisprudence"", ""Computational ethics"", ""Intellectual property regulation""]",False,0.375,0.6992853879928589,False,False
topic-2340,information and communication technology in education,educational technology,mas_langgraph,Information Technology Education,Educational technology,"[""Educational technology"", ""Ed-tech integration"", ""Instructional computing"", ""Digital learning resources""]",True,1.0,1.0,True,True
topic-1526,information management,data management,mas_langgraph,Information Systems Management,Organizational knowledge management,"[""Organizational knowledge management"", ""Digital asset management"", ""Systematic data management"", ""Data governance""]",False,0.56,0.4679468870162964,False,False
topic-2827,information processes,information processing,mas_langgraph,Information Systems,Knowledge flows,"[""Knowledge flows"", ""Data transmission"", ""Computerized data handling"", ""Digital data exchange""]",False,0.2702702702702703,0.37759363651275635,False,False
topic-1527,information law,data law,mas_langgraph,Law,Data protection legislation,"[""Telecommunications law"", ""Digital rights law"", ""Data protection legislation""]",False,0.4,0.6658554077148438,False,False
topic-1528,information systems,data management systems,mas_langgraph,Computer Science,IT systems,"[""IT systems"", ""Data management systems"", ""Software applications""]",False,0.5454545454545454,0.42619016766548157,True,True
topic-16722,Information Systems Management,IT management,mas_langgraph,Information Systems Management belongs to:,Computer Information Technology Management,"[""Computer Information Technology Management"", ""Organizational Information Resource Management"", ""Data Center Operations Management"", ""IT Governance and Oversight""]",False,0.47272727272727283,0.7332710027694702,False,False
topic-1529,information technology,IT,mas_langgraph,Computer Science,Technology,"[""Technology"", ""Informatics"", ""Computing"", ""IT""]",False,0.16666666666666663,0.30803677439689636,False,True
topic-2054,data processing,information processing,mas_langgraph,Computer Science,Processing of data,"[""Processing of data"", ""Digital processing"", ""Data transformation"", ""Computational analysis"", ""Algorithmic manipulation"", ""Numerical computation""]",False,0.5,0.7848698496818542,False,False
topic-6183,information retrieval,information search,mas_langgraph,Computer Science,Document retrieval,"[""Document retrieval"", ""Search algorithms"", ""Knowledge discovery"", ""Content indexing"", ""Query processing"", ""Database querying""]",False,0.33333333333333337,0.6260659694671631,False,False
topic-3109,infrastructure,facilities,mas_langgraph,Engineering,Network,"[""Network"", ""Facility"", ""System"", ""Foundation"", ""Framework"", ""Structure""]",False,0.11764705882352944,0.33599579334259033,False,False
topic-16322,Indigenous peoples,native communities,mas_langgraph,Anthropology,Aboriginals,"[""Aboriginals"", ""Traditional peoples"", ""First Nations""]",False,0.3448275862068966,0.5739966034889221,False,False
topic-8922,income inequality,income disparity,mas_langgraph,Economics/Social Sciences,Wage inequality,"[""Wage inequality"", ""Income disparities"", ""Wealth disparity"", ""Poverty gap""]",False,0.4516129032258065,0.537968635559082,False,False
topic-1532,income distribution,income allocation,mas_langgraph,Economics,Income inequality,"[""Income inequality"", ""Disparities in earnings"", ""Wealth disparity"", ""Wage gap"", ""Economic stratification""]",False,0.5882352941176471,0.6301209926605225,False,False
topic-1533,income tax,earnings tax,mas_langgraph,Economics,Revenue tax,"[""Revenue tax"", ""Tax revenue"", ""Taxation"", ""Payroll tax"", ""Income levy""]",False,0.5217391304347826,0.7123932838439941,False,False
topic-16602,Purchasing and supply management,procurement management,mas_langgraph,Operations Management,Procurement and logistics management,"[""Procurement and inventory management"", ""Procurement and logistics management"", ""Acquisition and procurement management"", ""Procurement planning and coordination"", ""Logistics and procurement services""]",False,0.7586206896551724,0.8669493198394775,False,False
topic-2153,innovation,advancement,mas_langgraph,Technology and Engineering,Invention,"[""Invention"", ""Advancement"", ""Breakthrough"", ""Modernization"", ""Improvement""]",False,0.4,0.4656876027584076,True,True
topic-1534,insolvency law,bankruptcy law,mas_langgraph,Law,Corporate insolvency rules,"[""Corporate insolvency rules"", ""Bankruptcy legislation"", ""Statutory financial rehabilitation""]",False,0.35,0.5178030133247375,False,False
topic-6742,effort,exertion,mas_langgraph,Psychology,Work,"[""Struggle"", ""Work"", ""Labor"", ""Stress"", ""Exertion"", ""Strain""]",False,0.16666666666666663,0.32930484414100647,False,True
topic-2845,institutional economics,institutional theory,mas_langgraph,Economics,Business economics,"[""Business economics"", ""State-led economy"", ""Market regulation"", ""Public policy analysis"", ""Government intervention""]",False,0.3157894736842105,0.4167559742927551,False,False
topic-10967,institutional theory,Institutional framework,mas_langgraph,Organizational Theory,Administrative theory,"[""Administrative theory"", ""Sociological theory"", ""Organizational culture theory"", ""Structural theory"", ""Organizational design theory""]",False,0.4545454545454546,0.5211524367332458,False,False
topic-1535,instructive texts (*),instructional materials,mas_langgraph,academic taxonomy,Systematic texts,"[""Systematic texts"", ""Taxonomic treatises"", ""Taxonomic literature"", ""Scientific monographs"", ""Taxonomic handbooks""]",False,0.41025641025641024,0.3943341374397278,False,False
topic-1536,intellectual property law,IP law,mas_langgraph,Law,Intellectual property rights,"[""Intellectual property rights"", ""Property protection laws"", ""Innovation governance""]",False,0.17647058823529416,0.4581206440925598,False,False
topic-1537,intelligent interfaces,smart interfaces,mas_langgraph,Human-Computer Interaction,Smart interfaces,"[""Smart interfaces"", ""Intuitive interfaces"", ""Natural language interfaces"", ""Interactive systems"", ""Accessible interfaces""]",True,1.0,1.0,True,True
topic-1952,intelligence differences between cultures,cross-cultural intelligence,mas_langgraph,Anthropological Psychology,Cultural variation in cognitive abilities,"[""Cultural variation in cognitive abilities"", ""Variation in human cognition across cultures"", ""Cognitive diversity in cultural contexts"", ""Mental variability among culturally diverse populations""]",False,0.4776119402985075,0.5735396146774292,False,False
topic-1222,Inter-organizational networks,collaborative networks,mas_langgraph,Organizational Studies,Interfirm networks,"[""Interfirm networks"", ""Organizational linkages"", ""Business associations"", ""Collaborative relationships"", ""Corporate partnerships"", ""Strategic coalitions""]",False,0.55,0.44699570536613464,False,False
topic-8581,inter-organisational relationships,inter-firm relationships,mas_langgraph,Organizational Behavior,Interagency relationships,"[""Interagency relationships"", ""Organizational alliances"", ""Cross-functional partnerships"", ""Interfirm networks""]",False,0.7916666666666665,0.6012428998947144,False,False
topic-1538,interaction and communication skills,interpersonal skills,mas_langgraph,Psychology,Interpersonal relationships skills,"[""Interpersonal relationships skills"", ""Conversational competencies"", ""Collaborative dialogue techniques"", ""Relationship building strategies""]",False,0.7407407407407408,0.9022495150566101,False,False
topic-10942,interactive governance,Participatory governance,mas_langgraph,Public Administration,Participatory governance,"[""Participatory governance"", ""Citizen-centric governance"", ""Inclusive policy-making"", ""Community-driven decision-making"", ""Partnership-based management""]",True,1.0,1.0,True,True
topic-2109,intercultural negotiating,cross-cultural negotiation,mas_langgraph,Communication Studies,Transcultural communication,"[""Transcultural communication"", ""Cross-cultural dialogue"", ""Interethnic diplomacy"", ""Multicultural mediation""]",False,0.6923076923076923,0.6478464007377625,False,False
topic-1540,intercultural communication,cross-cultural communication,mas_langgraph,Communication Studies,Cross-cultural interaction,"[""Cross-cultural interaction"", ""Interethnic communication"", ""Cultural exchange""]",False,0.7692307692307692,0.8487542867660522,False,False
topic-4941,intercultural assistance,cross-cultural support,mas_langgraph,Social Work,Multicultural aid,"[""Multicultural aid"", ""Cross-cultural support"", ""Cultural exchange facilitation"", ""Interethnic support services""]",False,0.4736842105263158,0.6402928233146667,True,True
topic-1895,intercultural theologie,cross-cultural theology,mas_langgraph,Theology,Transcultural theology,"[""Transcultural theology"", ""Cross-cultural theology""]",False,0.8636363636363636,0.8624633550643921,True,True
topic-15422,intergenerational risk sharing,cross-generational risk distribution,mas_langgraph,Economics,Family-based risk sharing,"[""Family-based risk sharing"", ""Cooperative risk management"", ""Risk pooling"", ""Joint liability arrangement""]",False,0.44067796610169496,0.5780760049819946,False,False
topic-1541,intergroup relationships,group interactions,mas_langgraph,Psychology,Intragroup harmony,"[""Intragroup harmony"", ""Interpersonal connections"", ""Group cohesion"", ""Interpersonal dynamics"", ""Social bonding"", ""Social interactions""]",False,0.5,0.4923746585845947,False,False
topic-16462,internal control,internal oversight,mas_langgraph,Accounting,Internal audit procedures,"[""Internal audit procedures"", ""Risk management""]",False,0.6046511627906976,0.6173412799835205,False,False
topic-4348,international labour law,global employment law,mas_langgraph,Law,Global Labour Regulation,"[""Global Labour Regulation"", ""Multilateral Labour Conventions"", ""Pan-American Labour Treaties"", ""International Occupational Health and Safety Law""]",False,0.5333333333333333,0.7105087041854858,False,False
topic-1542,international tax law,global tax law,mas_langgraph,Law,Transnational tax law,"[""Transnational tax law"", ""Global taxation standards"", ""Cross-border tax laws"", ""Multilateral tax conventions"", ""International fiscal policy"", ""Universal tax principles""]",False,0.6285714285714286,0.8050403594970703,False,False
topic-12781,international human resource management,global HR management,mas_langgraph,Organizational Behavior,Global Human Capital Management,"[""Global Human Capital Management"", ""International Organizational Development"", ""Global Talent Management"", ""Transnational Workforce Strategy""]",False,0.7450980392156863,0.6835101842880249,False,False
topic-1543,international management,global management,mas_langgraph,Business Administration,Multinational Management,"[""Multinational Management"", ""International Business Operations"", ""Globalization"", ""Cosmopolitan Management""]",False,0.7317073170731707,0.6734961867332458,False,False
topic-1544,international competition law,global antitrust law,mas_langgraph,Law,Global commercial law,"[""Global commercial law"", ""International trade regulation"", ""Global governance law"", ""Transnational legal framework"", ""Multilateral regulatory regime"", ""Regulatory harmonization treaty""]",False,0.5853658536585367,0.6972528696060181,False,False
topic-1545,international environmental law,global environmental law,mas_langgraph,International Law,Global Environmental Governance,"[""Universal Environmental Jurisdiction"", ""Global Environmental Governance"", ""International Environmental Framework"", ""Cross-Border Environmental Cooperation""]",False,0.8,0.7714661955833435,False,False
topic-6403,international monetary fund,global financial institution,mas_langgraph,Economics,World Bank,"[""World Bank"", ""International Development Association"", ""Bretton Woods Institution""]",False,0.26315789473684215,0.7220255136489868,False,False
topic-1547,international public law,global public law,mas_langgraph,International Law,International jurisprudence,"[""International jurisprudence"", ""Multilateral law"", ""Cosmopolitan law"", ""Global governance""]",False,0.31818181818181823,0.655205488204956,False,False
topic-1548,international law,global law,mas_langgraph,International Law,Public international law,"[""Public international law"", ""Multilateral law"", ""Cosmopolitan law"", ""Global governance""]",False,0.4705882352941176,0.685195803642273,False,False
topic-12021,International Criminal Court,ICCt,mas_langgraph,International Law,Permanent International Court,"[""Permanent International Court"", ""World Court"", ""International Tribunal""]",False,0.18181818181818177,0.2661801278591156,False,False
topic-1549,international criminal law,transnational criminal law,mas_langgraph,Law,International penal code,"[""International penal code"", ""Global penal law"", ""Universal criminal law"", ""Cross-border criminal law"", ""Multilateral penal framework""]",False,0.6,0.5698748826980591,False,False
topic-13701,International Financial Reporting Standards (IFRS),global accounting standards,mas_langgraph,Accounting,International Accounting Standards,"[""International Accounting Standards"", ""Worldwide Accounting Standards"", ""Global Financial Reporting Framework"", ""Pan-global Accounting Standards""]",False,0.7868852459016393,0.9125992655754089,False,False
topic-6223,international economics,global economics,mas_langgraph,Economics,International Finance,"[""International Finance"", ""Globalization"", ""Foreign Trade""]",False,0.32432432432432434,0.6204003095626831,False,False
topic-1551,international finance,global finance,mas_langgraph,Economics,Transnational finance,"[""Transnational finance"", ""Global financial management"", ""International monetary policy"", ""Cross-border finance""]",False,0.6285714285714286,0.7399935722351074,False,False
topic-2870,international trade,global commerce,mas_langgraph,Economics,Trade relations,"[""Trade relations"", ""Foreign commerce"", ""Global commerce"", ""Cross-border exchange""]",False,0.2666666666666667,0.4959493577480316,True,True
topic-1552,internet,cyberspace,mas_langgraph,Information Technology,Network,"[""Network"", ""World Wide Web"", ""Global network"", ""Extranet"", ""Intranet""]",False,0.23529411764705888,0.48923221230506897,False,False
topic-5127,internet addiction,online dependency,mas_langgraph,Psychology,Cyber dependency,"[""Cyber dependency"", ""Digital dependence"", ""Technological dependence""]",False,0.7272727272727273,0.7021135687828064,False,False
topic-4882,interpolation,estimation,mas_langgraph,Statistics,Approximation,"[""Approximation"", ""Estimation"", ""Prediction"", ""Imputation""]",False,0.6086956521739131,0.5469149351119995,True,True
topic-1868,inter-religious communication,interfaith dialogue,mas_langgraph,Interfaith Studies,Interfaith dialogue,"[""Religious exchange"", ""Ecumenical interaction"", ""Dialogue across faiths"", ""Spiritual discourse"", ""Faith-based dialogue"", ""Cross-cultural conversation"", ""Interfaith dialogue"", ""Multifaith discussion""]",True,1.0,1.0,False,False
topic-16883,Intertextuality,textual interaction,mas_langgraph,Literary Theory,Intertextual exchange,"[""Intertextual exchange"", ""Cross-referentiality"", ""Discursive overlap""]",False,0.55,0.6171644330024719,False,False
topic-4164,intuitionistic mathematics,constructivist mathematics,mas_langgraph,Mathematics,Intuitive set theory,"[""Intuitive set theory"", ""Formalism"", ""Constructivism"", ""Non-standard analysis""]",False,0.5217391304347826,0.32533693313598633,False,False
topic-2887,investment under uncertainty,uncertain investments,mas_langgraph,Economics,Economic uncertainty,"[""Economic uncertainty"", ""Financial risk management"", ""Risk assessment"", ""Volatility assessment""]",False,0.4878048780487805,0.7188330888748169,False,False
topic-3368,investment analysis,investment evaluation,mas_langgraph,Finance,Portfolio evaluation,"[""Portfolio evaluation"", ""Asset assessment"", ""Capital allocation"", ""Business valuation"", ""Risk assessment""]",False,0.5853658536585367,0.7277555465698242,False,False
topic-2891,islam,Islamic studies,mas_langgraph,Religion Studies,Muslim faith,"[""Muslim faith"", ""Shia Islam"", ""Muhammadanism"", ""Islamic theology"", ""Sunnism"", ""Sufism"", ""Wahhabism""]",False,0.3703703703703704,0.6039888858795166,False,False
topic-1865,islam in the netherlands,Muslim Communities in the Netherlands,mas_langgraph,Religion Studies,Islamisation in the Netherlands,"[""Islamisation in the Netherlands"", ""Religion and Society in the Netherlands (with a focus on Islam)"", ""Muslim Communities in the Netherlands""]",False,0.7352941176470589,0.8185074925422668,True,True
topic-7542,ivf,test-tube fertilization,mas_langgraph,Reproductive Medicine,In Vitro Fertilization,"[""In Vitro Fertilization"", ""Fertility Treatment"", ""Reproductive Assisted Technology"", ""Cryopreservation and Fertilization""]",False,0.6818181818181819,0.6537097692489624,False,False
topic-5883,annual reporting,Yearly report,mas_langgraph,Accounting,Periodic financial disclosure,"[""Year-end audit report"", ""Periodic financial disclosure"", ""Quarterly review"", ""Semiannual accounting update"", ""Compliance with Generally Accepted Accounting Principles (GAAP)""]",False,0.2857142857142857,0.40857619047164917,False,False
topic-13641,"Jacobi, F.H.",Friedrich Heinrich Jacobi,mas_langgraph,Mathematics,Friedrich Gustav Jacobi,"[""Friedrich Gustav Jacobi""]",False,0.7083333333333333,0.9309943914413452,False,False
topic-17063,James,Jacob,mas_langgraph,Psychology,Reginald,"[""Reginald"", ""Barnaby""]",False,0.15384615384615385,0.35121458768844604,False,False
topic-15562,The Book of Ben Sira,Ecclesiasticus,mas_langgraph,Biblical Studies,Wisdom of Sirach,"[""Wisdom of Sirach"", ""Wisdom of Jesus Son of Sirach"", ""Sirach"", ""Wisdom of the Fathers"", ""Book of Ecclesiasticus""]",False,0.2666666666666667,0.1698576956987381,False,False
topic-1556,youth assistance,youth support,mas_langgraph,Social Work,Youth support programs,"[""Youth support programs"", ""Youth development services"", ""Juvenile care assistance"", ""At-risk youth programs""]",False,0.7428571428571429,0.9035112857818604,False,False
topic-2331,jesus,Christ,mas_langgraph,Theology,,[],False,0.0,0.0,False,False
topic-2287,"judaism and christianity, relationship between",interfaith relations,mas_langgraph,Religious Studies,Jewish-Christian relations,"[""Jewish-Christian relations"", ""Abrahamic faiths""]",False,0.6222222222222222,0.3937346935272217,False,False
topic-14882,Jews in modernity,modern Jewish history,mas_langgraph,History of Judaism,Jews in the modern era,"[""Jews in the modern era"", ""Judaism in the present day"", ""Diasporic Jewish populations""]",False,0.41860465116279066,0.8417288064956665,False,False
topic-862,"Judaism, modern",contemporary Judaism,mas_langgraph,Religion Studies,Jewishness,"[""Jewishness"", ""Torah-based religion"", ""Covenantal tradition""]",False,0.19999999999999996,0.7228953242301941,False,False
topic-1914,"judaism, early/ancient",ancient Jewish religion,mas_langgraph,Religion Studies,I'd be happy to help.,"[""I'd be happy to help.""]",False,0.33333333333333337,0.021585611626505852,False,False
topic-1884,johannes,John the Apostle,mas_langgraph,History,Scholar,"[""Scholar"", ""Historian"", ""Professor"", ""Researcher""]",False,0.26086956521739135,0.31380724906921387,False,False
topic-3523,youth and pastoral care,youth ministry,mas_langgraph,Social Work,Youth development services,"[""Youth development services"", ""Child and adolescent care"", ""At-risk youth services"", ""Community-based youth programs"", ""Youth empowerment strategies"", ""Guidance counseling""]",False,0.5,0.7219241857528687,False,False
topic-3983,legal skills,legal competencies,mas_langgraph,Law,Legal proficiency,"[""Legal proficiency"", ""Judicial acumen"", ""Procedural knowledge"", ""Juridical aptitude""]",False,0.5714285714285714,0.7550362348556519,False,False
topic-10741,cancer,malignant neoplasm,mas_langgraph,Medicine,Carcinoma,"[""Carcinoma"", ""Malignancy"", ""Neoplasia"", ""Lymphoma""]",False,0.3703703703703704,0.6607234477996826,False,False
topic-2174,catholic church in the 19th and 20th century,modern Catholic history,mas_langgraph,Religion Studies,Church of Rome,"[""Church of Rome"", ""Catholic hierarchy"", ""Roman Catholic communion"", ""Papal state"", ""Apostolic succession""]",False,0.32432432432432434,0.5181107521057129,False,False
topic-1847,epistemology,theory of knowledge,mas_langgraph,Philosophy of Knowledge,Epistemic Studies,"[""Epistemic Studies"", ""Theory of Knowledge"", ""Knowledge Theory""]",False,0.2777777777777778,0.5362128615379333,True,True
topic-1566,knowledge representation,information modeling,mas_langgraph,Artificial Intelligence,Representation of information,"[""Representation of information"", ""Semantic modeling"", ""Symbolic reasoning""]",False,0.4489795918367348,0.6420672535896301,False,False
topic-1567,knowledge technology,information technology,mas_langgraph,Information Systems,informatics,"[""informatics"", ""Information systems"", ""information science"", ""computer science""]",False,0.6060606060606061,0.6216237545013428,False,False
topic-11381,church,congregation,mas_langgraph,Religion Studies,Place of worship,"[""Place of worship"", ""Cathedral"", ""Sanctuary"", ""House of prayer""]",False,0.2857142857142857,0.5668211579322815,False,False
topic-3791,church state relations,church-state interaction,mas_langgraph,Politics/Religion,State and faith,"[""State and faith"", ""Government and religion"", ""Religious authority"", ""Faith-based politics"", ""Clerical influence""]",False,0.4736842105263158,0.3831837773323059,False,False
topic-11382,ministry,Clergy,mas_langgraph,Politics,Department,"[""Department"", ""Secretariat"", ""Agency"", ""Council"", ""Office"", ""Commission"", ""Board""]",False,0.25,0.3501088619232178,False,False
topic-4236,church authority,ecclesiastical authority,mas_langgraph,Religion Studies,Ecclesiastical power,"[""Ecclesiastical power"", ""Religious leadership"", ""Spiritual governance"", ""Clerical hierarchy""]",False,0.7727272727272727,0.8404704928398132,False,False
topic-11384,ecclesial leadership,Ecclesiastical leadership,mas_langgraph,Theology,Episcopal oversight,"[""Episcopal oversight"", ""Clerical authority"", ""Pastoral care""]",False,0.5,0.53338623046875,False,False
topic-2086,devotion/piety and non-practising,religious observance and secularism,mas_langgraph,Religious Studies,Faithfulness,"[""Faithfulness"", ""Spirituality"", ""Dedication"", ""Sincerity"", ""Fervor""]",False,0.25531914893617025,0.32310089468955994,False,False
topic-2092,church music,sacred music,mas_langgraph,Musicology,Liturgical music,"[""Liturgical music"", ""Sacred music"", ""Choral music"", ""Hymnody""]",False,0.5,0.688630223274231,True,True
topic-1915,"church fathers, ancient",early theologians,mas_langgraph,Theology,Patristic scholars,"[""Patristic scholars"", ""Patriarchs""]",False,0.45714285714285713,0.509276270866394,False,False
topic-16565,Integrated care,coordinated care,mas_langgraph,Healthcare,Comprehensive care,"[""Comprehensive care"", ""Interdisciplinary care delivery"", ""Coordinated patient services"", ""Multidisciplinary treatment"", ""Collaborative healthcare strategy""]",False,0.5882352941176471,0.5986257791519165,False,False
topic-1991,voting mechanisms,electoral methods,mas_langgraph,Economics,Electoral systems,"[""Electoral systems"", ""Participation structures"", ""Decision-making protocols""]",False,0.7058823529411764,0.8600172400474548,False,False
topic-4661,electoral systems,voting system,mas_langgraph,Politics/Political Science,Electoral procedures,"[""Electoral procedures"", ""Voting systems"", ""Majoritarian electoral models"", ""Ballot mechanisms""]",False,0.18181818181818177,0.5986440181732178,False,False
topic-1572,clinical neuropsychology,neuropsychological therapy,mas_langgraph,Neuropsychology,Psychoneurology,"[""Psychoneurology"", ""Forensic neuropsychology"", ""Neuropsychiatric evaluation"", ""Behavioral neurology"", ""Cognitive neuropsychiatry"", ""Neurocognitive assessment""]",False,0.4878048780487805,0.643039882183075,False,False
topic-1574,credit systems,credit infrastructure,mas_langgraph,Economics,Financial systems,"[""Financial systems"", ""Payment structures"", ""Monetary arrangements"", ""Incentive mechanisms"", ""Reward schemes"", ""Fiscal models""]",False,0.3157894736842105,0.6082114577293396,False,False
topic-4886,Kriging,spatial interpolation,mas_langgraph,Statistics,Spatial interpolation,"[""Spatial interpolation"", ""Geostatistical estimation"", ""Interpolation""]",True,1.0,1.0000001192092896,True,True
topic-4149,critical theory,radical critique,mas_langgraph,Philosophy,Critical discourse,"[""Critical discourse"", ""Marxist philosophy"", ""Philosophical analysis"", ""Social critique""]",False,0.5294117647058824,0.40243884921073914,False,False
topic-4881,splines,curves,mas_langgraph,Computer Science,B-splines,"[""B-splines"", ""Catmull-Rom splines""]",False,0.2857142857142857,0.3172962963581085,False,False
topic-6501,philosophy of art,aesthetics philosophy,mas_langgraph,Aesthetics,Philosophy of aesthetics,"[""Philosophy of aesthetics"", ""Aesthetic inquiry"", ""Theory of beauty"", ""Beauty studies"", ""Critique of taste""]",False,0.4444444444444444,0.9813987016677856,False,False
topic-1575,artificial intelligence,machine intelligence,mas_langgraph,Computer Science,Computational intelligence,"[""Computational intelligence"", ""Intelligent systems"", ""Machine learning""]",False,0.7391304347826086,0.8144261837005615,False,False
topic-12641,quality of work,work quality,mas_langgraph,Psychology,Effectiveness,"[""Productivity"", ""Efficiency"", ""Competence"", ""Effectiveness"", ""Proficiency""]",False,0.07999999999999996,0.3818402886390686,False,False
topic-2061,quality of life,well-being,mas_langgraph,Psychology,Life satisfaction,"[""Life satisfaction"", ""Satisfaction with life"", ""Psychological well-being"", ""Subjective happiness"", ""Well-being""]",False,0.3076923076923077,0.6223617792129517,False,True
topic-121,Quality of life,life quality,mas_langgraph,Psychology,Life satisfaction,"[""Life satisfaction"", ""Subjective happiness"", ""Well-being"", ""Psychological fulfillment""]",False,0.5517241379310345,0.7256561517715454,False,False
topic-9461,quality of the judiciary,judicial performance,mas_langgraph,Law,Judicial integrity,"[""Judicial integrity"", ""Judicial impartiality"", ""Judicial accountability""]",False,0.5789473684210527,0.6622044444084167,False,False
topic-11701,quality of care,health care quality,mas_langgraph,Healthcare,Health service quality,"[""Health service quality"", ""Clinical excellence"", ""Nursing practice"", ""Medical competence"", ""Professionalism""]",False,0.8292682926829268,0.8394984006881714,False,False
topic-1577,agriculture,farming,mas_langgraph,Agriculture,Farming,"[""Farming"", ""Crop management"", ""Horticulture"", ""Land use""]",True,1.0,1.0,True,True
topic-1578,latin,classical language,mas_langgraph,Linguistics,Classical,"[""Indo-European"", ""Classical"", ""Ancient"", ""Italic"", ""Romance""]",False,0.6666666666666667,0.76482093334198,False,False
topic-1579,lifestyle,way of life,mas_langgraph,Psychology,Habits,"[""Habits"", ""Culture"", ""Attitude"", ""Behavior"", ""Personality""]",False,0.23529411764705888,0.3106238543987274,False,False
topic-9121,learning styles,study methods,mas_langgraph,Psychology,Learning modalities,"[""Learning modalities"", ""Information processing styles"", ""Cognitive approaches"", ""Neurodiverse learning"", ""Individual differences""]",False,0.3125,0.2875996530056,False,False
topic-7283,learning disorders,learning disabilities,mas_langgraph,Psychology,Processing disorders,"[""Processing disorders"", ""Neurodevelopmental disorders"", ""Cognitive impairments"", ""Attention deficit hyperactivity disorder""]",False,0.4878048780487805,0.5014716982841492,False,False
topic-10601,reading research,Reading studies,mas_langgraph,Education/ Psychology,Research inquiry,"[""Research inquiry"", ""Scholarly examination"", ""Academic analysis"", ""Literature review""]",False,0.4516129032258065,0.45404091477394104,False,False
topic-1581,reading disorders,reading difficulties,mas_langgraph,Psychology,Reading difficulties,"[""Reading difficulties"", ""Dyslexia"", ""Literacy impairments"", ""Phonological processing disorders"", ""Learning disabilities"", ""Academic dysgraphia"", ""Language comprehension issues""]",True,1.0,1.0,True,True
topic-1582,leadership,guidance,mas_langgraph,Organizational Behavior,Management,"[""Management"", ""Authority"", ""Control""]",False,0.33333333333333337,0.4430645704269409,False,False
topic-8101,organisational learning,organizational knowledge acquisition,mas_langgraph,Organizational Behavior,Learning Culture,"[""Organizational Development"", ""Learning Culture"", ""Institutionalization""]",False,0.34615384615384615,0.3163161873817444,False,False
topic-2941,machine learning,automated learning,mas_langgraph,Computer Science,Artificial intelligence,"[""Artificial intelligence"", ""Automated classification"", ""Neural networks"", ""Deep learning"", ""Data-driven algorithms"", ""Predictive modeling"", ""Statistical inference"", ""Intelligent systems""]",False,0.3902439024390244,0.6296106576919556,False,False
topic-3102,learning organisations,adaptive organizations,mas_langgraph,Organizational Studies,Knowledge-Based Organisation,"[""Corporate Training"", ""Knowledge-Based Organisation"", ""Professional Development"", ""Organizational Change"", ""Institutional Development"", ""Organizational Culture""]",False,0.6122448979591837,0.49232882261276245,False,False
topic-8362,Latvia,Latvian Republic,mas_langgraph,Geography,Lithuania,"[""Lithuania"", ""Estonia"", ""Baltic state"", ""Kurzeme"", ""Latgale""]",False,0.4,0.7465243339538574,False,False
topic-2162,quality of life after heart and vascular diseases,well-being after cardiovascular diseases,mas_langgraph,Medicine,Quality of life in patients with cardiovascular disease,"[""Quality of life in patients with cardiovascular disease"", ""Health outcomes following cardiovascular disease"", ""Survival prospects in cardiovascular patients""]",False,0.6808510638297872,0.6938098073005676,False,False
topic-5631,levinas,Levinasian philosophy,mas_langgraph,Philosophy,Hermeneutics,"[""Hermeneutics"", ""Alternatively"", ""Epistemology"", ""Phenomenology"", ""Ontology"", ""please let me know and I'll do my best to assist you."", ""if you'd like"", ""If you meant to ask for synonyms for a different term""]",False,0.24242424242424243,0.3888639807701111,False,False
topic-5181,liberalisation,deregulation,mas_langgraph,Economics,Deregulation,"[""Deregulation"", ""Free trade"", ""Decontrol""]",True,1.0,1.0,True,True
topic-2015,liberalism and political philosophy,liberal political theory,mas_langgraph,Political Philosophy,Libertarianism,"[""Libertarianism"", ""Democracy"", ""Communitarianism""]",False,0.42105263157894735,0.5890392065048218,False,False
topic-2280,literary-historical aspects,textual history,mas_langgraph,Literary Studies,Historical narrative,"[""Historical narrative"", ""Cultural contextuality"", ""Intellectual tradition"", ""Textual provenance""]",False,0.34285714285714286,0.5813845992088318,False,False
topic-1585,literature,written works,mas_langgraph,English Language and Literature,Novel,"[""Novel"", ""Poetry"", ""Fiction"", ""Prose"", ""Manuscript"", ""Text""]",False,0.2222222222222222,0.5238125324249268,False,False
topic-1893,literature and theology,theological literature,mas_langgraph,Theology,Scripture,"[""Religious texts"", ""Sacred writings"", ""Scripture"", ""Holy scriptures"", ""Divine revelation"", ""Canonical works""]",False,0.3870967741935484,0.6512856483459473,False,False
topic-1586,study of literature,literary analysis,mas_langgraph,Literary Studies,Literary Analysis,"[""Literary Analysis"", ""Scholarly Reading"", ""Textual Examination"", ""Critical Reading"", ""Poetic Interpretation"", ""Dramatic Criticism""]",True,1.0,1.0,True,True
topic-2189,liturgy (contemporary),modern worship,mas_langgraph,Religion Studies,Worship,"[""Worship"", ""Prayer"", ""Ceremony"", ""Ritual""]",False,0.6666666666666667,0.8183888792991638,False,False
topic-1587,liturgical studies,liturgical theology,mas_langgraph,Theology,Sacred liturgy,"[""Sacred liturgy"", ""Ceremonial theology"", ""Sacramental theology""]",False,0.4242424242424242,0.8078102469444275,False,False
topic-5361,liturgical latin,ecclesiastical Latin,mas_langgraph,Linguistics,Ecclesiastical Latin,"[""Liturgical vernacular"", ""Ecclesiastical Latin"", ""Sacramental tongue""]",True,1.0,1.0000001192092896,True,True
topic-1920,liturgic celebrations,religious ceremonies,mas_langgraph,Religious Studies,Ceremonial festivals,"[""Ceremonial festivals"", ""Ritual commemorations"", ""Eucharistic feasts"", ""Vespers celebrations"", ""Sacramental observances"", ""Ecclesiastical observances"", ""Communion services""]",False,0.5,0.7312690019607544,False,False
topic-2090,liturgic music,sacred music,mas_langgraph,Musicology,Church music,"[""Church music"", ""Liturgical song"", ""Ceremonial hymn"", ""Sacred chant""]",False,0.6666666666666667,0.6978051662445068,False,False
topic-5632,locke,John Locke,mas_langgraph,Philosophy,Tabula rasa,"[""Tabula rasa"", ""Empiricism"", ""Rationalism""]",False,0.09523809523809523,0.11592421680688858,False,False
topic-2314,logic,reasoning,mas_langgraph,Philosophy,Reasoning,"[""Reasoning"", ""Inference""]",True,1.0,1.0,True,True
topic-1588,logic and philosophy of language,analytical philosophy,mas_langgraph,Philosophy of Language,Ontology of Language,"[""Ontology of Language"", ""Semantic Theory"", ""Semantics"", ""Epistemology of Language"", ""Philosophical Semiotics""]",False,0.24390243902439024,0.09774570167064667,False,False
topic-1589,logistics,supply chain management,mas_langgraph,Operations Management,Supply chain management,"[""Supply chain management"", ""Transportation management"", ""Fulfillment services"", ""Distribution management"", ""Procurement management"", ""Operations coordination""]",True,1.0,1.0000001192092896,True,True
topic-1590,logistics management,supply chain management,mas_langgraph,Operations Management,Transportation management,"[""Transportation management"", ""Supply chain coordination"", ""Procurement and sourcing""]",False,0.6666666666666667,0.4622107446193695,False,False
topic-17162,Local Democracy,community governance,mas_langgraph,Politics/Political Science,Community Governance,"[""Community Governance"", ""Municipal Self-Government"", ""Regional Autonomy"", ""Citizen Engagement"", ""Participatory Rule-Making"", ""Decentralized Decision-Making""]",True,1.0,0.9999999403953552,True,True
topic-1591,tax on wages/income tax,income tax,mas_langgraph,Economics,Tax on earnings,"[""Tax on earnings"", ""Payroll tax"", ""Income levy""]",False,0.24,0.7354341745376587,False,False
topic-2169,lyotard,postmodern theorist,mas_langgraph,Philosophy,Derridean,"[""Derridean"", ""Hyperreality"", ""Deconstructionist"", ""Simulacrum"", ""Postmodernist""]",False,0.3571428571428571,0.18787546455860138,False,False
topic-1201,corporate social responsibility,corporate conscience,mas_langgraph,Business and Organization,Social accountability,"[""Social accountability"", ""Responsible business conduct"", ""Corporate citizenship""]",False,0.3414634146341463,0.32701799273490906,False,False
topic-5633,machiavelli,political strategist,mas_langgraph,Politics,Cunning politician,"[""Cunning politician"", ""Manipulative strategist"", ""Realpolitik"", ""Power broker"", ""Backroom operator""]",False,0.42105263157894735,0.5575854182243347,False,False
topic-1593,power,authority,mas_langgraph,Psychology,Influence,"[""Influence"", ""Authority"", ""Control"", ""Dominance"", ""Capacity""]",False,0.11111111111111116,0.5230792760848999,True,True
topic-2148,power in organisations,organizational influence,mas_langgraph,Organizational Behavior,Authority,"[""Authority"", ""Influence"", ""Dominance"", ""Control""]",False,0.24242424242424243,0.45779359340667725,False,False
topic-1595,macroeconomics,national economics,mas_langgraph,Economics,Aggregate economics,"[""Global economics"", ""Large-scale economics"", ""Aggregate economics"", ""Structural economics""]",False,0.6486486486486487,0.6276955008506775,False,False
topic-1596,management,administration,mas_langgraph,Organizational Behavior,Administration,"[""Administration"", ""Leadership"", ""Supervision"", ""Coordination""]",True,1.0,1.0000001192092896,True,True
topic-1598,management and ethics,ethical management,mas_langgraph,Business Ethics,Ethical leadership,"[""Ethical leadership"", ""Organizational responsibility"", ""Professional integrity"", ""Corporate governance"", ""Institutional stewardship"", ""Social accountability""]",False,0.5555555555555556,0.7905347347259521,False,False
topic-2968,management games,business simulations,mas_langgraph,Operations Research,Game-like decision-making tools,"[""Game-like decision-making tools"", ""Strategic simulations"", ""Simulation-based problem-solving""]",False,0.40816326530612246,0.28548792004585266,False,False
topic-3168,small business management,small enterprise management,mas_langgraph,Management and Organization,Mini-business leadership,"[""Mini-business leadership"", ""Entrepreneurial management"", ""Small-scale enterprise governance"", ""Micro-enterprise administration"", ""Smaller firm direction""]",False,0.31999999999999995,0.5603410601615906,False,False
topic-1599,marketing,market strategy,mas_langgraph,Business Administration,Advertising,"[""Advertising"", ""Publicity"", ""Branding"", ""Promotion"", ""Selling""]",False,0.3846153846153846,0.5062310695648193,False,False
topic-2979,marketing management,marketing strategy,mas_langgraph,Business Administration,Promotional management,"[""Promotional management"", ""Market orientation"", ""Commercialization"", ""Brand development"", ""Strategic planning""]",False,0.35,0.6344625949859619,False,False
topic-1603,market research,market analysis,mas_langgraph,Marketing,Market intelligence,"[""Market intelligence"", ""Consumer analysis"", ""Business investigation"", ""Competitor assessment"", ""Customer survey""]",False,0.5882352941176471,0.6622876524925232,False,False
topic-262,Marx,Marxism,mas_langgraph,Economics,Communist,"[""Communist"", ""Socialist"", ""Capitalist"", ""Engels"", ""Proletarian""]",False,0.375,0.6817079186439514,False,False
topic-161,marxism,Marxist theory,mas_langgraph,Economics/Social Science,Neo-Marxism,"[""Neo-Marxism"", ""Critical Marxism"", ""Leninism"", ""Dialectical Materialism""]",False,0.5,0.28667816519737244,False,False
topic-1605,substantive criminal law,criminal code,mas_langgraph,Law,Formal criminal law,"[""Formal criminal law"", ""Criminal jurisprudence"", ""Legislative criminal law"", ""Criminal statutory law"", ""Penal legislation""]",False,0.5625,0.6460822820663452,False,False
topic-1606,mathematical statistics,statistical mathematics,mas_langgraph,Statistics,Inferential statistics,"[""Inferential statistics"", ""Statistical analysis"", ""Probability theory"", ""Biostatistics""]",False,0.5333333333333333,0.6224438548088074,False,False
topic-17064,Matthew-James-Didache,"Matthew, James, and Didache",mas_langgraph,academic taxonomy,Matthew-James System,"[""Matthew-James System"", ""Didache Taxonomy""]",False,0.6363636363636364,0.4494803249835968,False,False
topic-1916,mathew,Matthew's Gospel,mas_langgraph,academic taxonomy,,[],False,0.0,0.0,False,False
topic-8683,competition policy,antitrust policy,mas_langgraph,Economics,Market regulation,"[""Market regulation"", ""Antitrust framework"", ""Regulatory framework""]",False,0.36363636363636365,0.5968270897865295,False,False
topic-1607,competition law,antitrust law,mas_langgraph,Law,Antitrust legislation,"[""Antitrust legislation"", ""Market regulation"", ""Trade regulation""]",False,0.7058823529411764,0.9025436639785767,False,False
topic-13401,codetermination,worker participation,mas_langgraph,Organizational Behavior,Mutual decision-making,"[""Mutual decision-making"", ""Co-management"", ""Joint problem-solving"", ""Participatory management""]",False,0.29268292682926833,0.2254772186279297,False,False
topic-1286,Media,communication channels,mas_langgraph,Communication Studies,Communication,"[""Broadcasting"", ""Communication"", ""Advertising"", ""Information""]",False,0.7428571428571429,0.766598641872406,False,False
topic-1608,media,communication channels,mas_langgraph,Communication Studies,Communications,"[""Communications"", ""Information"", ""Signal""]",False,0.7777777777777779,0.8229573965072632,False,False
topic-2085,media ethics,journalistic ethics,mas_langgraph,Communication Studies,Journalism integrity,"[""Journalism integrity"", ""Professional journalism conduct"", ""Broadcasting standards"", ""Public discourse responsibility""]",False,0.6153846153846154,0.7839971780776978,False,False
topic-1609,medical ethics,healthcare ethics,mas_langgraph,Bioethics,Informed consent,"[""Medical ethics"", ""Informed consent"", ""Respect for persons""]",False,0.303030303030303,0.3451851010322571,False,False
topic-9361,medical psychology,health psychology,mas_langgraph,Psychology,Clinical psychology,"[""Clinical psychology"", ""Health psychology"", ""Behavioral medicine"", ""Psychotherapy""]",False,0.7222222222222221,0.7394377589225769,True,True
topic-2994,multilingualism,polyglotism,mas_langgraph,Linguistics,Bilingualism,"[""Bilingualism"", ""Language diversity"", ""Lingua franca"", ""Polyglotism""]",False,0.5217391304347826,0.3538472652435303,False,True
topic-3901,man-machine interaction,human-computer interaction,mas_langgraph,Human-Computer Interaction,Man-machine interface,"[""Man-machine interface"", ""Computer-human interface"", ""User-computer interface""]",False,0.5777777777777777,0.43292948603630066,False,False
topic-2002,human evolution,human development,mas_langgraph,Anthropology,Evolutionary process,"[""Evolutionary process"", ""Species development"", ""Genetic adaptation"", ""Ancestral origin"", ""Biological transformation"", ""Morphological change""]",False,0.32432432432432434,0.44707053899765015,False,False
topic-1610,human rights,Civil Liberties,mas_langgraph,Law,Citizen rights,"[""Citizen rights"", ""Personal freedoms"", ""Civil liberties"", ""Constitutional protections""]",False,0.48275862068965514,0.5917409062385559,True,True
topic-2102,mental effort,cognitive effort,mas_langgraph,Psychology,Cognitive exertion,"[""Mental strain"", ""Cognitive exertion"", ""Intellectual labor"", ""Concentration"", ""Problem-solving""]",False,0.7647058823529411,0.6080853939056396,False,False
topic-3521,metaphors,allegories,mas_langgraph,Linguistics,Figurative language,"[""Figurative language"", ""Verbal tropes"", ""Poetic devices"", ""Rhetorical devices""]",False,0.27586206896551724,0.25785255432128906,False,False
topic-1611,metaphysics,ontology,mas_langgraph,Philosophy,Ontology,"[""Epistemology"", ""Ontology"", ""Axiology""]",True,1.0,0.9999999403953552,True,True
topic-2008,metaphysics of reason and action,philosophy of action,mas_langgraph,Philosophy,Pragmatic philosophy of action,"[""Pragmatic philosophy of action"", ""Rational inquiry into moral agency"", ""Analytical study of practical knowledge""]",False,0.8,0.8421469926834106,False,False
topic-4885,meta models,higher-order models,mas_langgraph,Artificial Intelligence,Machine learning models,"[""Machine learning models"", ""Neural architectures""]",False,0.5853658536585367,0.37969011068344116,False,False
topic-1954,cross-cultural research methodology,intercultural research methods,mas_langgraph,Anthropology,Comparative cultural studies approach,"[""Comparative cultural studies approach"", ""Multicultural study design"", ""Ethnographic inquiry methodology"", ""Interdisciplinary research approach""]",False,0.5074626865671642,0.633175790309906,False,False
topic-1658,methodology and statistics,research methods and statistics,mas_langgraph,Statistics,Statistical procedures,"[""Statistical procedures"", ""Statistical analysis"", ""Quantitative methods"", ""Biostatistics""]",False,0.37735849056603776,0.7150850296020508,False,False
topic-1613,methodology,research methods,mas_langgraph,Research Methods,Approach,"[""Approach"", ""Strategy"", ""Procedure"", ""Framework"", ""Protocol""]",False,0.33333333333333337,0.515090823173523,False,False
topic-101,Methodology of civil law,Civil law methodology,mas_langgraph,Law,Jurisprudence,"[""Legal framework"", ""Jurisprudence"", ""Statutory approach""]",False,0.11764705882352944,0.5025647282600403,False,False
topic-3008,micro-econometrics,individual econometrics,mas_langgraph,Economics,Applied econometrics,"[""Applied econometrics"", ""Microeconomic analysis"", ""Small sample econometrics"", ""Econometric modeling"", ""Statistical analysis of economic data""]",False,0.6976744186046511,0.8116943836212158,False,False
topic-1614,microeconomics,individual economics,mas_langgraph,Economics,Behavioral economics,"[""Behavioral economics"", ""Neoclassical economics"", ""Marginal economics""]",False,0.7,0.7100780010223389,False,False
topic-1615,medieval philosophy; history of,medieval thought,mas_langgraph,Philosophy,Scholasticism,"[""Early Christian philosophy"", ""Classical philosophy"", ""Scholasticism"", ""Patristics""]",False,0.2068965517241379,0.4243963062763214,False,False
topic-3601,history of middle ages,medieval history,mas_langgraph,Medieval Studies,Middle European era,"[""Medieval antiquity"", ""Middle European era"", ""Byzantine age"", ""Feudal epoch""]",False,0.34285714285714286,0.641336977481842,False,False
topic-13602,medieval theology,Middle Ages theology,mas_langgraph,Theology,Ecclesiastical theology,"[""Ecclesiastical theology"", ""Scholastic theology"", ""Catholic theology"", ""Patristic theology"", ""Dogmatic theology"", ""Orthodox theology""]",False,0.6046511627906976,0.669032871723175,False,False
topic-1617,small and medium-sized enterprises,small businesses,mas_langgraph,Economics,Medium-sized firms,"[""Smaller enterprises"", ""Medium-sized firms"", ""Small businesses"", ""Microenterprises""]",False,0.36363636363636365,0.47874414920806885,True,True
topic-1618,migrants,immigrants,mas_langgraph,Demography,Refugees,"[""Refugees"", ""Displaced persons"", ""Sojourners""]",False,0.2222222222222222,0.7181000113487244,False,False
topic-15302,Migration Law,immigration law,mas_langgraph,Law,Immigration Regulation,"[""Immigration Regulation"", ""Deportation Procedure"", ""Asylum Policy"", ""Border Control Legislation""]",False,0.7567567567567568,0.7631529569625854,False,False
topic-3013,environmental economics,ecological economics,mas_langgraph,Economics,Ecological economics,"[""Ecological economics"", ""Environmental finance"", ""Green economics"", ""Natural resource economics""]",True,1.0,1.0000001192092896,True,True
topic-1619,environmental policy,ecological policy,mas_langgraph,Environmental Policy,Eco-management,"[""Eco-management"", ""Sustainable governance"", ""Policy framework"", ""Regulatory framework""]",False,0.2666666666666667,0.5918564796447754,False,False
topic-1621,environmental impact study,environmental assessment,mas_langgraph,Environmental Science,Impact assessment,"[""Climate change impact analysis"", ""Impact assessment"", ""Assessment of ecological effects"", ""Sustainability analysis"", ""Ecological appraisal"", ""Ecosystem evaluation""]",False,0.6829268292682926,0.508861780166626,False,False
topic-1625,environmental management,ecological management,mas_langgraph,Environmental Management,Environmental regulation,"[""Environmental regulation"", ""Pollution control"", ""Sustainability"", ""Conservation"", ""Resource stewardship""]",False,0.3111111111111111,0.5358619689941406,False,False
topic-1626,environmental law,ecological law,mas_langgraph,Law,Environmental governance,"[""Environmental governance"", ""Ecological regulation"", ""Conservation law"", ""Regulatory ecology""]",False,0.3157894736842105,0.5563122630119324,False,False
topic-1627,environmental criminal law,ecological criminal law,mas_langgraph,Law,Environmental governance,"[""Environmental governance"", ""Ecological regulation"", ""Regulatory ecology"", ""Ecolegal framework""]",False,0.3829787234042554,0.47631463408470154,False,False
topic-11621,doctrines of war,Military doctrine,mas_langgraph,Military History,Warfare doctrines,"[""Warfare doctrines"", ""Tactics of war"", ""Principles of combat"", ""Guiding principles of military operations""]",False,0.6470588235294117,0.7485727667808533,False,False
topic-1629,minorities,ethnic groups,mas_langgraph,Anthropology,Minority groups,"[""Minority groups"", ""Disadvantaged populations"", ""Excluded populations"", ""Underrepresented groups"", ""Marginalized communities"", ""Underserved groups""]",False,0.6428571428571428,0.7061237096786499,False,False
topic-5821,modeling,simulation,mas_langgraph,Operations Research,Simulation,"[""Simulation"", ""Forecasting"", ""Prediction"", ""Representation""]",True,1.0,1.0,True,True
topic-6441,models,frameworks,mas_langgraph,Mathematics,Frameworks,"[""Frameworks"", ""Representations"", ""Formulations"", ""Schemes""]",True,1.0,1.0,True,True
topic-1863,modern devotion,contemporary piety,mas_langgraph,Religion Studies,Modern worship,"[""Modern worship"", ""Devotional fervor"", ""Faithful allegiance"", ""Religious observance"", ""Contemporary piety""]",False,0.3125,0.47722747921943665,False,True
topic-2041,modern philosophy; history of,contemporary philosophy history,mas_langgraph,Philosophy,Philosophical era,"[""Philosophical era"", ""Modern intellectual tradition"", ""Contemporary thought; intellectual movement""]",False,0.45833333333333337,0.702553391456604,False,False
topic-11961,modernisation,modernisation,mas_langgraph,Economics,Contemporary development,"[""Contemporary development"", ""Economic restructuring"", ""Adaptation to change"", ""Structural adjustment""]",False,0.32432432432432434,0.5963649749755859,False,False
topic-1632,mother tongue; education,native language education,mas_langgraph,Linguistics/Education,First language,"[""First language"", ""Native language"", ""Parental instruction"", ""Early learning""]",False,0.5128205128205128,0.5114187002182007,False,False
topic-3388,monetary policy,financial policy,mas_langgraph,Economics,Monetary regulation,"[""Monetary regulation"", ""Fiscal policy"", ""Central bank management"", ""Financial stability intervention"", ""Interest rate adjustment"", ""Credit creation regulation""]",False,0.2857142857142857,0.5827732086181641,False,False
topic-1633,monetary economics,financial economics,mas_langgraph,Economics,Financial economics,"[""Financial economics"", ""Economic finance"", ""Public finance theory""]",True,1.0,1.0,True,True
topic-12941,moral responsibility,ethical accountability,mas_langgraph,Ethics,Accountability,"[""Accountability"", ""Justice"", ""Virtue"", ""Duty"", ""Rectitude""]",False,0.7777777777777779,0.8368020057678223,False,False
topic-10441,morphology,linguistic morphology,mas_langgraph,Biology,Form,"[""Structure"", ""Shape"", ""Form""]",False,0.16000000000000003,0.18197369575500488,False,False
topic-7882,muslims - christians dialogue,interfaith dialogue,mas_langgraph,Interfaith Studies,Faith-Based Engagement,"[""Faith-Based Engagement"", ""Multifaith Interaction""]",False,0.44999999999999996,0.2681926488876343,False,False
topic-3794,motivation,drive,mas_langgraph,Psychology,Incentive,"[""Incentive"", ""Inspiration"", ""Urgency"", ""Stimulus"", ""Drive""]",False,0.4285714285714286,0.21953317523002625,False,True
topic-9201,multi level analysis,hierarchical analysis,mas_langgraph,Statistics,Hierarchical analysis,"[""Hierarchical analysis"", ""Multilevel modeling"", ""Nested analysis""]",True,1.0,0.9999999403953552,True,True
topic-3039,multiculturalism,cultural diversity,mas_langgraph,Anthropology/Social Sciences,Cultural pluralism,"[""Cosmopolitanism"", ""Cultural pluralism""]",False,0.6111111111111112,0.5883148908615112,False,False
topic-1951,multicultural society,diverse society,mas_langgraph,Sociology,Inclusive society,"[""Inclusive society"", ""Diverse community"", ""Pluralistic culture"", ""Heterogeneous society"", ""Interethnic community""]",False,0.6875,0.6545831561088562,False,False
topic-1956,multicultural city,diverse city,mas_langgraph,Urban Studies/Social Sciences,Diverse metropolis,"[""Diverse metropolis"", ""Pluralistic municipality"", ""Vibrant cosmopolis"", ""Cosmopolitan hub""]",False,0.6,0.8067519068717957,False,False
topic-1635,multimedia,mixed media,mas_langgraph,Information Technology,Integrated multimedia,"[""Integrated multimedia"", ""Multimodal communication"", ""Multidisciplinary media"", ""Interactive content""]",False,0.5625,0.5973336696624756,False,False
topic-12122,"Nancy, Jean-Luc (1940-)",contemporary philosopher,mas_langgraph,Philosophy,Hume,"[""Hume"", ""Locke"", ""Spinoza"", ""Kant"", ""Descartes""]",False,0.1428571428571429,0.323489248752594,False,False
topic-10901,nanotechnology,Nanoengineering,mas_langgraph,Engineering and Materials Science,Nanomaterials science,"[""Nanomaterials science"", ""Nanoengineering"", ""Nanostructured materials""]",False,0.4444444444444444,0.6838578581809998,True,True
topic-1887,narcissism and shame,egoism and guilt,mas_langgraph,Psychology,Egocentrism,"[""Egocentrism"", ""Vanity"", ""Inadequacy"", ""Megalomania""]",False,0.4444444444444444,0.6697674989700317,False,False
topic-2142,natality/birth rate,birth rate,mas_langgraph,Demography,Reproductive rate,"[""Reproductive rate"", ""Fertility rate"", ""Crude birth rate"", ""Population growth rate""]",False,0.5185185185185186,0.757603645324707,False,False
topic-4167,nationalism,nationalist ideology,mas_langgraph,Politics/Social Science,Patriotism,"[""Patriotism"", ""Ethnicity""]",False,0.4,0.5738428235054016,False,False
topic-421,Nature Protection Law,environmental protection law,mas_langgraph,Law,Biodiversity Protection Ordinance,"[""Biodiversity Protection Ordinance"", ""Conservation Act"", ""Environmental Legislation"", ""Ecosystem Preservation Statute"", ""Wildlife Regulation"", ""Sustainable Development Law"", ""Ecological Governance""]",False,0.5573770491803278,0.6601784825325012,False,False
topic-8121,physics,physical science,mas_langgraph,Physics,Mechanics,"[""Mechanics"", ""Engineering"", ""Natural Philosophy""]",False,0.31999999999999995,0.5258529186248779,False,False
topic-1638,dutch,Dutch language,mas_langgraph,Geography,Netherlands,"[""Netherlands"", ""Holland"", ""Low Countries""]",False,0.4,0.6623367071151733,False,False
topic-1639,dutch as a second language,Dutch language acquisition,mas_langgraph,Linguistics,Second-language acquisition,"[""Second-language acquisition"", ""Non-native language learning"", ""Bilingual education"", ""Language immersion program""]",False,0.8076923076923077,0.6817154288291931,False,False
topic-5061,privilege against self-incrimination,right to remain silent,mas_langgraph,Law,Exemption from self-incrimination,"[""Exemption from self-incrimination"", ""Immunity from self-incrimination"", ""Right to silence""]",False,0.3703703703703704,0.18864375352859497,False,False
topic-1221,Networks,interconnected systems,mas_langgraph,Computer Science,Graphs,"[""Graphs"", ""Clusters"", ""Grids""]",False,0.1428571428571429,0.2904699444770813,False,False
topic-1641,networks,interconnected systems,mas_langgraph,Computer Science,Graphs,"[""Graphs"", ""Communities"", ""Clusters"", ""Grids"", ""Topologies""]",False,0.1428571428571429,0.2904699444770813,False,False
topic-8684,network industries,interconnected industries,mas_langgraph,Economics,Telecommunications sector,"[""Telecommunications sector"", ""Industry conglomerate"", ""Service industries cluster"", ""Sectoral industry group"", ""Information technology sector"", ""Digital economy"", ""Multisectoral economy"", ""Economic complex""]",False,0.48,0.4996318519115448,False,False
topic-3061,neural networks,artificial neural networks,mas_langgraph,Computer Science,Artificial neural systems,"[""Artificial neural systems"", ""Perceptron networks"", ""Neuromorphic computing systems""]",False,0.7843137254901962,0.8357667922973633,False,False
topic-8943,neurophysiology,neural physiology,mas_langgraph,Biology/Physiology,Neuroscience,"[""Neuroscience"", ""Cellular physiology"", ""Biophysics""]",False,0.41379310344827597,0.6693389415740967,False,False
topic-1979,neuropsychology,brain-behavior science,mas_langgraph,Psychology,Neurocognition,"[""Neurocognition"", ""Cognitive psychology"", ""Behavioral neuroscience""]",False,0.34285714285714286,0.5323748588562012,False,False
topic-2130,nietzsche,Nietzschean philosophy,mas_langgraph,Philosophy,Existentialism,"[""Existentialism"", ""Nihilism"", ""Will to Power Theory""]",False,0.38888888888888884,0.4225943088531494,False,False
topic-7401,new testament,Christian Scriptures,mas_langgraph,Biblical Studies,Old Testament,"[""Old Testament"", ""Hebrew Scriptures""]",False,0.303030303030303,0.6696168184280396,False,False
topic-7501,nonresponse,no response,mas_langgraph,Statistics,Nonparticipation,"[""Nonparticipation"", ""Abstention"", ""Missing data""]",False,0.4444444444444444,0.1350785195827484,False,False
topic-2680,non profit sector,charitable sector,mas_langgraph,Public Administration,Voluntary sector,"[""Voluntary sector"", ""Charitable sector"", ""Social welfare sector"", ""Public interest sector""]",False,0.5454545454545454,0.7416497468948364,True,True
topic-16682,Nonverbal communication,body language,mas_langgraph,Psychology,Nonverbal behavior,"[""Nonverbal behavior"", ""Body language"", ""Facial expressions"", ""Kinesics"", ""Proxemics""]",False,0.25806451612903225,0.634770393371582,True,True
topic-3065,nonprofit organisations,charitable organizations,mas_langgraph,Organizations and Management,Public benefit organizations,"[""Public benefit organizations"", ""Charitable trusts"", ""Voluntary associations"", ""Social enterprises"", ""Community groups""]",False,0.6538461538461539,0.6860483884811401,False,False
topic-5766,numerical analysis,computational mathematics,mas_langgraph,Mathematics,Numerical evaluation,"[""Numerical evaluation"", ""Mathematical computation"", ""Computational mathematics""]",False,0.4,0.4110642671585083,True,True
topic-1923,"ecumenism, ecumenical theology",Christian unity,mas_langgraph,Theology,Inclusive theology,"[""Inclusive theology"", ""Universalist theology"", ""Religious pluralism"", ""Interfaith dialogue""]",False,0.36363636363636365,0.5334294438362122,False,False
topic-1645,moot court,mock trial,mas_langgraph,Law,Judicial hearing,"[""Judicial hearing"", ""Mock trial"", ""Simulated litigation"", ""Trial by argument"", ""Legal debate"", ""Adversarial proceeding""]",False,0.3076923076923077,0.42773470282554626,True,True
topic-1647,sales tax,value-added tax,mas_langgraph,Economics,Sales levy,"[""Sales levy"", ""Value-added tax"", ""Tariff"", ""Customs duty"", ""VAT"", ""Excise duty""]",False,0.33333333333333337,0.42671552300453186,True,True
topic-11343,negotiating,negotiation,mas_langgraph,International Relations,Bargaining,"[""Bargaining"", ""Diplomacy"", ""Compromising"", ""Concessions""]",False,0.38095238095238093,0.7867884635925293,False,False
topic-5421,entrepreneurship,business creation,mas_langgraph,Management and Organization,Business,"[""Business"", ""Enterprise"", ""Venture"", ""Innovation"", ""Management""]",False,0.64,0.7334756255149841,False,False
topic-1651,enterprises,businesses,mas_langgraph,Economics,Firms,"[""Firms"", ""Businesses"", ""Organizations"", ""Corporations""]",False,0.2666666666666667,0.7483862638473511,True,True
topic-1652,corporate finance,business finance,mas_langgraph,Finance,Investment management,"[""Investment management"", ""Capital budgeting"", ""Management of funds"", ""Portfolio management""]",False,0.4324324324324324,0.5344650745391846,False,False
topic-5550,corporate models,business frameworks,mas_langgraph,Economics,Firm models,"[""Firm models"", ""Organizational structures"", ""Business frameworks"", ""Enterprise paradigms"", ""Institutional designs""]",False,0.33333333333333337,0.4556668996810913,True,True
topic-13402,works council,employee council,mas_langgraph,Industrial Relations,Employee Representation Council,"[""Employee Representation Council"", ""Labor Advisory Board"", ""Staff Consultative Committee""]",False,0.6808510638297872,0.8845717906951904,False,False
topic-1653,company law,corporate law,mas_langgraph,Law,Business legislation,"[""Business legislation"", ""Corporate governance"", ""Organizational regulations"", ""Commercial statutes"", ""Regulatory framework"", ""Legislative framework""]",False,0.24242424242424243,0.6540812253952026,False,False
topic-1654,company strategy,business strategy,mas_langgraph,Business Administration,Organizational plan,"[""Organizational plan"", ""Corporate direction"", ""Business approach"", ""Business model"", ""Operational plan"", ""Management framework"", ""Enterprise vision""]",False,0.2222222222222222,0.6280607581138611,False,False
topic-1655,company assessment (*),business valuation,mas_langgraph,academic taxonomy,assessment,"[""assessment"", ""evaluation"", ""analysis"", ""examination"", ""review""]",False,0.3571428571428571,0.31009209156036377,False,False
topic-7561,education,schooling,mas_langgraph,Education,Learning,"[""Learning"", ""Training"", ""Development"", ""Instruction""]",False,0.4705882352941176,0.5696240663528442,False,False
topic-1656,educational and training psychology,instructional psychology,mas_langgraph,Psychology,Learning psychology,"[""Learning psychology"", ""Vocational psychology"", ""Apprenticeship psychology"", ""Industrial psychology""]",False,0.6511627906976745,0.8324297666549683,False,False
topic-1657,educational law,school law,mas_langgraph,Law,Juridical code,"[""Juridical code"", ""Statutory framework"", ""Legislative framework"", ""Regulatory framework""]",False,0.25,0.3663569390773773,False,False
topic-13281,sociology of education,educational sociology,mas_langgraph,Sociology,Education Studies,"[""Education Studies"", ""Institutional Analysis of Education"", ""Discourse and Power in Education""]",False,0.631578947368421,0.6841251254081726,False,False
topic-7562,research,investigation,mas_langgraph,Psychology,Study,"[""Study"", ""Investigation"", ""Analysis"", ""Inquiry"", ""Examination""]",False,0.2222222222222222,0.5930255651473999,True,True
topic-9202,research design,study plan,mas_langgraph,Psychology,Study protocol,"[""Study protocol"", ""Methodology"", ""Study plan"", ""Investigation"", ""Protocol development""]",False,0.6666666666666667,0.6582032442092896,True,True
topic-9421,online dispute resolution,e-mediation,mas_langgraph,Dispute Resolution Law,E-dispute settlement,"[""E-dispute settlement"", ""Alternative dispute resolution (ADR)"", ""Online mediation and arbitration"", ""Digital mediation"", ""Electronic mediation""]",False,0.3448275862068966,0.3159370720386505,False,False
topic-2285,online shopping,internet shopping,mas_langgraph,E-commerce,Digital retailing,"[""Digital retailing"", ""Electronic retailing"", ""Remote commerce""]",False,0.4705882352941176,0.5768484473228455,False,False
topic-6281,ontology,metaphysical study,mas_langgraph,Philosophy of Science,Conceptualization,"[""Conceptualization"", ""Theory"", ""Metaphysics"", ""Classification"", ""Framework""]",False,0.34285714285714286,0.4755748510360718,False,False
topic-2616,cooperative information system development,Collaborative Information Systems Development,mas_langgraph,Information Systems Management,Collaborative IT project development,"[""Collaborative IT project development"", ""Joint information technology system design"", ""Collective IT system planning"", ""Partnership-based systems implementation"", ""Mutual aid in IT system development""]",False,0.7407407407407408,0.8140454888343811,False,False
topic-3088,development economics,economic development,mas_langgraph,Economics,Economic growth,"[""Economic growth"", ""Market-oriented development""]",False,0.6285714285714286,0.7361721992492676,False,False
topic-1659,developing countries,emerging economies,mas_langgraph,Economics,Emerging economies,"[""Emerging economies"", ""Third-world countries"", ""Low-income nations""]",True,1.0,1.0,True,True
topic-1660,developing countries; economy,emerging economies,mas_langgraph,Economic Development,Developing economies,"[""Developing economies"", ""Less developed countries"", ""Low-income nations"", ""Underdeveloped nations""]",False,0.7894736842105263,0.7382237911224365,False,False
topic-13241,eye tracking,gaze tracking,mas_langgraph,Psychology,Pupil tracking,"[""Pupil tracking"", ""Gaze analysis"", ""Visual attention analysis"", ""Oculomotor recording"", ""Saccadic measurement""]",False,0.6666666666666667,0.7321215867996216,False,False
topic-3385,Eastern Europe,East Europe,mas_langgraph,Geography,Eastern European region,"[""Eastern European region"", ""Slavic Countries"", ""Baltic States""]",False,0.6470588235294117,0.8643299341201782,False,False
topic-1666,public finance,government finance,mas_langgraph,Economics,Public budgeting,"[""Public budgeting"", ""Government spending"", ""Social welfare financing"", ""State expenditure"", ""National treasury management"", ""Collective taxation""]",False,0.2941176470588235,0.571092963218689,False,False
topic-1667,public finance of local authorities,municipal finance,mas_langgraph,Public Administration,Municipal finance,"[""Municipal finance"", ""Local governance finance"", ""Local government budgeting"", ""Authority budgeting"", ""Subnational public expenditure"", ""Community fiscal management""]",True,1.0,1.0000001192092896,True,True
topic-2236,revelation,divine disclosure,mas_langgraph,Theology,Manifestation,"[""Manifestation"", ""Disclosure"", ""Epiphany""]",False,0.2666666666666667,0.3001788258552551,False,False
topic-3095,operations research,operational analysis,mas_langgraph,Operations Research,Management Science,"[""Management Science"", ""Systems Analysis"", ""Decision Analysis"", ""Optimization Techniques""]",False,0.3157894736842105,0.40977743268013,False,False
topic-5941,options,financial derivatives,mas_langgraph,Economics,Alternatives,"[""Alternatives"", ""Variants"", ""Variations""]",False,0.6060606060606061,0.17208561301231384,False,False
topic-1669,option pricing,option valuation,mas_langgraph,Finance,Derivatives pricing,"[""Derivatives pricing"", ""Asset pricing"", ""Risk valuation"", ""Investment valuation"", ""Valuation analysis"", ""Portfolio optimization""]",False,0.34285714285714286,0.44611480832099915,False,False
topic-3099,optimisation,improvement,mas_langgraph,Operations Research,Minimization,"[""Minimization"", ""Improvement"", ""Streamlining"", ""Adjustment"", ""Refinement""]",False,0.34782608695652173,0.2902875244617462,True,True
topic-12402,parenting,child rearing,mas_langgraph,Psychology,Upbringing,"[""Upbringing"", ""Childrearing"", ""Caregiving"", ""Caring"", ""Rearing""]",False,0.34782608695652173,0.39021188020706177,False,False
topic-1670,organisation,institution,mas_langgraph,Organisation belongs to:,Company,"[""Company"", ""Institution"", ""Association"", ""Firm"", ""Society"", ""Entity"", ""Body""]",False,0.2222222222222222,0.4461665451526642,True,True
topic-1671,organisation and management,business administration,mas_langgraph,Business Administration,Management,"[""Management"", ""Administration"", ""Leadership"", ""Governance"", ""Coordination"", ""Control"", ""Direction""]",False,0.303030303030303,0.6687066555023193,False,False
topic-16564,organizational commitment,workplace loyalty,mas_langgraph,Organizational behavior,Commitment to purpose,"[""Commitment to purpose"", ""Organizational allegiance"", ""Institutional loyalty"", ""Vocational fidelity"", ""Professional allegiance"", ""Job attachment""]",False,0.21052631578947367,0.39943403005599976,False,False
topic-1960,organisational culture,corporate culture,mas_langgraph,Organizational Behavior,Work culture,"[""Work culture"", ""Company ethos"", ""Institutional climate"", ""Team dynamics"", ""Social fabric"", ""Group identity""]",False,0.6896551724137931,0.7080455422401428,False,False
topic-3105,organizational design,organizational structure,mas_langgraph,Management and Organization,Organizational framework,"[""Organizational framework"", ""Management structure"", ""Corporate layout"", ""Administrative arrangement"", ""System of governance"", ""Functional setup"", ""Hierarchical model""]",False,0.7083333333333333,0.7309359908103943,False,False
topic-1672,organisational development,organizational growth,mas_langgraph,Organizational Behavior,Organizational growth,"[""Organizational growth"", ""Corporate transformation"", ""Institutional renewal"", ""Structural evolution""]",True,1.0,1.0,True,True
topic-1673,organisational psychology,industrial psychology,mas_langgraph,Psychology,Industrial relations science,"[""Human resource management"", ""Industrial relations science"", ""Management of human resources""]",False,0.5306122448979591,0.6358187794685364,False,False
topic-7581,organisations,institutions,mas_langgraph,Organisations belongs to the domain of Sociology.,Enterprises,"[""Enterprises"", ""Firms"", ""Corporations"", ""Institutions"", ""Associations""]",False,0.34782608695652173,0.49815332889556885,False,True
topic-1674,organisational sociology,sociology of organizations,mas_langgraph,Sociology,Organizational Studies,"[""Organizational Studies"", ""Institutional Analysis"", ""Corporate Culture"", ""Group Dynamics""]",False,0.5416666666666667,0.643389105796814,False,False
topic-3104,organisation theory,organizational theory,mas_langgraph,Management and Organisation,Organizational structure,"[""Organizational structure"", ""Structural theory"", ""Institutional analysis""]",False,0.7555555555555555,0.7435572147369385,False,False
topic-2266,organisational change,organizational transformation,mas_langgraph,Organizational Behavior,Restructuring,"[""Restructuring"", ""Redesign"", ""Transformation"", ""Overhaul""]",False,0.2857142857142857,0.6319422125816345,False,False
topic-6762,organisation studies,organizational studies,mas_langgraph,Organisation Studies is a subfield of Sociology.,Social Organisation,"[""Social Organisation"", ""Organizational Behavior"", ""Institutional Analysis"", ""Sociological Analysis""]",False,0.5365853658536586,0.5718763470649719,False,False
topic-1676,old testament,Hebrew Bible,mas_langgraph,Biblical Studies,Hebrew Scriptures,"[""Hebrew Scriptures"", ""Israelite Tradition"", ""Torah Scrolls"", ""Pentateuchal Books""]",False,0.6206896551724138,0.8988460302352905,False,False
topic-2275,aging,growing old,mas_langgraph,Gerontology,Senescence,"[""Aging process"", ""Geriatric change"", ""Senescence""]",False,0.09523809523809523,0.4532162845134735,False,False
topic-9341,older workers,senior employees,mas_langgraph,Demography,Aged workforce,"[""Aged workforce"", ""Senior employees"", ""Mature workers"", ""Experienced personnel"", ""Seasoned staff""]",False,0.33333333333333337,0.6120270490646362,True,True
topic-7061,elderly people,senior citizens,mas_langgraph,Gerontology,Elderly individuals,"[""Elderly individuals"", ""Older adults"", ""Aged persons"", ""Senior citizens""]",False,0.3529411764705882,0.7714724540710449,False,True
topic-1678,government policy,public policy,mas_langgraph,Public Administration,Regulation,"[""Legislation"", ""Regulation"", ""Guidelines"", ""Rules""]",False,0.34782608695652173,0.536335289478302,False,False
topic-6261,public economics,government economics,mas_langgraph,Economics,Public sector economics,"[""Public sector economics"", ""Social welfare economics"", ""Applied welfare economics""]",False,0.5581395348837209,0.7845980525016785,False,False
topic-1679,government finance,public finance,mas_langgraph,Public Finance,Financial governance,"[""Financial governance"", ""Treasury management"", ""State spending"", ""Budgeting"", ""Expenditure management"", ""Administration"", ""Revenue collection""]",False,0.4705882352941176,0.6405993700027466,False,False
topic-1681,mergers,consolidations,mas_langgraph,Economics,Acquisitions,"[""Acquisitions"", ""Consolidations"", ""Combinations""]",False,0.6153846153846154,0.4222131371498108,True,True
topic-12321,minor mental disorders,emotional exhaustion,mas_langgraph,Psychiatry,Mild mental disorders,"[""Minor psychiatric issues"", ""Mild mental disorders""]",False,0.3902439024390244,0.344215452671051,False,False
topic-1682,paneldata and latent variables,longitudinal data and hidden variables,mas_langgraph,Econometrics,Instrumental variables estimation,"[""Instrumental variables estimation"", ""Multivariate regression analysis"", ""Structural equation modeling"", ""Error correction model"", ""Generalized method of moments""]",False,0.45070422535211263,0.31658053398132324,False,False
topic-1683,pastoral psychology,Pastoral Counseling Psychology,mas_langgraph,Psychology,Rural psychology,"[""Rural psychology"", ""Countryside psychology"", ""Agricultural psychiatry"", ""Environmental psychiatry""]",False,0.6086956521739131,0.5300555229187012,False,False
topic-1684,pastoral sociology,sociology of pastoral care,mas_langgraph,Sociology,Peasant sociology,"[""Peasant sociology"", ""Rustic sociology"", ""Country life sociology"", ""Rural studies""]",False,0.41860465116279066,0.5296428799629211,False,False
topic-1685,pastoral theology,spiritual care theology,mas_langgraph,Theology,Rural theology,"[""Rural theology"", ""Provincial theology"", ""Agricultural theology""]",False,0.7027027027027026,0.5538689494132996,False,False
topic-1891,priesthood/pastoral care,clerical ministry,mas_langgraph,Theology/Religion,Pastoral ministry,"[""Pastoral ministry"", ""Religious leadership"", ""Spiritual guidance"", ""Ministry""]",False,0.7058823529411764,0.7021821737289429,False,False
topic-363,pastoral counseling,spiritual counseling,mas_langgraph,Counseling Psychology,Pastoral psychotherapy,"[""Pastoral psychotherapy"", ""Therapeutic pastoral care"", ""Rural mental health counseling""]",False,0.38095238095238093,0.7017427682876587,False,False
topic-2180,pastoral assistance,spiritual support,mas_langgraph,Social Work,Humanitarian assistance,"[""Humanitarian assistance"", ""Social service aid"", ""Counseling support"", ""Community care"", ""Care coordination""]",False,0.35,0.34809982776641846,False,False
topic-16922,Ecclesiastical Latin New Testament Greek,Patristic studies,mas_langgraph,Biblical Studies,Liturgical,"[""Liturgical"", ""Sacred"", ""Scriptural"", ""Divine"", ""Canonical""]",False,0.2962962962962963,0.41467809677124023,False,False
topic-15702,pensions,retirement benefits,mas_langgraph,Economics,Pension funds,"[""Pension funds"", ""Retirements"", ""Social Security benefits"", ""Benefits packages""]",False,0.375,0.6145998239517212,False,False
topic-15442,"pensions, pension deal, pensioenfondsen",retirement benefits,mas_langgraph,Economics,Pension plans,"[""Pension plans"", ""Life pensions"", ""Retirements"", ""Social security benefits"", ""Old-age provisions""]",False,0.375,0.6771262884140015,False,False
topic-6061,perception,awareness,mas_langgraph,Psychology,Sensation,"[""Sensation"", ""Awareness"", ""Experience""]",False,0.33333333333333337,0.36600613594055176,True,True
topic-41,Personalization,customization,mas_langgraph,Information Systems,Customization,"[""Customization"", ""Individualized service"", ""Tailoring""]",True,1.0,1.0,True,True
topic-1690,psychology of human resources,occupational psychology,mas_langgraph,Organizational Behavior,Human resource management,"[""Human resource management"", ""Management of organizational effectiveness"", ""Industrial relations theory""]",False,0.29166666666666663,0.4136788249015808,False,False
topic-1691,human resources sciences,personnel sciences,mas_langgraph,Organizational Behavior,Workforce sciences,"[""Workforce sciences"", ""Organizational psychology"", ""Management studies"", ""Occupational analysis"", ""Industrial relations""]",False,0.6666666666666667,0.8039485812187195,False,False
topic-1692,persons and family law,family law,mas_langgraph,Law,Marital and Family Law,"[""Marital and Family Law"", ""Family Legislation"", ""Domestic Relations Law"", ""Inheritance Law"", ""Matrimonial Law"", ""Personal Jurisdiction""]",False,0.625,0.8817422986030579,False,False
topic-364,personal growth,self-improvement,mas_langgraph,Psychology,Self-improvement,"[""Self-improvement"", ""Mental development"", ""Developmental change"", ""Emotional maturation"", ""Character refinement""]",True,1.0,1.0,True,True
topic-2226,personality,character,mas_langgraph,Psychology,Temperament,"[""Temperament"", ""Attitude"", ""Character"", ""Manner"", ""Nature"", ""Disposition""]",False,0.30000000000000004,0.3651427626609802,True,True
topic-2124,personality and health,health psychology,mas_langgraph,Psychology,Personality traits,"[""Personality traits"", ""Psychological well-being"", ""Psychosocial functioning"", ""Emotional state"", ""Mental constitution"", ""Attitudinal characteristics""]",False,0.34285714285714286,0.34896141290664673,False,False
topic-10922,persuasive communication,persuasion,mas_langgraph,Public Relations,Persuasive appeal,"[""Persuasive appeal"", ""Strategic persuasion"", ""Compelling rhetoric"", ""Convincing message""]",False,0.5925925925925926,0.6025363206863403,False,False
topic-1908,pluralism,diversity,mas_langgraph,Philosophy,Diversity,"[""Diversity"", ""Syncretism"", ""Polycentrism""]",True,1.0,1.0,True,True
topic-4234,pastoral care,spiritual care,mas_langgraph,Psychology,Psycho-social care,"[""Psycho-social care"", ""Care management"", ""Guidance counseling"", ""Supportive therapy"", ""Mental health support"", ""Emotional nurturing""]",False,0.5806451612903225,0.5751863718032837,False,False
topic-10961,consensus democracy,Consensus-based democracy,mas_langgraph,Politics/Political Science,Representative Government,"[""Representative Government"", ""Popular Sovereignty"", ""Majoritarianism"", ""Liberal Republicanism""]",False,0.326530612244898,0.4308437705039978,False,False
topic-1694,political science,government studies,mas_langgraph,Political Science,Politics,"[""Politics"", ""Governance"", ""Administration""]",False,0.3076923076923077,0.5260494947433472,False,False
topic-1695,politics,governance,mas_langgraph,Politics,Government,"[""Government"", ""Governance"", ""Policy""]",False,0.7,0.6884360313415527,True,True
topic-1696,political and administrative crisis,governance crisis,mas_langgraph,Politics/International Relations,Crisis of governance,"[""Crisis of governance"", ""Political upheaval"", ""Regime instability"", ""Power vacuum""]",False,0.5405405405405406,0.9770442247390747,False,False
topic-1697,political philosophy / political ethics,political theory,mas_langgraph,Political Science,Civic Philosophy,"[""Civic Philosophy"", ""Public Philosophy"", ""Political Thought""]",False,0.4375,0.45111772418022156,False,False
topic-1698,political parties,Political Groups,mas_langgraph,Politics,Parties involved in governance,"[""Parties involved in governance"", ""Political organizations"", ""Political blocs""]",False,0.30434782608695654,0.5063421726226807,False,False
topic-3370,portfolio theory,investment theory,mas_langgraph,Economics,Capital asset pricing theory,"[""Capital asset pricing theory"", ""Financial portfolio optimization"", ""Asset allocation approach"", ""Diversification technique"", ""Markowitz model""]",False,0.48888888888888893,0.6820014715194702,False,False
topic-2168,postmodernism,post-structuralism,mas_langgraph,Philosophy,Poststructuralism,"[""Poststructuralism"", ""Antiessentialism"", ""Decentering""]",True,1.0,1.0,True,True
topic-1701,practical theology,applied theology,mas_langgraph,Theology,applied theology,"[""applied theology"", ""theological praxis""]",True,1.0,1.0,True,True
topic-15522,performance indicators,performance metrics,mas_langgraph,Operations Research,Key Performance Metrics,"[""Success Indicators"", ""Key Performance Metrics"", ""Performance Standards"", ""Outcome Measures""]",False,0.9047619047619048,0.8357273936271667,False,False
topic-1702,private law,civil law,mas_langgraph,Law,Personal law,"[""Personal law"", ""Private justice"", ""Civil law""]",False,0.4761904761904761,0.6479471325874329,True,True
topic-1704,privacy,confidentiality,mas_langgraph,Computer Science,Confidentiality,"[""Confidentiality"", ""Secrecy"", ""Non-disclosure"", ""Data protection""]",True,1.0,0.9999999403953552,True,True
topic-3126,privatization,deregulation,mas_langgraph,Economics,Liberalization,"[""Liberalization"", ""Decentralization"", ""Deregulation"", ""Decontrol""]",False,0.6153846153846154,0.5733565092086792,True,True
topic-1705,procedural law,legal procedure,mas_langgraph,Law,Statutory law,"[""Statutory law"", ""Legislative law"", ""Legal code"", ""Normative law"", ""Administrative law"", ""Regulatory law""]",False,0.2142857142857143,0.5122429728507996,False,False
topic-1707,production management,manufacturing process management,mas_langgraph,Operations Management,Logistics organization,"[""Logistics organization"", ""Manufacturing oversight"", ""Supply chain coordination"", ""Operational scheduling"", ""Process optimization""]",False,0.33333333333333337,0.44975146651268005,False,False
topic-3127,productivity,efficiency,mas_langgraph,Economics,Efficiency,"[""Efficiency"", ""Utilization"", ""Effectiveness"", ""Output"", ""Capacity""]",True,1.0,1.0,True,True
topic-7062,professionalisation,skill development,mas_langgraph,Organizational Studies,Professional development,"[""Professional development"", ""Specialization"", ""Career advancement"", ""Expertise formation"", ""Institutionalization""]",False,0.7317073170731707,0.6410653591156006,False,False
topic-3130,programming,coding,mas_langgraph,Computer Science,Coding,"[""Coding"", ""Software engineering"", ""Scripting"", ""Algorithms"", ""App development""]",True,1.0,1.0,True,True
topic-11671,psychiatry and religion,mental health and spirituality,mas_langgraph,Psychiatry,Psycho-religious studies,"[""Psycho-religious studies"", ""Psychological spirituality"", ""Spiritual psychology""]",False,0.30188679245283023,0.3735188841819763,False,False
topic-6721,mental disorders,psychological disorders,mas_langgraph,Psychiatry,Mental illnesses,"[""Mental illnesses"", ""Psychiatric conditions"", ""Psychopathology"", ""Emotional disturbances""]",False,0.3589743589743589,0.7408744692802429,False,False
topic-9961,psycho-oncology,cancer psychology,mas_langgraph,Psychology,Psychological oncology,"[""Psychological oncology"", ""Psychosocial oncology"", ""Psychoneurooncology""]",False,0.5128205128205128,0.809170126914978,False,False
topic-2097,psychopharmacology,neuropharmacology,mas_langgraph,Psychiatry,Neuropsychopharmacology,"[""Clinical psychopharmacology"", ""Medicinal psychopharmacology"", ""Neuropsychopharmacology""]",False,0.85,0.8630845546722412,False,False
topic-2101,psychophysiology,physiological psychology,mas_langgraph,"Psychophysiology belongs to the domain of ""Psychology"".",Physiological psychology,"[""Physiological psychology"", ""Psychoneuroimmunology"", ""Cognitive psychology"", ""Neuropsychopharmacology""]",True,1.0,1.0,True,True
topic-1711,psycholinguistics,language psychology,mas_langgraph,Linguistics,Speech psychology,"[""Cognitive linguistics"", ""Speech psychology"", ""Language acquisition"", ""Discourse analysis""]",False,0.6666666666666667,0.7508021593093872,False,False
topic-1712,psychology,mental science,mas_langgraph,Psychology,Behavioral studies,"[""Behavioral studies"", ""Cognitive science"", ""Psychotherapy"", ""Psychiatry"", ""Mental health"", ""Neuropsychology""]",False,0.4375,0.5183306932449341,False,False
topic-16563,psychological contract,implicit agreement,mas_langgraph,Organizational Behavior,Social contract,"[""Social contract"", ""Workplace commitment"", ""Employment agreement"", ""Professional obligation""]",False,0.36363636363636365,0.24684812128543854,False,False
topic-2214,psychological marketing,consumer psychology,mas_langgraph,Marketing,Neuromarketing,"[""Social influence marketing"", ""Neuromarketing""]",False,0.303030303030303,0.5033404231071472,False,False
topic-15742,psychometrics,psychological measurement,mas_langgraph,Psychometrics,Psychological measurement,"[""Psychological measurement"", ""Statistical analysis of behavior"", ""Measurement theory"", ""Test theory""]",True,1.0,1.0,True,True
topic-1714,psychonomics,cognitive psychology,mas_langgraph,Psychophysiology,Psychophysics,"[""Psychophysics"", ""Physiological psychology"", ""Neuropsychology"", ""Behavioral neuroscience""]",False,0.4242424242424242,0.5947585105895996,False,False
topic-1715,psychosomatics,mind-body medicine,mas_langgraph,Psychiatry,Psychogenicity,"[""Psychogenicity"", ""Psychopharmacology"", ""Psychotherapy"", ""Neuropsychiatry"", ""Somatic psychology"", ""Somatopsychology"", ""Mind-body medicine""]",False,0.32258064516129037,0.345083087682724,False,False
topic-1716,psychotherapy,talk therapy,mas_langgraph,Psychology,Therapeutic counseling,"[""Therapeutic counseling"", ""Talk therapy"", ""Counseling"", ""Psychoanalysis"", ""Behavioral modification""]",False,0.3529411764705882,0.6225438117980957,True,True
topic-17222,public/private distinction,public-private divide,mas_langgraph,Economics,Private/public sector separation,"[""Private/public sector separation"", ""State/corporate distinction"", ""Market/state dichotomy""]",False,0.43137254901960786,0.4034188985824585,False,False
topic-1717,public sector,government sector,mas_langgraph,Public Administration,Government,"[""State sector"", ""Government"", ""Public interest"", ""Civil service""]",False,0.7407407407407408,0.6835243105888367,False,False
topic-11241,disasters,Catastrophes,mas_langgraph,Disaster studies,Catastrophes,"[""Catastrophes"", ""Crises"", ""Calamities""]",True,1.0,1.000000238418579,True,True
topic-5635,rawls,John Rawls' theories,mas_langgraph,Philosophy,Justice as Fairness,"[""Justice as Fairness"", ""Contractualism"", ""Utilitarianism"", ""Social Contract""]",False,0.42105263157894735,0.16136930882930756,False,False
topic-12042,law and economics,economic law,mas_langgraph,Economics,Legal economics,"[""Legal economics"", ""Economic jurisprudence"", ""Juridical economics"", ""Institutional analysis""]",False,0.5925925925925926,0.848872184753418,False,False
topic-1719,law and informatization/computerization,legal informatics,mas_langgraph,Information Law,Regulatory reform and informatization,"[""Regulatory reform and informatization"", ""Legal framework and digitalization"", ""Digital governance and legislation"", ""Electronic governance and regulatory policy""]",False,0.4814814814814815,0.48528429865837097,False,False
topic-9463,judiciary system,judiciary,mas_langgraph,Law,Judicial bodies,"[""Judicial bodies"", ""Courts"", ""Judicial councils"", ""Legal tribunals"", ""Judicature""]",False,0.5833333333333333,0.7436586618423462,False,False
topic-2248,legal principles,legal doctrines,mas_langgraph,Law,Legal doctrine,"[""Legal doctrine"", ""Jurisprudence"", ""Judicial precedents"", ""Canons of law""]",False,0.9655172413793103,0.824345588684082,False,False
topic-1721,philosophy of law,legal philosophy,mas_langgraph,Law,Jurisprudence,"[""Jurisprudence"", ""Legal Theory"", ""Normative Jurisprudence"", ""Regulative Jurisprudence"", ""Critical Legal Studies""]",False,0.2068965517241379,0.7108395099639893,False,False
topic-1722,history of law,legal history,mas_langgraph,Law,Jurisprudence,"[""Jurisprudence"", ""Legal tradition"", ""Legislative development"", ""Juridical evolution"", ""Regulatory framework""]",False,0.23076923076923073,0.6289063692092896,False,False
topic-1724,legal persons law,corporate law,mas_langgraph,Law,Institutions,"[""Entities"", ""Institutions"", ""Corporations"", ""Organizations"", ""Associations""]",False,0.07999999999999996,0.3413888216018677,False,False
topic-1725,sociology of law,legal sociology,mas_langgraph,Sociology,Law and Society,"[""Law and Society"", ""Jurisprudence"", ""Regulatory Sociology"", ""Criminological Sociology"", ""Institutional Analysis"", ""Social Structure Analysis""]",False,0.5333333333333333,0.6767553091049194,False,False
topic-2186,rule of law,legal governance,mas_langgraph,Law,Statutory law,"[""Statutory law"", ""Normative principle"", ""Judicial authority"", ""Legal framework"", ""Regulatory code""]",False,0.27586206896551724,0.4910494387149811,False,False
topic-1726,legal theory,jurisprudence,mas_langgraph,Law,Legal philosophy,"[""Legal philosophy"", ""Jurisprudence"", ""Normative theory""]",False,0.2068965517241379,0.7108395099639893,True,True
topic-1727,comparative law,legal comparison,mas_langgraph,Law,Comparative jurisprudence,"[""Comparative jurisprudence"", ""Jurisprudence""]",False,0.4390243902439024,0.6782922744750977,False,False
topic-1728,judicial construction,legal interpretation,mas_langgraph,Law,Judicial determination,"[""Judicial determination"", ""Juridical analysis"", ""Legal interpretation""]",False,0.5238095238095238,0.4874171018600464,True,True
topic-2058,advertising,promotion,mas_langgraph,Marketing,Publicity,"[""Publicity"", ""Salesmanship"", ""Promotion""]",False,0.2222222222222222,0.551889181137085,True,True
topic-1996,advertising and ethics,ethical marketing,mas_langgraph,Marketing,Publicity and values,"[""Publicity and values"", ""Corporate social responsibility""]",False,0.32432432432432434,0.47597503662109375,False,False
topic-2209,psychology of advertising,advertising psychology,mas_langgraph,Marketing,Advertising Psychology,"[""Advertising Psychology"", ""Behavioral Marketing Studies"", ""Consumer Behavior Analysis"", ""Promotion Science""]",True,1.0,1.0,True,True
topic-4641,recreation,leisure activities,mas_langgraph,Recreation,Leisure,"[""Leisure"", ""Hobby"", ""Entertainment"", ""Play"", ""Pastime"", ""Fun"", ""Amusement""]",False,0.56,0.891869068145752,False,False
topic-5626,reductionism,simplification,mas_langgraph,Philosophy of Science,Reduction,"[""Reduction"", ""Abstraction"", ""Narrowing""]",False,0.43478260869565216,0.5117918252944946,False,False
topic-10481,reflection,contemplation,mas_langgraph,Psychology,Self-examination,"[""Self-examination"", ""Pondering"", ""Introspection"", ""Contemplation""]",False,0.5,0.2521507143974304,False,True
topic-5640,regional governance,regional administration,mas_langgraph,Politics/International Relations,Regional coordination,"[""Regional coordination"", ""Territorial management"", ""Local autonomy governance"", ""Subregional administration"", ""Intergovernmental collaboration""]",False,0.7727272727272727,0.6711476445198059,False,False
topic-1729,regional economics,local economics,mas_langgraph,Economics,Regional economic systems,"[""Regional economic systems"", ""Territorial economics"", ""Subnational economic policy""]",False,0.65,0.6392666101455688,False,False
topic-2150,regional economic development,local economic growth,mas_langgraph,Economics,Regional economic advancement,"[""Regional economic advancement"", ""Territorial economic development"", ""Subregional economic progress"", ""Local economic expansion"", ""Area-specific economic growth"", ""Provincial economic improvement""]",False,0.56,0.7453197240829468,False,False
topic-3602,regional history,local history,mas_langgraph,History,Regional narrative,"[""Regional narrative"", ""Provincial past"", ""Local studies""]",False,0.32258064516129037,0.530389666557312,False,False
topic-12205,regulation of new technologies,technology oversight,mas_langgraph,Information Technology Management,Management of technological innovation,"[""Regulation of cutting-edge technology"", ""Control of technological progress"", ""Management of technological innovation"", ""Governance of digital advancements"", ""Oversight of new information systems""]",False,0.4482758620689655,0.5063654184341431,False,False
topic-7341,relationship between judaism and christianity,Judeo-Christian relations,mas_langgraph,Religious Studies,Jewish-Christian dialogue,"[""Jewish-Christian dialogue"", ""Historical intersection"", ""Interfaith dynamics"", ""Cultural exchange""]",False,0.5833333333333333,0.42932361364364624,False,False
topic-1730,relations law (*),family law,mas_langgraph,Law,Statutes,"[""Statutes"", ""Provisions"", ""Precedents"", ""Regulations"", ""Decrees""]",False,0.11111111111111116,0.5463031530380249,False,False
topic-4664,religious fundamentalism,religious extremism,mas_langgraph,Religious Studies,Fundamentalist theology,"[""Fundamentalist theology"", ""Militant monotheism"", ""Dogmatic orthodoxy""]",False,0.33333333333333337,0.4346620440483093,False,False
topic-2291,religious leadership,spiritual leadership,mas_langgraph,Theology,Church leadership,"[""Church leadership"", ""Religious governance"", ""Ecclesiastical authority"", ""Spiritual guidance"", ""Pastoral care""]",False,0.6486486486486487,0.7027264833450317,False,False
topic-1889,religious communication,faith-based communication,mas_langgraph,Communication Studies,Spiritual discourse,"[""Spiritual discourse"", ""Religious rhetoric"", ""Sacred dialogue"", ""Faith-based expression""]",False,0.32558139534883723,0.530124306678772,False,False
topic-2088,religious market,faith marketplace,mas_langgraph,Economics,Religious sector,"[""Religious sector"", ""Holy market"", ""Spiritual economy"", ""Faith-based industry""]",False,0.24242424242424243,0.5547161102294922,False,False
topic-7684,religious associations,faith-based groups,mas_langgraph,Sociology,Religious institutions,"[""Religious institutions"", ""Church organizations"", ""Faith-based networks""]",False,0.2564102564102564,0.49860474467277527,False,False
topic-8822,catholic care and its tradition,Catholic pastoral care,mas_langgraph,Religious Studies,Ecumenical aid,"[""Ecumenical aid"", ""Religious charity"", ""Philanthropic service"", ""Universal compassion"", ""Spiritual guidance"", ""Moral assistance"", ""Interfaith support""]",False,0.38888888888888884,0.4339354336261749,False,False
topic-11601,reorganizations,reorganisation,mas_langgraph,Organizational Studies,Restructurings,"[""Restructurings"", ""Overhauls"", ""Redesigns"", ""Rearrangements"", ""Reconfigurations""]",False,0.4285714285714286,0.7521957159042358,False,False
topic-12601,representation,advocacy,mas_langgraph,Information Systems,Surrogate,"[""Surrogate"", ""Copy"", ""Facsimile"", ""Proxy""]",False,0.23529411764705888,0.24165098369121552,False,False
topic-1732,rethorics,persuasive speech,mas_langgraph,academic taxonomy,Argumentation theory,"[""Argumentation theory"", ""Discourse analysis""]",False,0.32432432432432434,0.3893408179283142,False,False
topic-2161,convalescence,recovery,mas_langgraph,Medicine,Recovery,"[""Remission"", ""Rehabilitation"", ""Recovery"", ""Recuperation"", ""Regeneration""]",True,1.0,1.0,True,True
topic-10903,rfid,radio-frequency identification,mas_langgraph,Computer Science,Radio Frequency Identification,"[""Radio Frequency Identification"", ""Radio Frequency Tagging"", ""Radio Frequency Transponder""]",False,0.9830508474576272,0.8022293448448181,False,False
topic-3151,risk models,risk assessment models,mas_langgraph,Economics/Finance,Risk analysis frameworks,"[""Risk analysis frameworks"", ""Probabilistic models"", ""Value-at-risk calculations"", ""Portfolio assessments"", ""Stress testing tools""]",False,0.5217391304347826,0.7440879940986633,False,False
topic-12203,risk regulation,risk management,mas_langgraph,Public Policy,Risk management,"[""Risk management"", ""Regulatory control"", ""Regulatory governance"", ""Policy oversight"", ""Governance framework"", ""Compliance monitoring""]",True,1.0,1.0000001192092896,True,True
topic-4701,ritual studies,ritual analysis,mas_langgraph,Anthropology,Social ritual investigation,"[""Social ritual investigation"", ""Ceremonial analysis"", ""Rite of passage research""]",False,0.4761904761904761,0.8156425356864929,False,False
topic-2190,rituals,ceremonies,mas_langgraph,Anthropology,Ceremonies,"[""Ceremonies"", ""Traditions"", ""Rites""]",True,1.0,1.0,True,True
topic-2178,mourning,grieving,mas_langgraph,Anthropology,Grief,"[""Grief"", ""Sorrow"", ""Bereavement"", ""Condolence""]",False,0.6153846153846154,0.8197228908538818,False,False
topic-621,spatial information / geographical information,location data,mas_langgraph,Geography,Locational information,"[""Locational information"", ""Geographical knowledge"", ""Regional data"", ""Spatial awareness"", ""Territorial facts"", ""Topographic data"", ""Cartographic details""]",False,0.6285714285714286,0.8142518997192383,False,False
topic-1736,sacramental theology,sacramentology,mas_langgraph,Theology,Liturgical theology,"[""Sacramental theology"", ""Liturgical theology"", ""Divine worship theology""]",False,0.48484848484848486,0.2545373737812042,False,False
topic-12301,collaborative learning,cooperative learning,mas_langgraph,Education/ Learning,Cooperative study,"[""Cooperative study"", ""Grouped learning"", ""Mutual support pedagogy"", ""Joint problem-solving""]",False,0.6486486486486487,0.7230762839317322,False,False
topic-17102,Collaboration,Cooperation,mas_langgraph,Organizational Behavior,Cooperation,"[""Cooperation"", ""Partnership"", ""Teamwork"", ""Interdependence"", ""Synergy""]",True,1.0,1.0,True,True
topic-2293,shame,embarrassment,mas_langgraph,Psychology,Regret,"[""Regret"", ""Embarrassment"", ""Guilt"", ""Humiliation""]",False,0.42105263157894735,0.40731826424598694,True,True
topic-3156,estimation theory,parameter estimation,mas_langgraph,Statistics,Bayesian analysis,"[""Bayesian analysis"", ""Statistical inference"", ""Probability theory""]",False,0.32432432432432434,0.4594604969024658,False,False
topic-4255,creation (stories of the),origin myths,mas_langgraph,Mythology,Genesis,"[""Genesis"", ""Myths"", ""Legends""]",False,0.3157894736842105,0.373313844203949,False,False
topic-1739,writing methods/processes/techniques,writing strategies,mas_langgraph,Rhetoric and Composition,Composition strategies,"[""Teaching methods"", ""Composition strategies"", ""Communication styles"", ""Pedagogy""]",False,0.75,0.5107652544975281,False,False
topic-4721,guilt,remorse,mas_langgraph,Psychology,Remorse,"[""Remorse"", ""Regret"", ""Conscience"", ""Shame""]",True,1.0,1.0000001192092896,True,True
topic-1888,guilt and sin,moral culpability,mas_langgraph,Religious Studies,Remorse,"[""Remorse"", ""Iniquity"", ""Transgression"", ""Culpability""]",False,0.25,0.39619022607803345,False,False
topic-6921,gender,sex,mas_langgraph,Sociology,Masculinity,"[""Masculinity"", ""Sex Roles"", ""Femininity"", ""Sexual Orientation"", ""Biological Sex"", ""Sex""]",False,0.1428571428571429,0.46336889266967773,False,False
topic-2205,gender differences,gender disparities,mas_langgraph,Psychology,Male-female distinctions,"[""Male-female distinctions"", ""Gender disparity"", ""Biological sex differences"", ""Sexual dimorphism""]",False,0.4878048780487805,0.39605802297592163,False,False
topic-2087,sects and new religious movements,alternative religious groups,mas_langgraph,Religious Studies,sects,"[""sects"", ""Sectarian groups""]",False,0.18181818181818177,0.6076660752296448,False,False
topic-1743,semantics,meaning analysis,mas_langgraph,Linguistics,Meaning,"[""Syntax"", ""Meaning"", ""Semiotics"", ""Signification""]",False,0.6086956521739131,0.5642627477645874,False,False
topic-1744,semiotics,sign theory,mas_langgraph,Linguistics,Signification,"[""Signification"", ""Semantical study""]",False,0.5,0.620529294013977,False,False
topic-15462,Service-Oriented Computing,service-based computing,mas_langgraph,Computer Science,Process-Oriented Computing,"[""Process-Oriented Computing"", ""Software as a Service"", ""Network-Centric Computing"", ""Component-Based Computing"", ""Client-Server Architecture""]",False,0.6808510638297872,0.556102991104126,False,False
topic-1745,simulation,imitative representation,mas_langgraph,Computer Science,Model,"[""Model""]",False,0.13793103448275867,0.3128248155117035,False,False
topic-13621,victims,survivors,mas_langgraph,Psychology,Survivors,"[""Survivors"", ""Sufferers"", ""Wards""]",True,1.0,1.0,True,True
topic-4233,social capital,social networks,mas_langgraph,Sociology,Social bonds,"[""Social bonds"", ""Social connections"", ""Community ties"", ""Trust networks""]",False,0.6666666666666667,0.4466594457626343,False,False
topic-12482,social network analysis,network analysis,mas_langgraph,Sociology,Social structure analysis,"[""Social structure analysis"", ""Network sociology"", ""Organizational network theory"", ""Community formation research"", ""Institutional linkage investigation"", ""Group interaction examination""]",False,0.5365853658536586,0.5417975187301636,False,False
topic-321,social law,welfare law,mas_langgraph,Law,Legislation,"[""Legislation"", ""Statute"", ""Code""]",False,0.36363636363636365,0.43343400955200195,False,False
topic-12861,social classification,social categorization,mas_langgraph,Anthropology,Cultural categorization,"[""Cultural categorization"", ""Social stratification"", ""Ethnographic grouping"", ""Grouping scheme""]",False,0.8181818181818181,0.7507361769676208,False,False
topic-11841,social cognition,Social understanding,mas_langgraph,Psychology,Social perception,"[""Social perception"", ""Interpersonal understanding"", ""Cognitive appraisal"", ""Interpersonal analysis""]",False,0.6486486486486487,0.706445574760437,False,False
topic-5301,social cohesion,social unity,mas_langgraph,Sociology,Cohesiveness,"[""Cohesiveness"", ""Social unity"", ""Social integration"", ""Communal ties"", ""Collective bonding"", ""Community solidarity"", ""Group harmony""]",False,0.25,0.460287868976593,True,True
topic-11642,social dilemmas,collective action problem,mas_langgraph,Sociology,Collective dilemma,"[""Collective dilemma"", ""Interpersonal conflict"", ""Conflict of interest""]",False,0.6976744186046511,0.7825775146484375,False,False
topic-1754,social philosophy / social ethics,social ethics,mas_langgraph,Philosophy of Social Science,Moral Philosophy of Society,"[""Moral Philosophy of Society"", ""Institutional Ethics"", ""Ethics of Association""]",False,0.35,0.6687380075454712,False,False
topic-7461,social inequality,social disparity,mas_langgraph,Sociology,Disparities,"[""Disparities"", ""Discrimination"", ""Injustice"", ""Unequal access""]",False,0.5925925925925926,0.7632572054862976,False,False
topic-1758,social politics,welfare politics,mas_langgraph,Politics,Social governance,"[""Social governance"", ""Government relations"", ""Public affairs"", ""Governance"", ""Policy making"", ""Statecraft""]",False,0.24242424242424243,0.47271883487701416,False,False
topic-13541,social processes,interpersonal process,mas_langgraph,Sociology,Social dynamics,"[""Social dynamics"", ""Social interactions"", ""Group behaviors"", ""Interpersonal interactions""]",False,0.38888888888888884,0.4479854702949524,False,False
topic-1759,social psychology,interpersonal psychology,mas_langgraph,Psychology,Social influence study,"[""Social influence study"", ""Interpersonal relationships research"", ""Human behavior studies"", ""Human relations research"", ""Group dynamics investigation""]",False,0.30434782608695654,0.35885119438171387,False,False
topic-2018,social justice,equitable justice,mas_langgraph,Sociology,Social equality,"[""Social equality"", ""Human rights"", ""Egalitarianism"", ""Civil liberties promotion"", ""Equity reform""]",False,0.375,0.5662243962287903,False,False
topic-9281,social exclusion,marginalization,mas_langgraph,Sociology,Discrimination,"[""Isolation"", ""Discrimination"", ""Ostracism"", ""Marginalization""]",False,0.5517241379310345,0.3946438729763031,False,True
topic-1760,social security,welfare system,mas_langgraph,Economics,Retirement benefits,"[""Retirement benefits"", ""Pension system"", ""Unemployment insurance"", ""Public assistance"", ""Government support""]",False,0.303030303030303,0.27609652280807495,False,False
topic-5403,social security principles,welfare principles,mas_langgraph,Economics,Insurance principles,"[""Insurance principles"", ""Social welfare frameworks"", ""Benefit entitlements"", ""Pensionary policies"", ""Welfare economics""]",False,0.6842105263157895,0.5354084372520447,False,False
topic-1762,social security law,welfare law,mas_langgraph,Law,Retirement benefits law,"[""Retirement benefits law"", ""Welfare statute"", ""Social welfare policy"", ""Pension legislation"", ""Public pension regulation""]",False,0.4117647058823529,0.4132101535797119,False,False
topic-3970,"social security law, international",global social security law,mas_langgraph,International Law,Transnational Social Protection Instrument,"[""Transnational Social Protection Instrument"", ""International Pension Agreement"", ""International Pension Code"", ""Global Social Welfare Convention""]",False,0.4411764705882353,0.5702645778656006,False,False
topic-1765,sociolinguistics,social linguistics,mas_langgraph,Linguistics/Social Sciences,Sociolinguistic analysis,"[""Sociolinguistic analysis"", ""Social language study"", ""Discourse sociology"", ""Social discourse analysis""]",False,0.7142857142857143,0.6795043349266052,False,False
topic-1766,sociology,social science,mas_langgraph,Sociology,Social Science,"[""Social Science"", ""Social Structure"", ""Social Studies"", ""Anthropology"", ""Human Relations"", ""Study of Human Behavior""]",True,1.0,1.0,True,True
topic-842,Sociology,social science,mas_langgraph,Sociology,Social Science,"[""Social Science"", ""Social Theory"", ""Anthropology"", ""Human Studies"", ""Institutional Analysis"", ""Cultural Analysis""]",True,1.0,1.0,True,True
topic-1768,sociological theories,social theories,mas_langgraph,Sociology,Social scientific theories,"[""Social scientific theories"", ""Structural theories"", ""Institutional analyses""]",False,0.7317073170731707,0.9034117460250854,False,False
topic-8622,soft law,non-binding guidelines,mas_langgraph,Law,Guidance,"[""Guidance""]",False,0.41379310344827597,0.3652443289756775,False,False
topic-9441,solidarity,unity,mas_langgraph,Sociology,Group solidarity,"[""Group solidarity"", ""Mutual support"", ""Social cohesion""]",False,0.38095238095238093,0.40779516100883484,False,False
topic-1769,spanish,Castilian,mas_langgraph,Linguistics,Latin,"[""Latin"", ""Castilian"", ""Romance""]",False,0.5714285714285714,0.3897891640663147,True,True
topic-1770,spelling,orthography,mas_langgraph,Linguistics,Orthography,"[""Phonetics"", ""Orthography"", ""Grapheme""]",True,1.0,1.0000001192092896,True,True
topic-1771,game theory,strategic interaction theory,mas_langgraph,Economics,Rational choice theory,"[""Rational choice theory"", ""Market dynamics"", ""Strategic analysis""]",False,0.6,0.364610493183136,False,False
topic-7262,spirituality,spiritual life,mas_langgraph,Psychology,Mysticism,"[""Mysticism"", ""Transcendence"", ""Innerworldliness""]",False,0.26086956521739135,0.6416483521461487,False,False
topic-3185,speech technology,voice technology,mas_langgraph,Computer Science,Artificial speech processing,"[""Artificial speech processing"", ""Speech recognition systems"", ""Human-computer dialogue"", ""Natural language processing""]",False,0.36363636363636365,0.582280158996582,False,False
topic-3188,talking computer,speech-enabled computer,mas_langgraph,Computer Science,Conversational device,"[""Conversational device"", ""Human-computer interface"", ""Automated dialogue interface"", ""Interactive machine"", ""Artificial intelligence system""]",False,0.37209302325581395,0.49266281723976135,False,False
topic-1773,municipal law,local government law,mas_langgraph,Law,Municipal code,"[""Municipal code"", ""City ordinance"", ""Local legislation""]",False,0.3529411764705882,0.6998449563980103,False,False
topic-10941,urban governance,Municipal governance,mas_langgraph,Public Administration,Governance of cities,"[""Governance of cities"", ""City management"", ""Urban policy implementation"", ""Local government management"", ""Municipal administration"", ""Metropolitan administration""]",False,0.5,0.8476346731185913,False,False
topic-12761,urban history,city history,mas_langgraph,History,Historical development of cities,"[""Historical development of cities"", ""City studies"", ""Metropolitan past"", ""Municipal heritage"", ""Community archives""]",False,0.2727272727272727,0.8193971514701843,False,False
topic-11342,standardisation,Standardization,mas_langgraph,Information Systems,Normalization,"[""Normalization"", ""Harmonization"", ""Uniformity"", ""Certification"", ""Protocol"", ""Conformity""]",False,0.6428571428571428,0.5830034017562866,False,False
topic-1774,statistics,data analysis,mas_langgraph,Mathematics and Statistics,Probability theory,"[""Probability theory"", ""Data analysis"", ""Mathematics"", ""Numerics""]",False,0.25806451612903225,0.2631799578666687,True,True
topic-1775,statistical methods,statistical techniques,mas_langgraph,Statistics,Quantitative analysis methods,"[""Quantitative analysis methods"", ""Inference techniques"", ""Probabilistic methodologies"", ""Data analysis procedures"", ""Mathematical modeling approaches""]",False,0.43137254901960786,0.6109306216239929,False,False
topic-4666,urban development,city planning,mas_langgraph,Urban Planning,Town development,"[""Town development"", ""City planning"", ""Metropolitan expansion"", ""Neighborhood revitalization""]",False,0.27586206896551724,0.6195248365402222,True,True
topic-2182,terminal care,end-of-life care,mas_langgraph,Nursing,Hospice care,"[""Hospice care"", ""Palliative care"", ""Care at the end of life"", ""End-of-life care"", ""Last-stage care"", ""End-of-life support""]",False,0.6153846153846154,0.6292845010757446,False,True
topic-7281,disorders,conditions,mas_langgraph,Psychiatry,Illnesses,"[""Illnesses"", ""Abnormalities"", ""Disturbances"", ""Pathologies""]",False,0.3157894736842105,0.351066917181015,False,False
topic-1778,law of criminal procedure/criminal adjective law,criminal procedural law,mas_langgraph,Law,criminal jurisprudence,"[""criminal jurisprudence"", ""procedural justice"", ""penal code"", ""statutory guideline""]",False,0.5777777777777777,0.7572047114372253,False,False
topic-1780,criminal law,penal law,mas_langgraph,Law,Criminal justice,"[""Criminal justice"", ""Jurisprudence"", ""Statutory law""]",False,0.31999999999999995,0.4712538719177246,False,False
topic-1992,strategic voting behaviour/patterns,tactical voting,mas_langgraph,Political Science,Tactical voting,"[""Tactical voting"", ""Electoral strategy"", ""Campaign tactics"", ""Coalition building""]",True,1.0,1.0,True,True
topic-3204,strategic management,strategic planning,mas_langgraph,Business Administration,Management decision-making,"[""Management decision-making"", ""Executive management"", ""Operational planning"", ""Organizational leadership"", ""Business administration"", ""Corporate governance""]",False,0.37209302325581395,0.550408124923706,False,False
topic-1783,strategic decision-making,strategic planning,mas_langgraph,Management and Organization,Strategic planning,"[""Strategic planning"", ""Informed planning"", ""Proactive risk management""]",True,1.0,1.0,True,True
topic-1757,stratification,social hierarchy,mas_langgraph,Geology,Layering,"[""Layering"", ""Division"", ""Segmentation"", ""Zonation""]",False,0.25,0.24202683568000793,False,False
topic-2206,stress,tension,mas_langgraph,Psychology,Tension,"[""Tension"", ""Anxiety"", ""Pressure"", ""Strain"", ""Overload""]",True,1.0,1.0,True,True
topic-2125,stress management,stress control,mas_langgraph,Psychology,Emotional regulation,"[""Emotional regulation"", ""Coping strategies"", ""Mindfulness practices"", ""Behavioral adjustment strategies""]",False,0.2941176470588235,0.598427414894104,False,False
topic-2215,study skills,learning techniques,mas_langgraph,Education/Personnel Development,Academic skills,"[""Academic skills"", ""Study habits"", ""Educational aptitude"", ""Learning strategies"", ""Cognitive abilities""]",False,0.2941176470588235,0.3276405334472656,False,False
topic-241,supervision,oversight,mas_langgraph,Psychology,Mentorship,"[""Mentorship"", ""Guidance"", ""Monitoring"", ""Observation""]",False,0.42105263157894735,0.25304144620895386,False,False
topic-16663,Supply Chain Management,logistics management,mas_langgraph,Operations Management,Supply Network Management,"[""Supply Network Management"", ""Operations Logistics"", ""Logistics Coordination""]",False,0.5777777777777777,0.608549952507019,False,False
topic-1784,syntax,sentence structure,mas_langgraph,Linguistics,Grammar,"[""Grammar"", ""Discourse"", ""Morphology"", ""Phonology""]",False,0.16000000000000003,0.6702803373336792,False,False
topic-10641,system dynamics,Systems modeling,mas_langgraph,Operations Research,Dynamic modeling,"[""Control theory"", ""Dynamic modeling"", ""Feedback control"", ""Process modeling""]",False,0.6875,0.6183618903160095,False,False
topic-1786,systems theory,systems analysis,mas_langgraph,Philosophy of Science,Methodological framework,"[""Methodological framework"", ""Epistemological framework"", ""Integrated model"", ""Holistic approach"", ""Systematic analysis""]",False,0.15000000000000002,0.3841542601585388,False,False
topic-1788,language,speech,mas_langgraph,Linguistics,Vocabulary,"[""Vocabulary"", ""Dialect"", ""Tongue"", ""Syntax"", ""Jargon"", ""Idiom""]",False,0.125,0.5194210410118103,False,False
topic-3216,language and computers,computational linguistics,mas_langgraph,Computer Science,Programming languages,"[""Programming languages"", ""Computational linguistics"", ""Information technology""]",False,0.43478260869565216,0.5304368138313293,True,True
topic-1790,language and artificial intelligence,computational linguistics,mas_langgraph,Artificial Intelligence,Computational linguistics,"[""Computational linguistics"", ""Natural language processing"", ""Human-computer interaction""]",True,1.0,1.0000001192092896,True,True
topic-1791,language and minorities,minority languages,mas_langgraph,Linguistics,ethnic languages,"[""ethnic languages"", ""minority dialects"", ""linguistic diversity"", ""communicative heritage"", ""indigenous tongues""]",False,0.7058823529411764,0.7609850764274597,False,False
topic-12341,language evolution,linguistic evolution,mas_langgraph,Linguistics,Linguistic adaptation,"[""Linguistic adaptation"", ""Lexical change"", ""Etymological development"", ""Semantic drift""]",False,0.7317073170731707,0.7231041789054871,False,False
topic-1793,philosophy of language,linguistic philosophy,mas_langgraph,Linguistics,Semantics,"[""Semantic theory"", ""Semantics"", ""Pragmatics"", ""Rhetoric"", ""Semiotics""]",False,0.33333333333333337,0.5831471085548401,False,False
topic-1794,language behaviour,linguistic behavior,mas_langgraph,Linguistics/Social Sciences,Verbal behavior,"[""Verbal behavior"", ""Communication patterns"", ""Speech acts"", ""Verbal conduct"", ""Discourse strategies"", ""Interpersonal communication modalities"", ""Social interaction styles""]",False,0.5882352941176471,0.6822694540023804,False,False
topic-3224,linguistic information systems,language processing systems,mas_langgraph,Computer Science,Semantic Information Systems,"[""Semantic Information Systems"", ""Natural Language Processing Systems"", ""Information Retrieval Systems"", ""Language Modeling Systems"", ""Knowledge Representation Systems"", ""Text Analysis Frameworks""]",False,0.509090909090909,0.5542460083961487,False,False
topic-13321,origin of language,glottogony,mas_langgraph,Linguistics,Language genesis,"[""Language genesis"", ""Etymology"", ""Lexical roots"", ""Cognitive emergence""]",False,0.23076923076923073,0.13812004029750824,False,False
topic-1795,language psychology,psycholinguistics,mas_langgraph,Psychology,Speech psychology,"[""Speech psychology"", ""Cognitive linguistics"", ""Linguistic anthropology"", ""Communication studies"", ""Discourse analysis""]",False,0.4705882352941176,0.596839427947998,False,False
topic-1796,language technology,computational linguistics,mas_langgraph,Computer Science,Computational linguistics,"[""Computational linguistics"", ""Artificial intelligence"", ""Human-computer interaction"", ""Natural language processing"", ""Machine learning algorithms""]",True,1.0,1.0000001192092896,True,True
topic-17043,language proficiency,language skills,mas_langgraph,Psycholinguistics,Linguistic competence,"[""Linguistic competence"", ""Communication skill"", ""Discourse ability"", ""Lexical mastery"", ""Semantic competence""]",False,0.33333333333333337,0.761239230632782,False,False
topic-1797,language acquisition,language learning,mas_langgraph,Psycholinguistics,Linguistic maturation,"[""Linguistic maturation"", ""Phonological processing"", ""Lexical growth"", ""Speech and hearing development"", ""Cognitive development"", ""Pragmatic competence"", ""Semantic integration""]",False,0.4736842105263158,0.5956185460090637,False,False
topic-1799,linguistics,language science,mas_langgraph,Language and Communication,Sociolinguistics,"[""Sociolinguistics"", ""Lingua"", ""Phonetics"", ""Etymology""]",False,0.4375,0.5093277096748352,False,False
topic-11741,technology and ethics,tech ethics,mas_langgraph,Information Technology,Innovation and morality,"[""Innovation and morality"", ""Digital governance and responsibility"", ""Information integrity and trust"", ""Artificial intelligence and accountability"", ""Data protection and confidentiality""]",False,0.17647058823529416,0.5727673172950745,False,False
topic-10461,technology strategy,IT strategy,mas_langgraph,Information Systems Management,Corporate IT roadmap,"[""Corporate IT roadmap"", ""Digital transformation plan"", ""IT governance model"", ""Information systems planning framework"", ""Organizational information architecture"", ""Systems integration approach""]",False,0.32258064516129037,0.5022926330566406,False,False
topic-10921,document design,text design,mas_langgraph,Information Architecture,Content Structure Model,"[""Content Structure Model"", ""User Interface Layout"", ""Information Organization System"", ""Organizational Framework"", ""Knowledge Representation Framework"", ""Taxonomic Classification Scheme""]",False,0.3529411764705882,0.4664709270000458,False,False
topic-1803,discourse studies,text analysis,mas_langgraph,Linguistics/Social Sciences,Discourse analysis,"[""Discourse analysis"", ""Critical linguistics""]",False,0.6451612903225806,0.6510776281356812,False,False
topic-10701,temperament,disposition,mas_langgraph,Psychology,Personality,"[""Personality"", ""Mood"", ""Attitude"", ""Emotional state"", ""Disposition""]",False,0.36363636363636365,0.29586267471313477,False,True
topic-11581,terrorism,extremism,mas_langgraph,Politics/Conflict Studies,Violent extremism,"[""Violent extremism"", ""Militant action"", ""Political violence"", ""Insurgent warfare"", ""Asymmetric conflict""]",False,0.6923076923076923,0.9196862578392029,False,False
topic-17044,Questionnaire design,survey design,mas_langgraph,Psychology,Survey methodology design,"[""Survey methodology design"", ""Survey development"", ""Assessment tool construction"", ""Research instrument creation"", ""Evaluation framework development""]",False,0.6842105263157895,0.9087361097335815,False,False
topic-2049,testing,assessment,mas_langgraph,Psychology,Assessment,"[""Screening"", ""Assessment"", ""Evaluation"", ""Validation"", ""Analysis""]",True,1.0,1.0,True,True
topic-1804,theology,divinity studies,mas_langgraph,Religion Studies,Philosophy of Religion,"[""Philosophy of Religion"", ""Religious Studies"", ""Faith"", ""Divinity"", ""Mysticism""]",False,0.21052631578947367,0.502439558506012,False,False
topic-1907,Thomas Aquinas,Scholastic philosopher,mas_langgraph,Theology,St. Thomas,"[""St. Thomas"", ""St. Augustine of Hippo""]",False,0.3870967741935484,0.17415384948253632,False,False
topic-8981,temporary work,short-term employment,mas_langgraph,Economics,Temporary position,"[""Temporary position"", ""Contract labor"", ""Short-term employment"", ""Ad-hoc employment"", ""Interim placement""]",False,0.368421052631579,0.2585066556930542,True,True
topic-3264,time series,chronological data,mas_langgraph,Statistics,Sequence data,"[""Series of observations"", ""Temporal pattern"", ""Sequence data""]",False,0.4516129032258065,0.6363153457641602,False,False
topic-5121,applied econometrics,practical econometrics,mas_langgraph,Economics,Econometric methodology,"[""Econometric methodology"", ""Quantitative economic analysis"", ""Statistical economics"", ""Economic modeling"", ""Empirical macroeconomics"", ""Macroeconometric modeling""]",False,0.48888888888888893,0.8150622248649597,False,False
topic-5803,applied linguistics,practical linguistics,mas_langgraph,Linguistics,Sociolinguistics,"[""Sociolinguistics"", ""Lexicography"", ""Discourse analysis"", ""Speech communication""]",False,0.7027027027027026,0.5481137037277222,False,False
topic-5701,computer applications,software applications,mas_langgraph,Computer Science,Software systems,"[""Software systems"", ""Information systems"", ""Algorithmic frameworks"", ""Technological solutions""]",False,0.5945945945945945,0.7794819474220276,False,False
topic-1807,tourism,travel industry,mas_langgraph,Geography and Tourism,Travel,"[""Travel"", ""Leisure"", ""Pilgrimage"", ""Vacation"", ""Recreation""]",False,0.5714285714285714,0.7375842928886414,False,False
topic-16803,Tourism in protected areas,eco-tourism,mas_langgraph,Environmental Management,Nature-based tourism,"[""Nature-based tourism"", ""Ecotourism"", ""Responsible wildlife viewing""]",False,0.5517241379310345,0.6294406652450562,True,True
topic-2319,tradition and innovation/modernization,heritage and progress,mas_langgraph,Anthropology,Practices,"[""Practices"", ""Cultural heritage"", ""Conventions"", ""Rituals"", ""Customs"", ""Norms""]",False,0.2666666666666667,0.2950480580329895,False,False
topic-3273,transition economics,transformation economics,mas_langgraph,Economics,Economic restructuring,"[""Economic restructuring"", ""Post-communist economics"", ""Market-oriented reforms"", ""State-led development""]",False,0.39130434782608686,0.6781159043312073,False,False
topic-1809,transport,conveyance,mas_langgraph,Transportation Engineering,Mobility,"[""Mobility"", ""Shuttle"", ""Transfer"", ""Conveyance""]",False,0.2222222222222222,0.2349674552679062,False,True
topic-7141,triad model,three-part model,mas_langgraph,Psychology,Triple model,"[""Triple model"", ""Three-part model"", ""Componential model"", ""Tripartite model""]",False,0.6666666666666667,0.67524254322052,True,True
topic-1811,turkish,Anatolian,mas_langgraph,Anthropology,Turkic,"[""Turkic"", ""Ottoman"", ""Islamic""]",False,0.2666666666666667,0.8077218532562256,False,False
topic-1985,turkish migrants,Turkish immigrants,mas_langgraph,Demography,Migrant Turks,"[""Migrant Turks"", ""Immigrants from Turkey"", ""Turkish diaspora""]",False,0.5161290322580645,0.8567869067192078,False,False
topic-1812,bilingualism and multilingualism,multiple language proficiency,mas_langgraph,Linguistics,Multilingual proficiency,"[""Multilingual proficiency"", ""Language competence"", ""Polyglotism""]",False,0.8301886792452831,0.8748921155929565,False,False
topic-3281,bilingualism,dual language proficiency,mas_langgraph,Linguistics/Social Sciences,Multilingualism,"[""Multilingualism"", ""Language proficiency"", ""Biculturalism"", ""Lingua franca"", ""Polyglotism""]",False,0.4,0.5411142706871033,False,False
topic-3107,outsourcing,Subcontracting,mas_langgraph,Economics,Offshoring,"[""Offshoring"", ""Externalization"", ""Contracting out"", ""Subcontracting""]",False,0.5,0.1598750799894333,False,True
topic-1813,publishing companies,publishing houses,mas_langgraph,Business and Economics,Publishing houses,"[""Publishing houses"", ""Book publishers"", ""Trade publishers"", ""Academic presses""]",True,1.0,1.0,True,True
topic-1814,benefits,welfare payments,mas_langgraph,Psychology,Advantages,"[""Advantages"", ""Positive effects"", ""Gains""]",False,0.3846153846153846,0.23904764652252197,False,False
topic-13581,ostracism,social exclusion,mas_langgraph,Psychology,Alienation,"[""Alienation"", ""Discrimination"", ""Social Isolation"", ""Isolation"", ""Marginalization"", ""Exclusion""]",False,0.4615384615384615,0.3118245601654053,False,False
topic-16962,education in skills,skills training,mas_langgraph,Vocational Training,Training,"[""Training"", ""Expertise"", ""Apprenticeship"", ""Development"", ""Workshop""]",False,0.6956521739130435,0.816752552986145,False,False
topic-1815,trade unions,labor unions,mas_langgraph,Sociology,Collective bargaining bodies,"[""Collective bargaining bodies"", ""Labor organizations"", ""Employee associations"", ""Worker cooperatives"", ""Guilds""]",False,0.35,0.6548823714256287,False,False
topic-11386,Vatican II,Second Vatican Council,mas_langgraph,Religion History,Second Ecumenical Council,"[""Second Ecumenical Council"", ""Ecumenical Council"", ""Oecumenical Council"", ""Conciliar Council""]",False,0.7659574468085107,0.780540943145752,False,False
topic-2521,auctions,bidding,mas_langgraph,Economics,Bidding,"[""Bidding"", ""Sales"", ""Negotiation""]",True,1.0,1.0,True,True
topic-3287,auction theory,Bidding Theory,mas_langgraph,Economics,Bidding behavior,"[""Bidding behavior"", ""Price competition"", ""Game theory"", ""Market equilibrium analysis"", ""Mechanism design""]",False,0.7333333333333334,0.8797352313995361,False,False
topic-1816,corporate income tax,company tax,mas_langgraph,Economics,Company tax,"[""Company tax"", ""Business tax"", ""Revenue tax"", ""Enterprise tax"", ""Profit tax"", ""Tax on profits""]",True,1.0,1.0,True,True
topic-4039,law of obligations,contract law,mas_langgraph,Law,Contractual duty,"[""Contractual duty"", ""Fiduciary obligation"", ""Duty of performance""]",False,0.6428571428571428,0.6807504892349243,False,False
topic-2339,comparison between traditional and new media,media comparison,mas_langgraph,Communication Studies,Media convergence,"[""Media convergence"", ""Digital versus analog media"", ""Intermedia analysis"", ""Print to digital shift""]",False,0.6060606060606061,0.564751923084259,False,False
topic-3298,ageing,population aging,mas_langgraph,Gerontology,Aging,"[""Aging"", ""Deterioration"", ""Senescence"", ""Atrophy""]",False,0.4761904761904761,0.7394177913665771,False,False
topic-2309,"the relationship between the individual, the community and the state",social contract,mas_langgraph,Sociology,State society interface,"[""State society interface"", ""Collective social unit"", ""Social group formation"", ""Public private nexus""]",False,0.5263157894736843,0.2611336410045624,False,False
topic-2308,"the relationship between politics, economy and ethics",political-economic ethics,mas_langgraph,Political Economy,Ethical Governance,"[""Ethical Governance"", ""Administrative Ethics"", ""Governance"", ""Social Contract"", ""Public Policy""]",False,0.4285714285714286,0.6125779151916504,False,False
topic-2221,the relation between science and philosophy,science-philosophy interface,mas_langgraph,Philosophy of Science,Analytical philosophy of science,"[""Analytical philosophy of science"", ""Epistemological analysis"", ""Critical rationalism""]",False,0.576271186440678,0.22599589824676514,False,False
topic-2127,fatigue,tiredness,mas_langgraph,Psychology,Tiredness,"[""Tiredness"", ""Exhaustion"", ""Burnout"", ""Lethargy""]",True,1.0,1.0,True,True
topic-1824,tax on wealth/wealth tax,asset tax,mas_langgraph,Economics,Wealth surtax,"[""Wealth surtax"", ""Surplus value tax"", ""Capital levy"", ""Estate charge""]",False,0.5454545454545454,0.36415863037109375,False,False
topic-16884,Resurrection,rebirth,mas_langgraph,Religious Studies,Revival,"[""Revival"", ""Rebirth"", ""Restoration"", ""Anastasis""]",False,0.4285714285714286,0.5064466595649719,True,True
topic-5881,reporting,financial reporting,mas_langgraph,Psychology,Disclosure,"[""Reporting"", ""Disclosure"", ""Communication"", ""Expression""]",False,0.3448275862068966,0.43114617466926575,False,False
topic-5123,addiction,dependency,mas_langgraph,Psychology,Compulsion,"[""Compulsion"", ""Craving"", ""Dependence"", ""Fixation""]",False,0.19999999999999996,0.34731796383857727,False,False
topic-9021,addiction care,substance abuse treatment,mas_langgraph,Healthcare,Substance abuse treatment,"[""Substance abuse treatment"", ""Supportive care"", ""Counseling services"", ""Rehabilitation services"", ""Behavioral therapy"", ""Treatment programs""]",True,1.0,1.0,True,True
topic-7645,mentally handicapped persons,intellectually disabled persons,mas_langgraph,academic taxonomy,,[],False,0.0,0.0,False,False
topic-3623,trust,confidence,mas_langgraph,Psychology,Faith,"[""Faith"", ""Fidelity"", ""Confidence"", ""Belief"", ""Assurance"", ""Reliability"", ""Credulity""]",False,0.2666666666666667,0.39646100997924805,True,True
topic-5547,replacement models,substitution models,mas_langgraph,Economics,Substitute models,"[""Substitute models"", ""Alternative models"", ""Surrogate models""]",False,0.8888888888888888,0.8722847104072571,False,False
topic-3469,insurance,coverage,mas_langgraph,Economics,Indemnity coverage,"[""Indemnity coverage"", ""Financial protection"", ""Risk management"", ""Compensation plan"", ""Safety net provision""]",False,0.6153846153846154,0.6230485439300537,False,False
topic-2489,actuarial mathematics,Actuarial science,mas_langgraph,Mathematics,Probability theory,"[""Quantitative analysis"", ""Probability theory"", ""Statistical inference""]",False,0.2857142857142857,0.19413043558597565,False,False
topic-1827,welfare states,social safety nets,mas_langgraph,Sociology,Social democracies,"[""Socialist welfare systems"", ""Social democracies"", ""Public service economies"", ""Egalitarian societies"", ""Nordic models""]",False,0.5555555555555556,0.2595936357975006,False,False
topic-5564,victimology,study of victims,mas_langgraph,Sociology,Social Victimhood,"[""Social Victimhood"", ""Social Harm Research""]",False,0.5454545454545454,0.596638560295105,False,False
topic-14021,Victorian Literature,19th-century British literature,mas_langgraph,English Literature,High Victorian Fiction,"[""High Victorian Fiction"", ""Victorian Age Writing"", ""Gothic Fiction""]",False,0.34615384615384615,0.6478293538093567,False,False
topic-2301,visual perception,sight perception,mas_langgraph,Psychology,Perception of visual stimuli,"[""Perception of visual stimuli"", ""Sight perception"", ""Cognitive interpretation of visual information"", ""Visual awareness""]",False,0.4545454545454546,0.8026248216629028,True,True
topic-1,Refugee law,Asylum law,mas_langgraph,Law,Asylum law,"[""Asylum law"", ""Immigration law"", ""Forced migration law"", ""Sanctuary law"", ""Protection law"", ""Statelessness law""]",True,1.0,1.0,True,True
topic-3951,history of international law,international legal history,mas_langgraph,International Relations,International jurisprudence,"[""International jurisprudence"", ""Law of nations"", ""Global legal order"", ""International relations theory"", ""Global governance"", ""Statecraft and diplomacy""]",False,0.6296296296296297,0.7778918743133545,False,False
topic-1829,popular culture,mass culture,mas_langgraph,Sociology of Culture,Cultural mainstream,"[""Cultural mainstream"", ""Consumer culture"", ""Mass media"", ""Public sphere"", ""Media landscape""]",False,0.4516129032258065,0.5423344373703003,False,False
topic-1830,inventory management,stock control,mas_langgraph,Operations Research,Inventory allocation,"[""Inventory allocation"", ""Stock management"", ""Supply chain optimization"", ""Procurement planning"", ""Distribution scheduling""]",False,0.36363636363636365,0.4987243413925171,False,False
topic-5542,inventory systems,stock management,mas_langgraph,Operations Research,Inventory management protocols,"[""Inventory management protocols"", ""Supply chain management systems"", ""Warehouse management systems"", ""Production control systems""]",False,0.5652173913043479,0.5866486430168152,False,False
topic-3315,forecasting,prediction,mas_langgraph,Statistics,Predictive modeling,"[""Predictive modeling"", ""Quantitative anticipation"", ""Probability assessment""]",False,0.6896551724137931,0.722233772277832,False,False
topic-2050,questionnaires,surveys,mas_langgraph,Psychology,Surveys,"[""Surveys"", ""Psychological assessments"", ""Interviews"", ""Assessment forms"", ""Rating scales""]",True,1.0,1.0,True,True
topic-1833,leisure,free time,mas_langgraph,Recreation and Tourism,Hobby,"[""Hobby"", ""Vacation"", ""Entertainment"", ""Amusement"", ""Pastime"", ""Relaxation"", ""Downtime""]",False,0.0,0.3458081781864166,False,False
topic-1836,leisure studies,recreation studies,mas_langgraph,Leisure Studies,Recreation studies,"[""Recreation studies"", ""Recreational science"", ""Play research""]",True,1.0,1.0,True,True
topic-7681,voluntary work,volunteer service,mas_langgraph,Voluntary work belongs to the discipline of Sociology.,Pro bono work,"[""Pro bono work"", ""Philanthropy"", ""Charity"", ""Community service"", ""Donation"", ""Social activism""]",False,0.2666666666666667,0.5394214391708374,False,False
topic-3541,concept of truth,nature of truth,mas_langgraph,Philosophy,Belief,"[""Belief"", ""Reality"", ""Postulate"", ""Assumption"", ""Opinion""]",False,0.19047619047619047,0.5025973916053772,False,False
topic-1843,invalidity benefits shortfall/wao shortfall,disability benefits gap,mas_langgraph,Economics,Shortfall in benefits payments,"[""Shortfall in benefits payments"", ""Inadequate compensation shortfall"", ""Discrepancy in benefit entitlements"", ""Deficit in entitlements"", ""Fiscal shortcoming in social insurance"", ""Gap in social security provisions"", ""Shortage of welfare support"", ""Insufficient pension accruals""]",False,0.5660377358490566,0.42756617069244385,False,False
topic-4310,web-based application design,web design,mas_langgraph,Computer Science,Software architecture framework,"[""Software architecture framework"", ""Online platform development"", ""User experience model"", ""Interactive system layout"", ""Digital interface design"", ""Networked interface paradigm""]",False,0.19512195121951215,0.33668917417526245,False,False
topic-8381,web services,online services,mas_langgraph,Computer Science,Internet-based services,"[""Internet-based services"", ""Service-oriented architecture"", ""Web application programming interface"", ""RESTful APIs"", ""Application programming interfaces""]",False,0.6486486486486487,0.6553610563278198,False,False
topic-4289,web technology,internet technology,mas_langgraph,Computer Science,Internet technologies,"[""Internet technologies"", ""Information architecture"", ""Software frameworks"", ""Networked systems""]",False,0.9,0.9523839950561523,False,False
topic-16082,well-being (als in client well-being = subjectieve maat van Quality of Life),quality of life,mas_langgraph,Psychology,Quality of life,"[""Quality of life"", ""Flourishing"", ""Satisfaction"", ""Subjective experience"", ""Emotional state""]",True,1.0,1.0,True,True
topic-1844,well-being,welfare,mas_langgraph,Psychology,Happiness,"[""Happiness"", ""Life satisfaction"", ""Satisfaction"", ""Mental health"", ""Contentment""]",False,0.25,0.45747682452201843,False,False
topic-6402,world bank,international financial institution,mas_langgraph,Economics,International Monetary Fund,"[""International Monetary Fund"", ""Multilateral Development Bank"", ""Development Finance Institution""]",False,0.6129032258064516,0.7263690233230591,False,False
topic-16382,work-home interaction,work-life balance,mas_langgraph,Organizational Behavior,Separation of work and personal spheres,"[""Separation of work and personal spheres"", ""Work-life balance negotiation"", ""Personal and professional life integration"", ""Boundary setting in the workplace""]",False,0.2909090909090909,0.4528210461139679,False,False
topic-2155,pressure of work,workload pressure,mas_langgraph,Psychology,Workload intensity,"[""Workload intensity"", ""Job demands"", ""Task load"", ""Occupational strain"", ""Professional burden""]",False,0.6285714285714286,0.7548638582229614,False,False
topic-13045,teamwork,collaborative work,mas_langgraph,Organizational Behavior,Collaboration,"[""Collaboration"", ""Cooperation"", ""Mutual Support"", ""Interdependence""]",False,0.7741935483870968,0.7956866025924683,False,False
topic-1846,unemployment,joblessness,mas_langgraph,Economics,Joblessness,"[""Joblessness"", ""Underemployment"", ""Layoff"", ""Displacement""]",True,1.0,1.0,True,True
topic-3326,verbs,action words,mas_langgraph,Linguistics,Expressing,"[""Expressing"", ""Conveying"", ""Acting"", ""Speaking"", ""Communicating""]",False,0.18181818181818177,0.4044063687324524,False,False
topic-2219,philosophy of science,scientific philosophy,mas_langgraph,Philosophy,Science and Reason,"[""Science and Reason"", ""Epistemology"", ""Rational Inquiry""]",False,0.4615384615384615,0.5666541457176208,False,False
topic-2325,whiplash,neck strain,mas_langgraph,Injury and Trauma,Cervical sprain,"[""Cervical sprain"", ""Neck strain"", ""Muscle strain of the neck""]",False,0.6153846153846154,0.5040857791900635,True,True
topic-14902,Wisdom literature,philosophical texts,mas_langgraph,Philosophy,Wisdom classics,"[""Wisdom classics"", ""Sage literature"", ""Ethical literature"", ""Socratic writings"", ""Philosophical treatises"", ""Meditations""]",False,0.3529411764705882,0.47639143466949463,False,False
topic-16805,wilderness,wildlands,mas_langgraph,Ecology,Wildland,"[""Wildland"", ""Uninhabited region"", ""Inaccessible territory"", ""Remote area""]",False,0.9411764705882352,0.8079293370246887,False,False
topic-1852,mathematics,mathematical sciences,mas_langgraph,Mathematics,Arithmetic,"[""Arithmetic"", ""Algebra"", ""Geometry"", ""Calculus""]",False,0.4516129032258065,0.4427620470523834,False,False
topic-2421,world wide web,the web,mas_langgraph,Information Technology,Internet,"[""Internet"", ""global network"", ""information infrastructure"", ""cyberspace"", ""digital realm"", ""interconnected system""]",False,0.4,0.6753026247024536,False,False
topic-16824,right to self-determination,self-governance,mas_langgraph,Politics/Social Science,Autonomy,"[""Autonomy"", ""Self-governance"", ""Independence"", ""Sovereignty""]",False,0.18181818181818177,0.5611112117767334,True,True
topic-9101,self consciousness,self-awareness,mas_langgraph,Psychology,Self-awareness,"[""Self-awareness"", ""Awareness of oneself"", ""Inward awareness"", ""Introspection"", ""Personal reflection""]",True,1.0,1.0000001192092896,True,True
topic-10541,self reflection,reflective awareness,mas_langgraph,Psychology,Metacognition,"[""Inward looking"", ""Metacognition"", ""Introspection""]",False,0.303030303030303,0.5017666816711426,False,False
topic-15062,self-regulation,self-control,mas_langgraph,Psychology,Self-control,"[""Self-control"", ""Voluntary regulation"", ""Internal governance""]",True,1.0,1.0,True,True
topic-2218,self-learning,autonomous learning,mas_langgraph,Education/ Learning,Self-directed learning,"[""Self-directed learning"", ""Independent study"", ""Autodidacticism""]",False,0.5,0.5752737522125244,False,False
topic-11676,"soul (theological, neuroscientific...)",spirit,mas_langgraph,Theology,Spirit,"[""Conscience"", ""Spirit""]",True,1.0,1.0,True,True
topic-2181,interpretation,meaning-making,mas_langgraph,Philosophy,Understanding,"[""Understanding"", ""Explanation"", ""Perception"", ""Exegesis""]",False,0.4615384615384615,0.4312288463115692,False,False
topic-1900,random violence,senseless violence,mas_langgraph,Sociology,Acute violence,"[""Acute violence"", ""Spontaneous assault"", ""Unanticipated aggression"", ""Unprovoked homicide"", ""Sudden death"", ""Exogenous homicide"", ""Impulsive killing""]",False,0.625,0.5894706845283508,False,False
topic-3340,automatic parsing,automated parsing,mas_langgraph,Computer Science,Semantic parsing,"[""Semantic parsing"", ""Machine learning-based parsing"", ""Deep parsing"", ""Natural Language Processing"", ""Program analysis""]",False,0.6666666666666667,0.7930318117141724,False,False
topic-4290,search engine,information retrieval system,mas_langgraph,Information Technology,Index,"[""Browser"", ""Index"", ""Catalog"", ""Repository"", ""Directory""]",False,0.18181818181818177,0.3153998851776123,False,False
topic-7642,care,assistance,mas_langgraph,Psychology,Concern,"[""Concern"", ""Support"", ""Patience"", ""Empathy""]",False,0.3529411764705882,0.4176589548587799,False,False
topic-13101,health care utilisation,Health Care Usage,mas_langgraph,Healthcare,Patient care utilization,"[""Patient care utilization"", ""Health service usage"", ""Healthcare access"", ""Medical expenditure""]",False,0.4878048780487805,0.7463779449462891,False,False
topic-16062,Duty of care,obligation of care,mas_langgraph,Ethics,Responsibility,"[""Responsibility"", ""Obligation"", ""Accountability"", ""Consideration""]",False,0.3125,0.5292001366615295,False,False
topic-11665,theories of care,care models,mas_langgraph,Healthcare,Care philosophies,"[""Care philosophies"", ""Frameworks for supportive care"", ""Principles of compassionate care"", ""Concepts of holistic care"", ""Approaches to patient care"", ""Paradigms of palliative care"", ""Models of nursing practice"", ""Guiding frameworks for healthcare delivery""]",False,0.5714285714285714,0.5271593928337097,False,False
topic-11521,South African law,South African legal system,mas_langgraph,Law,South African jurisprudence,"[""South African jurisprudence"", ""Legislation of South Africa"", ""South African statutory law"", ""Legal framework of South Africa"", ""Legal code of South Africa"", ""African legal system"", ""Juridical system of South Africa""]",False,0.6037735849056604,0.837153434753418,False,False
topic-15642,asset pricing,asset valuation,mas_langgraph,Finance,Capital valuation,"[""Capital valuation"", ""Investment return analysis"", ""Market risk modeling"", ""Portfolio optimization technique"", ""Risk assessment methodology""]",False,0.75,0.7806825637817383,False,False
topic-15482,pension economics,retirement economics,mas_langgraph,Economics,Retirement finance,"[""Retirement finance"", ""Old-age economics"", ""Elderly welfare economics"", ""Gerontological economics"", ""Labor market policy"", ""Social security studies""]",False,0.6842105263157895,0.8588433265686035,False,False
topic-16484,Sensemaking,meaning-making,mas_langgraph,Organizational Behavior,Interpretive process,"[""Interpretive process"", ""Social interpretation"", ""Meaning construction""]",False,0.18181818181818177,0.4515979290008545,False,False
topic-17124,Bilingual development,dual language development,mas_langgraph,Psycholinguistics,Cognitive bilingualism,"[""Cognitive bilingualism"", ""Language proficiency"", ""Dual-language learning"", ""Cross-cultural communication""]",False,0.34042553191489366,0.4864412248134613,False,False
topic-17123,Language and education,linguistic education,mas_langgraph,Linguistics,Sociolinguistics,"[""Sociolinguistics"", ""Discourse Analysis"", ""Phonology"", ""Orthography""]",False,0.5555555555555556,0.516398549079895,False,False
topic-16825,Statehood,nationhood,mas_langgraph,Politics/Political Science,Sovereignty,"[""Sovereignty"", ""Nationhood"", ""Autonomy""]",False,0.19047619047619047,0.5644792318344116,True,True
topic-16483,Refugees,asylum seekers,mas_langgraph,Social Sciences,Asylum seekers,"[""Asylum seekers"", ""Forced migrants"", ""Displaced persons"", ""Internally displaced persons""]",True,1.0,1.0000001192092896,True,True
