topic,term,ground_truth,method,prediction,candidates,num_final_candidates,time_seconds,exact_top1,exact_any,fuzzy_similarity,semantic_similarity,top_3_accuracy,top_5_accuracy,mrr
topic-12722,recommender system,recommendation engine,embedding_output_index_full,recommendation engine,"[""recommendation engine"", ""collaborative networks"", ""collaborative systems"", ""collaborative information systems"", ""information retrieval system""]",5,0.012439250946044922,True,True,1.0,0.9999997615814209,True,True,1.0
topic-2484,stocks,shares,embedding_output_index_full,stock market,"[""stock market"", ""stock management"", ""stock control"", ""shares"", ""investing""]",5,0.0024237632751464844,False,True,1.0,1.0,False,True,0.25
topic-4285,equity market,stock market,embedding_output_index_full,stock market,"[""stock market"", ""capital markets"", ""market analysis"", ""market strategy"", ""investing""]",5,0.0023641586303710938,True,True,1.0,1.000000238418579,True,True,1.0
topic-3721,liability law,responsibility law,embedding_output_index_full,responsibility law,"[""responsibility law"", ""business law"", ""corporate law"", ""medical law"", ""penal law""]",5,0.0022573471069335938,True,True,1.0,1.0000001192092896,True,True,1.0
topic-1274,accountancy,financial auditing,embedding_output_index_full,financial accounting,"[""financial accounting"", ""financial management"", ""financial auditing"", ""financial systems"", ""financial instruments""]",5,0.002269744873046875,False,True,1.0,1.0000001192092896,True,True,0.3333333333333333
topic-5882,auditors,financial examiners,embedding_output_index_full,financial examiners,"[""financial examiners"", ""financial auditing"", ""financial accounting"", ""financial instruments"", ""investigation""]",5,0.002245187759399414,True,True,1.0,1.0,True,True,1.0
topic-1276,accounting,financial accounting,embedding_output_index_full,financial accounting,"[""financial accounting"", ""financial management"", ""financial auditing"", ""financial instruments"", ""global accounting standards""]",5,0.0022428035736083984,True,True,1.0,1.0000001192092896,True,True,1.0
topic-1953,acculturation,cultural adaptation,embedding_output_index_full,destitution,"[""destitution"", ""rebirth"", ""cultural adaptation"", ""consolidations"", ""advancement""]",5,0.0022253990173339844,False,True,1.0,1.0,True,True,0.3333333333333333
topic-1919,actual pastoral liturgical practice,current liturgical practice,embedding_output_index_full,liturgical theology,"[""liturgical theology"", ""current liturgical practice"", ""Catholic pastoral care"", ""sociology of pastoral care"", ""Pastoral Counseling Psychology""]",5,0.0022728443145751953,False,True,1.0,1.0000001192092896,True,True,0.5
topic-1980,adhd,attention deficit disorder,embedding_output_index_full,attention deficit disorder,"[""attention deficit disorder"", ""psychological disorders"", ""seizure disorder"", ""learning disabilities"", ""baby mental health""]",5,0.002213001251220703,True,True,1.0,0.9999998807907104,True,True,1.0
topic-4079,administrative law,regulatory law,embedding_output_index_full,administrative litigation,"[""administrative litigation"", ""EU administrative law"", ""administrative organisation"", ""administration"", ""business law""]",5,0.002254962921142578,False,False,0.5142857142857142,0.5620138049125671,False,False,0.0
topic-2276,adorno,critical theorist,embedding_output_index_full,Teutonic,"[""Teutonic"", ""Friedrich Heinrich Jacobi"", ""Jacob"", ""Marxism"", ""nationality""]",5,0.0022029876708984375,False,False,0.4285714285714286,0.4343772530555725,False,False,0.0
topic-2250,africa,Sub-Saharan region,embedding_output_index_full,Sub-Saharan region,"[""Sub-Saharan region"", ""East Europe"", ""nationhood"", ""refugees"", ""developing countries""]",5,0.002200603485107422,True,True,1.0,1.0,True,True,1.0
topic-1280,agricultural economy,agricultural economics,embedding_output_index_full,agricultural economics,"[""agricultural economics"", ""economic development"", ""industrial economics"", ""farming"", ""national economics""]",5,0.0022308826446533203,True,True,1.0,1.0,True,True,1.0
topic-7782,aggression,hostility,embedding_output_index_full,hostility,"[""hostility"", ""senseless violence"", ""self-control"", ""Cooperation"", ""interpersonal psychology""]",5,0.0022056102752685547,True,True,1.0,0.9999997615814209,True,True,1.0
topic-5124,alcohol addiction,alcohol dependence,embedding_output_index_full,alcohol dependence,"[""alcohol dependence"", ""substance dependence"", ""substance abuse treatment"", ""compulsive gambling"", ""remorse""]",5,0.0030145645141601562,True,True,1.0,1.000000238418579,True,True,1.0
topic-2500,general econometrics,economic statistics,embedding_output_index_full,practical econometrics,"[""practical econometrics"", ""individual econometrics"", ""economic statistics"", ""economic modeling"", ""individual economics""]",5,0.0035982131958007812,False,True,1.0,1.0,True,True,0.3333333333333333
topic-2501,alliances and joint ventures,strategic partnerships,embedding_output_index_full,strategic partnerships,"[""strategic partnerships"", ""financial partnerships"", ""inter-firm relationships"", ""Cooperation"", ""strategic interaction theory""]",5,0.0025768280029296875,True,True,1.0,1.0000001192092896,True,True,1.0
topic-1285,foreigners,strangers,embedding_output_index_full,immigrants,"[""immigrants"", ""nationality"", ""Turkish immigrants"", ""refugees"", ""Americanisation""]",5,0.002235889434814453,False,False,0.4705882352941176,0.32537245750427246,False,False,0.0
topic-10501,americanization,Americanisation,embedding_output_index_full,Americanisation,"[""Americanisation"", ""nationhood"", ""modernisation"", ""immigrants"", ""nationality""]",5,0.002245664596557617,True,True,1.0,1.0,True,True,1.0
topic-9362,anxiety,worry,embedding_output_index_full,psychological disorders,"[""psychological disorders"", ""emotional exhaustion"", ""melancholy"", ""stress control"", ""emotional well-being""]",5,0.0022580623626708984,False,False,0.2666666666666667,0.25914594531059265,False,False,0.0
topic-16802,"Antarctic, Arctic, Polar Regions",polar areas,embedding_output_index_full,polar areas,"[""polar areas"", ""East Europe"", ""regional administration"", ""Sub-Saharan region"", ""Regional language and society""]",5,0.0023603439331054688,True,True,1.0,1.000000238418579,True,True,1.0
topic-1290,"anthropology and philosophy of religion, relation",relationship between anthropology and religious philosophy,embedding_output_index_full,relationship between anthropology and religious philosophy,"[""relationship between anthropology and religious philosophy"", ""religious philosophy"", ""religious sociology"", ""religious psychology"", ""religious studies""]",5,0.0024194717407226562,True,True,1.0,1.0,True,True,1.0
topic-1291,arabic,Arabian,embedding_output_index_full,Arabian,"[""Arabian"", ""ancient Hebrew"", ""Hebrew Bible"", ""minority languages"", ""Tanakh""]",5,0.0022156238555908203,True,True,1.0,1.0,True,True,1.0
topic-1292,labour and health,occupational health,embedding_output_index_full,occupational health,"[""occupational health"", ""labor unions"", ""childbirth"", ""work-related illnesses"", ""health economics""]",5,0.0022242069244384766,True,True,1.0,1.0,True,True,1.0
topic-1293,industrial and organisational psychology,work psychology,embedding_output_index_full,industrial psychology,"[""industrial psychology"", ""occupational psychology"", ""work psychology"", ""organizational studies"", ""industrial economics""]",5,0.002581357955932617,False,True,1.0,1.000000238418579,True,True,0.3333333333333333
topic-6581,working hours,working time,embedding_output_index_full,working time,"[""working time"", ""work quality"", ""work psychology"", ""workweek reduction"", ""employment conditions""]",5,0.002228975296020508,True,True,1.0,0.9999999403953552,True,True,1.0
topic-1296,labour economics,employment economics,embedding_output_index_full,employment economics,"[""employment economics"", ""industrial economics"", ""labor unions"", ""government economics"", ""national economics""]",5,0.0024132728576660156,True,True,1.0,1.0000001192092896,True,True,1.0
topic-2201,labour market,employment market,embedding_output_index_full,employment market,"[""employment market"", ""employment economics"", ""labor unions"", ""industrial economics"", ""digital labor""]",5,0.00225067138671875,True,True,1.0,1.0000001192092896,True,True,1.0
topic-6603,labour market policy,employment policy,embedding_output_index_full,employment policy,"[""employment policy"", ""employment economics"", ""employment market"", ""labor unions"", ""policy analysis""]",5,0.0022406578063964844,True,True,1.0,0.9999998807907104,True,True,1.0
topic-1298,labour market issues,employment issues,embedding_output_index_full,employment issues,"[""employment issues"", ""employment market"", ""employment economics"", ""labor unions"", ""employment conditions""]",5,0.003000497817993164,True,True,1.0,1.000000238418579,True,True,1.0
topic-1299,job motivation,work motivation,embedding_output_index_full,work motivation,"[""work motivation"", ""work psychology"", ""joblessness"", ""employment participation"", ""workplace loyalty""]",5,0.002196073532104492,True,True,1.0,1.0000001192092896,True,True,1.0
topic-6661,working conditions,employment conditions,embedding_output_index_full,conditions,"[""conditions"", ""employment conditions"", ""economic condition"", ""employment issues"", ""working time""]",5,0.002185821533203125,False,True,1.0,1.0,True,True,0.5
topic-1300,work participation,employment participation,embedding_output_index_full,worker participation,"[""worker participation"", ""employment participation"", ""work motivation"", ""working time"", ""work psychology""]",5,0.0025229454040527344,False,True,1.0,1.0,True,True,0.5
topic-1301,labour law,employment law,embedding_output_index_full,employment law,"[""employment law"", ""global employment law"", ""contract law"", ""labor unions"", ""business law""]",5,0.002317190170288086,True,True,1.0,0.9999999403953552,True,True,1.0
topic-1303,reduction of working hours,workweek reduction,embedding_output_index_full,workweek reduction,"[""workweek reduction"", ""working time"", ""quality of worklife"", ""worker participation"", ""work-life balance""]",5,0.0022935867309570312,True,True,1.0,1.000000238418579,True,True,1.0
topic-1302,industrial/labour relations,employment relations,embedding_output_index_full,employment relations,"[""employment relations"", ""industrial economics"", ""labor unions"", ""industrial psychology"", ""employment economics""]",5,0.002311229705810547,True,True,1.0,1.0,True,True,1.0
topic-1305,working conditions creation,quality of worklife,embedding_output_index_full,employment conditions,"[""employment conditions"", ""conditions"", ""economic condition"", ""employment policy"", ""employment law""]",5,0.002277374267578125,False,False,0.33333333333333337,0.41312411427497864,False,False,0.0
topic-1306,labour issues,employment issues,embedding_output_index_full,employment issues,"[""employment issues"", ""labor unions"", ""worker participation"", ""employment conditions"", ""welfare politics""]",5,0.0022602081298828125,True,True,1.0,1.000000238418579,True,True,1.0
topic-4081,arbitration,dispute arbitration,embedding_output_index_full,dispute arbitration,"[""dispute arbitration"", ""disputes"", ""dispute resolution"", ""jurisprudence"", ""civil litigation law""]",5,0.0023000240325927734,True,True,1.0,1.000000238418579,True,True,1.0
topic-3937,reasoning,logical argumentation,embedding_output_index_full,logical argumentation,"[""logical argumentation"", ""mental science"", ""logical fallacies"", ""cognitive psychology"", ""theory of knowledge""]",5,0.0022912025451660156,True,True,1.0,1.0000001192092896,True,True,1.0
topic-5627,aristoteles,Aristotle,embedding_output_index_full,Aristotle,"[""Aristotle"", ""Anatolian"", ""Castilian"", ""St. Augustine"", ""ecclesiastical Latin""]",5,0.0028421878814697266,True,True,1.0,1.0,True,True,1.0
topic-2517,poverty,destitution,embedding_output_index_full,welfare,"[""welfare"", ""income disparity"", ""welfare system"", ""households"", ""family economics""]",5,0.002222776412963867,False,False,0.2962962962962963,0.2428484857082367,False,False,0.0
topic-2519,asylum seekers,refugees,embedding_output_index_full,refugees,"[""refugees"", ""Asylum law"", ""immigrants"", ""immigration law"", ""Turkish immigrants""]",5,0.0022246837615966797,True,True,1.0,1.0,True,True,1.0
topic-1309,asset liability management,balance sheet management,embedding_output_index_full,asset valuation,"[""asset valuation"", ""risk management"", ""financial management"", ""asset tax"", ""financial accounting""]",5,0.002229452133178711,False,False,0.6363636363636364,0.5109999775886536,False,False,0.0
topic-21,attitudes,mindset,embedding_output_index_full,persuasion,"[""persuasion"", ""mindset"", ""Social understanding"", ""cognitive psychology"", ""consumer psychology""]",5,0.002221822738647461,False,True,1.0,0.9999998807907104,True,True,0.5
topic-6701,auditory perception,hearing perception,embedding_output_index_full,hearing perception,"[""hearing perception"", ""sight perception"", ""sensory awareness"", ""sound system study"", ""language cognition""]",5,0.0021982192993164062,True,True,1.0,1.0000001192092896,True,True,1.0
topic-3542,augustine,St. Augustine,embedding_output_index_full,St. Augustine,"[""St. Augustine"", ""Aristotle"", ""John the Apostle"", ""ecclesiastical Latin"", ""Christian history""]",5,0.0022115707397460938,True,True,1.0,0.9999999403953552,True,True,1.0
topic-1313,automatic language analysis,computational linguistics,embedding_output_index_full,text analysis,"[""text analysis"", ""language processing systems"", ""automated parsing"", ""computational linguistics"", ""linguistic morphology""]",5,0.0021867752075195312,False,True,1.0,1.0,False,True,0.25
topic-3966,automation,mechanization,embedding_output_index_full,automated learning,"[""automated learning"", ""smart interfaces"", ""machine intelligence"", ""human-computer interaction"", ""computing systems""]",5,0.002179861068725586,False,False,0.48484848484848486,0.38608318567276,False,False,0.0
topic-1905,autonomy and moral,self-governance and ethics,embedding_output_index_full,moral philosophy,"[""moral philosophy"", ""self-governance and ethics"", ""social ethics"", ""moral culpability"", ""ethical management""]",5,0.00222015380859375,False,True,1.0,1.0,True,True,0.5
topic-2527,bank - firm relationships,financial partnerships,embedding_output_index_full,inter-firm relationships,"[""inter-firm relationships"", ""financial partnerships"", ""business finance"", ""financial systems"", ""financial structure""]",5,0.0023195743560791016,False,True,1.0,1.0,True,True,0.5
topic-5721,banking law,financial law,embedding_output_index_full,financial law,"[""financial law"", ""bankruptcy law"", ""financial regulation"", ""business law"", ""economic law""]",5,0.0023429393768310547,True,True,1.0,1.0,True,True,1.0
topic-1316,banking systems,financial systems,embedding_output_index_full,financial systems,"[""financial systems"", ""credit infrastructure"", ""financial instruments"", ""government finance"", ""business finance""]",5,0.00228118896484375,True,True,1.0,1.000000238418579,True,True,1.0
topic-1318,primary education,elementary education,embedding_output_index_full,elementary education,"[""elementary education"", ""schooling"", ""educational technology"", ""educational sociology"", ""native language education""]",5,0.0022461414337158203,True,True,1.0,1.000000238418579,True,True,1.0
topic-5221,bayesian statistics,Bayesian inference,embedding_output_index_full,Bayesian inference,"[""Bayesian inference"", ""statistical mathematics"", ""statistical techniques"", ""economic statistics"", ""estimation""]",5,0.002244234085083008,True,True,1.0,1.0000001192092896,True,True,1.0
topic-4283,corporate policy and strategy,business strategy,embedding_output_index_full,business strategy,"[""business strategy"", ""corporate management"", ""policy analysis"", ""market strategy"", ""strategic planning""]",5,0.0022478103637695312,True,True,1.0,1.000000238418579,True,True,1.0
topic-1998,business communication and ethics,corporate communication ethics,embedding_output_index_full,corporate communication ethics,"[""corporate communication ethics"", ""corporate ethics"", ""professional ethics"", ""ethical marketing"", ""ethical management""]",5,0.0022687911987304688,True,True,1.0,1.0000001192092896,True,True,1.0
topic-5551,business modelling,business analytics,embedding_output_index_full,business simulations,"[""business simulations"", ""financial modeling"", ""economic modeling"", ""business creation"", ""business frameworks""]",5,0.0022177696228027344,False,False,0.6857142857142857,0.48227983713150024,False,False,0.0
topic-1320,business economics,managerial economics,embedding_output_index_full,economic science,"[""economic science"", ""managerial economics"", ""industrial economics"", ""financial economics"", ""individual economics""]",5,0.0022063255310058594,False,True,1.0,1.0000001192092896,True,True,0.5
topic-1321,business ethics,corporate ethics,embedding_output_index_full,corporate ethics,"[""corporate ethics"", ""ethical management"", ""professional ethics"", ""ethical marketing"", ""corporate communication ethics""]",5,0.002235889434814453,True,True,1.0,1.0000001192092896,True,True,1.0
topic-2532,business studies,business administration,embedding_output_index_full,organizational studies,"[""organizational studies"", ""businesses"", ""business finance"", ""business creation"", ""business administration""]",5,0.0022063255310058594,False,True,1.0,1.0,False,True,0.2
topic-15222,Firm relocation,business relocation,embedding_output_index_full,business relocation,"[""business relocation"", ""inter-firm relationships"", ""transformation economics"", ""corporate consolidation"", ""spatial economics""]",5,0.0022089481353759766,True,True,1.0,1.000000238418579,True,True,1.0
topic-7801,companies,businesses,embedding_output_index_full,businesses,"[""businesses"", ""corporate management"", ""corporate law"", ""small businesses"", ""organizational structure""]",5,0.0022084712982177734,True,True,1.0,0.9999998807907104,True,True,1.0
topic-8685,bounded rationality,limited rationality,embedding_output_index_full,limited rationality,"[""limited rationality"", ""radical critique"", ""Levinasian philosophy"", ""mathematical foundations"", ""analytical philosophy""]",5,0.0022187232971191406,True,True,1.0,1.0000001192092896,True,True,1.0
topic-5681,information systems management,IT management,embedding_output_index_full,IT management,"[""IT management"", ""data management systems"", ""information technology"", ""data management"", ""collaborative information systems""]",5,0.0025179386138916016,True,True,1.0,1.0,True,True,1.0
topic-2536,taxes,levies,embedding_output_index_full,income tax,"[""income tax"", ""company tax"", ""earnings tax"", ""global tax law"", ""value-added tax""]",5,0.0022029876708984375,False,False,0.33333333333333337,0.1613861322402954,False,False,0.0
topic-1327,tax law,fiscal law,embedding_output_index_full,global tax law,"[""global tax law"", ""fiscal law"", ""income tax"", ""company tax"", ""EU tax regulations""]",5,0.0031251907348632812,False,True,1.0,1.0,True,True,0.5
topic-1328,investment,investing,embedding_output_index_full,investing,"[""investing"", ""investment theory"", ""investment fund"", ""investment funds"", ""investment evaluation""]",5,0.002154827117919922,True,True,1.0,1.0,True,True,1.0
topic-11441,investor behaviour,Investor psychology,embedding_output_index_full,Investor psychology,"[""Investor psychology"", ""investing"", ""investment theory"", ""buying behavior"", ""uncertain investments""]",5,0.002241849899291992,True,True,1.0,1.0,True,True,1.0
topic-6461,mutual fund,investment fund,embedding_output_index_full,investment fund,"[""investment fund"", ""investment funds"", ""investing"", ""financial policy"", ""investment theory""]",5,0.002351999282836914,True,True,1.0,1.0000001192092896,True,True,1.0
topic-1331,policy evaluation,policy analysis,embedding_output_index_full,policy analysis,"[""policy analysis"", ""public policy"", ""ecological policy"", ""investment evaluation"", ""health policy""]",5,0.0022614002227783203,True,True,1.0,1.0,True,True,1.0
topic-4681,mediation,conflict resolution,embedding_output_index_full,e-mediation,"[""e-mediation"", ""conflict resolution"", ""persuasion"", ""disputes"", ""interpersonal process""]",5,0.002248525619506836,False,True,1.0,1.000000238418579,True,True,0.5
topic-9022,assertive outreach,proactive engagement,embedding_output_index_full,advocacy,"[""advocacy"", ""Pastoral Counseling Psychology"", ""persuasion"", ""talk therapy"", ""youth ministry""]",5,0.002245187759399414,False,False,0.3529411764705882,0.3671663999557495,False,False,0.0
topic-2541,berber language,Tamazight,embedding_output_index_full,Arabian,"[""Arabian"", ""minority languages"", ""ancient Hebrew"", ""classical language"", ""Regional language and society""]",5,0.0022575855255126953,False,False,0.375,0.28281813859939575,False,False,0.0
topic-1997,occupational ethics,professional ethics,embedding_output_index_full,professional ethics,"[""professional ethics"", ""occupational psychology"", ""corporate ethics"", ""occupational health"", ""tech ethics""]",5,0.0022373199462890625,True,True,1.0,1.0,True,True,1.0
topic-15902,Occupational ethics for ministers,ministerial ethics,embedding_output_index_full,ministerial ethics,"[""ministerial ethics"", ""professional ethics"", ""ethical management"", ""clerical ministry"", ""political-economic ethics""]",5,0.002214193344116211,True,True,1.0,1.0000001192092896,True,True,1.0
topic-4353,occupational diseases,work-related illnesses,embedding_output_index_full,occupational health,"[""occupational health"", ""work-related illnesses"", ""occupational psychology"", ""disease study"", ""long-term illnesses""]",5,0.003371000289916992,False,True,1.0,1.0,True,True,0.5
topic-16804,protected species,endangered species,embedding_output_index_full,endangered species,"[""endangered species"", ""environmental protection law"", ""ecological criminal law"", ""ecological law"", ""natural diversity""]",5,0.0022263526916503906,True,True,1.0,1.0000001192092896,True,True,1.0
topic-2542,decision theory,decision analysis,embedding_output_index_full,decision analysis,"[""decision analysis"", ""decision process"", ""theory of knowledge"", ""decision aid systems"", ""cognitive psychology theory""]",5,0.003367185592651367,True,True,1.0,1.0000001192092896,True,True,1.0
topic-2643,decision support systems,decision aid systems,embedding_output_index_full,decision aid systems,"[""decision aid systems"", ""decision process"", ""support services"", ""knowledge systems"", ""decision analysis""]",5,0.0022025108337402344,True,True,1.0,0.9999998807907104,True,True,1.0
topic-6807,decision making,decision process,embedding_output_index_full,decision process,"[""decision process"", ""decision analysis"", ""decision aid systems"", ""cognitive psychology"", ""mental science""]",5,0.0027153491973876953,True,True,1.0,0.9999997615814209,True,True,1.0
topic-1337,information management and technology,information systems management,embedding_output_index_full,information technology,"[""information technology"", ""information and communication technology"", ""information systems management"", ""IT management"", ""data management""]",5,0.00299072265625,False,True,1.0,1.000000238418579,True,True,0.3333333333333333
topic-1338,administrative reform,bureaucratic reform,embedding_output_index_full,bureaucratic reform,"[""bureaucratic reform"", ""administrative organisation"", ""administration"", ""reorganisation"", ""administrative litigation""]",5,0.002180337905883789,True,True,1.0,1.0,True,True,1.0
topic-1340,management of non-profit organisations,non-profit management,embedding_output_index_full,non-profit management,"[""non-profit management"", ""sociology of organizations"", ""adaptive organizations"", ""corporate management"", ""charitable organizations""]",5,0.002289295196533203,True,True,1.0,1.0000001192092896,True,True,1.0
topic-1341,public administration,administrative organisation,embedding_output_index_full,public management,"[""public management"", ""administration"", ""administrative organisation"", ""business administration"", ""public policy""]",5,0.0021669864654541016,False,True,1.0,1.0000001192092896,True,True,0.3333333333333333
topic-3792,administrative procedural law,administrative litigation,embedding_output_index_full,criminal procedural law,"[""criminal procedural law"", ""administrative litigation"", ""EU administrative law"", ""administrative organisation"", ""legal procedure""]",5,0.0022673606872558594,False,True,1.0,1.0,True,True,0.5
topic-1342,administrative law,regulatory law,embedding_output_index_full,administrative litigation,"[""administrative litigation"", ""EU administrative law"", ""administrative organisation"", ""administration"", ""business law""]",5,0.0025768280029296875,False,False,0.5142857142857142,0.5620138049125671,False,False,0.0
topic-8942,consciousness,awareness,embedding_output_index_full,unconscious state,"[""unconscious state"", ""awareness"", ""rebirth"", ""self-awareness"", ""mental philosophy""]",5,0.002315998077392578,False,True,1.0,1.0,True,True,0.5
topic-2278,bible (studies),biblical studies,embedding_output_index_full,biblical studies,"[""biblical studies"", ""New Testament studies"", ""religious studies"", ""early Christian texts"", ""Hebrew Bible""]",5,0.0022230148315429688,True,True,1.0,1.0,True,True,1.0
topic-2332,bible as literature,scriptural literature,embedding_output_index_full,theological literature,"[""theological literature"", ""Hebrew Bible"", ""Bible interpretation"", ""New Testament studies"", ""biblical studies""]",5,0.002246856689453125,False,False,0.6511627906976745,0.5604638457298279,False,False,0.0
topic-16882,Bible and culture,scriptural influence on culture,embedding_output_index_full,Hebrew Bible,"[""Hebrew Bible"", ""Christian cultural studies"", ""Christian Scriptures"", ""biblical studies"", ""scriptural influence on culture""]",5,0.0022346973419189453,False,True,1.0,1.0000001192092896,False,True,0.2
topic-2330,bible translations,scripture translations,embedding_output_index_full,scripture translations,"[""scripture translations"", ""Hebrew Bible"", ""Bible interpretation"", ""Christian Scriptures"", ""early Christian texts""]",5,0.0022325515747070312,True,True,1.0,1.0,True,True,1.0
topic-1344,bible studies; exegesis,Bible interpretation,embedding_output_index_full,biblical studies,"[""biblical studies"", ""New Testament studies"", ""theological literature"", ""religious studies"", ""Christian Scriptures""]",5,0.0023353099822998047,False,False,0.4444444444444444,0.6506533622741699,False,False,0.0
topic-1346,bible studies; new testament,New Testament studies,embedding_output_index_full,New Testament studies,"[""New Testament studies"", ""biblical studies"", ""religious studies"", ""Christian Scriptures"", ""Hebrew Bible""]",5,0.002286672592163086,True,True,1.0,1.0000001192092896,True,True,1.0
topic-1348,biodiversity,natural diversity,embedding_output_index_full,natural diversity,"[""natural diversity"", ""endangered species"", ""diversity"", ""ecological management"", ""ecological law""]",5,0.002252817153930664,True,True,1.0,1.0000001192092896,True,True,1.0
topic-12123,"Blanchot, Maurice (1907-2003)",literary philosopher,embedding_output_index_full,Jacques Derrida,"[""Jacques Derrida"", ""Friedrich Heinrich Jacobi"", ""Jacob"", ""Teutonic"", ""unity""]",5,0.003051280975341797,False,False,0.3111111111111111,0.39305993914604187,False,False,0.0
topic-1351,urban planning and building law,city planning regulations,embedding_output_index_full,city planning regulations,"[""city planning regulations"", ""city planning"", ""local government law"", ""Municipal governance"", ""city history""]",5,0.002275228500366211,True,True,1.0,0.9999999403953552,True,True,1.0
topic-1352,brabant,Brabant region,embedding_output_index_full,Brabant region,"[""Brabant region"", ""Brabant heritage"", ""Dutch language"", ""Latvian Republic"", ""ICCt""]",5,0.002213716506958008,True,True,1.0,0.9999998807907104,True,True,1.0
topic-1402,Letter of James,Epistle of James,embedding_output_index_full,Epistle of James,"[""Epistle of James"", ""Matthew, James, and Didache"", ""John the Apostle"", ""Jacob"", ""Matthew's Gospel""]",5,0.0022039413452148438,True,True,1.0,1.0,True,True,1.0
topic-1356,law of civil procedure,civil litigation law,embedding_output_index_full,civil law,"[""civil law"", ""legal procedure"", ""civil litigation law"", ""Civil law methodology"", ""criminal procedural law""]",5,0.002187490463256836,False,True,1.0,1.0,True,True,0.3333333333333333
topic-1357,civil law,non-criminal law,embedding_output_index_full,civil litigation law,"[""civil litigation law"", ""Civil law methodology"", ""non-criminal law"", ""family law"", ""business law""]",5,0.0021791458129882812,False,True,1.0,0.9999998807907104,True,True,0.3333333333333333
topic-17103,Citizens Participation,public involvement,embedding_output_index_full,worker participation,"[""worker participation"", ""civic community"", ""Participatory governance"", ""employment participation"", ""public involvement""]",5,0.0021741390228271484,False,True,1.0,1.000000238418579,False,True,0.2
topic-13521,citizenship,nationality,embedding_output_index_full,immigration law,"[""immigration law"", ""immigrants"", ""nationality"", ""Americanisation"", ""Asylum law""]",5,0.002289295196533203,False,True,1.0,1.0,True,True,0.3333333333333333
topic-9901,burnout,exhaustion,embedding_output_index_full,exhaustion,"[""exhaustion"", ""emotional exhaustion"", ""joblessness"", ""economic meltdown"", ""Catastrophes""]",5,0.0023374557495117188,True,True,1.0,1.0000001192092896,True,True,1.0
topic-15463,Business Process Management,process optimization,embedding_output_index_full,manufacturing process management,"[""manufacturing process management"", ""information systems management"", ""process optimization"", ""business administration"", ""decision process""]",5,0.0023124217987060547,False,True,1.0,1.0,True,True,0.3333333333333333
topic-9783,business transactions,commercial dealings,embedding_output_index_full,business finance,"[""business finance"", ""business creation"", ""financial instruments"", ""business law"", ""businesses""]",5,0.002260446548461914,False,False,0.4,0.561574399471283,False,False,0.0
topic-2564,collective labour agreements,union contracts,embedding_output_index_full,union contracts,"[""union contracts"", ""labor unions"", ""social contract"", ""employee council"", ""collective action problem""]",5,0.002518892288208008,True,True,1.0,1.0000001192092896,True,True,1.0
topic-2570,central banks,monetary authority,embedding_output_index_full,government finance,"[""government finance"", ""financial systems"", ""financial regulation"", ""monetary authority"", ""global financial institution""]",5,0.0022478103637695312,False,True,1.0,0.9999999403953552,False,True,0.25
topic-6302,China,People's Republic of China,embedding_output_index_full,People's Republic of China,"[""People's Republic of China"", ""East Europe"", ""nationality"", ""developing countries"", ""global culture""]",5,0.002254009246826172,True,True,1.0,1.0,True,True,1.0
topic-12461,surgery,surgical procedure,embedding_output_index_full,surgical procedure,"[""surgical procedure"", ""recovery"", ""childbirth"", ""medical services"", ""sex""]",5,0.0022640228271484375,True,True,1.0,1.0,True,True,1.0
topic-11383,Christian creed,Christian statement of belief,embedding_output_index_full,Christian unity,"[""Christian unity"", ""Christian worship"", ""Christian worldview"", ""Judeo-Christian relations"", ""Christian history""]",5,0.0022492408752441406,False,False,0.5833333333333333,0.5629814267158508,False,False,0.0
topic-4242,christian philosophy,Christian worldview,embedding_output_index_full,religious philosophy,"[""religious philosophy"", ""Christian worldview philosophy"", ""Christian worldview"", ""scientific philosophy"", ""moral philosophy""]",5,0.0030579566955566406,False,True,1.0,1.0,True,True,0.3333333333333333
topic-2304,christian liturgy,Christian worship,embedding_output_index_full,liturgical theology,"[""liturgical theology"", ""current liturgical practice"", ""Christian worship"", ""congregation"", ""religious ceremonies""]",5,0.002222299575805664,False,True,1.0,1.0,True,True,0.3333333333333333
topic-16544,Christianity and Culture,Christian cultural studies,embedding_output_index_full,Christian cultural studies,"[""Christian cultural studies"", ""cross-cultural theology"", ""Christian worldview"", ""religious philosophy"", ""Christian history""]",5,0.002353668212890625,True,True,1.0,1.0,True,True,1.0
topic-181,chronic heart failure,persistent heart failure,embedding_output_index_full,persistent heart failure,"[""persistent heart failure"", ""cardiovascular diseases"", ""well-being after cardiovascular diseases"", ""exhaustion"", ""health psychology""]",5,0.002224445343017578,True,True,1.0,1.0000001192092896,True,True,1.0
topic-17142,chronic diseases,long-term illnesses,embedding_output_index_full,disease study,"[""disease study"", ""cardiovascular diseases"", ""long-term illnesses"", ""health psychology"", ""well-being after cardiovascular diseases""]",5,0.002184152603149414,False,True,1.0,1.0,True,True,0.3333333333333333
topic-2577,civil society,civic community,embedding_output_index_full,civil law,"[""civil law"", ""diverse society"", ""civic community"", ""social science"", ""family sociology""]",5,0.00218963623046875,False,True,1.0,1.0,True,True,0.3333333333333333
topic-2582,cognition,mental processes,embedding_output_index_full,cognitive psychology,"[""cognitive psychology"", ""language cognition"", ""cognitive studies"", ""cognitive psychology theory"", ""cognitive effort""]",5,0.002177715301513672,False,False,0.36363636363636365,0.6788598299026489,False,False,0.0
topic-4240,cognitive linguistics,language cognition,embedding_output_index_full,language cognition,"[""language cognition"", ""social linguistics"", ""linguistic behavior"", ""language psychology"", ""practical linguistics""]",5,0.0021638870239257812,True,True,1.0,0.9999999403953552,True,True,1.0
topic-1936,cognitive neuropsychology,neurocognitive psychology,embedding_output_index_full,cognitive psychology,"[""cognitive psychology"", ""neurocognitive psychology"", ""cognitive studies"", ""neuropsychological therapy"", ""cognitive psychology theory""]",5,0.002333402633666992,False,True,1.0,1.0000001192092896,True,True,0.5
topic-6681,cognitive processes,mental processes,embedding_output_index_full,mental processes,"[""mental processes"", ""cognitive psychology"", ""cognitive studies"", ""cognitive psychology theory"", ""cognitive effort""]",5,0.002384662628173828,True,True,1.0,1.0000001192092896,True,True,1.0
topic-2584,cognitive science,cognitive studies,embedding_output_index_full,cognitive psychology,"[""cognitive psychology"", ""mental science"", ""cognitive studies"", ""cognitive psychology theory"", ""brain-behavior science""]",5,0.0022525787353515625,False,True,1.0,1.0,True,True,0.3333333333333333
topic-6141,collective labour agreements,union contracts,embedding_output_index_full,union contracts,"[""union contracts"", ""labor unions"", ""social contract"", ""employee council"", ""collective action problem""]",5,0.002237081527709961,True,True,1.0,1.0000001192092896,True,True,1.0
topic-8941,coma,unconscious state,embedding_output_index_full,brain injury,"[""brain injury"", ""unconscious state"", ""recovery"", ""wisdom"", ""brain bleed""]",5,0.0022754669189453125,False,True,1.0,1.0,True,True,0.5
topic-13041,work-family confict,work-life conflict,embedding_output_index_full,family sociology,"[""family sociology"", ""family law"", ""work-life conflict"", ""households"", ""family economics""]",5,0.0022864341735839844,False,True,1.0,1.0,True,True,0.3333333333333333
topic-2585,combinatorics,combinatorial mathematics,embedding_output_index_full,combinatorial mathematics,"[""combinatorial mathematics"", ""coding"", ""statistical mathematics"", ""computational mathematics"", ""collective action problem""]",5,0.0026671886444091797,True,True,1.0,1.0,True,True,1.0
topic-1361,communication,information exchange,embedding_output_index_full,communication channels,"[""communication channels"", ""cross-cultural communication"", ""body language"", ""Cooperation"", ""information and communication technology""]",5,0.0022313594818115234,False,False,0.6190476190476191,0.6580581665039062,False,False,0.0
topic-1364,communication skills,interpersonal skills,embedding_output_index_full,interpersonal skills,"[""interpersonal skills"", ""language skills"", ""skill development"", ""reading and writing skills"", ""body language""]",5,0.002192258834838867,True,True,1.0,1.0000001192092896,True,True,1.0
topic-10421,communitarianism,Community-based philosophy,embedding_output_index_full,social unity,"[""social unity"", ""Cooperation"", ""Marxism"", ""nationalist ideology"", ""hostility""]",5,0.0022008419036865234,False,False,0.39130434782608686,0.47962674498558044,False,False,0.0
topic-16003,Competence development,Capability development,embedding_output_index_full,skill development,"[""skill development"", ""skills training"", ""talent development"", ""employee development"", ""Capability development""]",5,0.002346038818359375,False,True,1.0,1.0,False,True,0.2
topic-2591,competition,rivalry,embedding_output_index_full,promotion,"[""promotion"", ""rivalry"", ""Cooperation"", ""service promotion"", ""disputes""]",5,0.002173900604248047,False,True,1.0,0.9999999403953552,True,True,0.5
topic-11944,computational semantics,machine semantics,embedding_output_index_full,machine semantics,"[""machine semantics"", ""computational linguistics"", ""linguistic morphology"", ""practical linguistics"", ""language processing systems""]",5,0.0022192001342773438,True,True,1.0,1.0000001192092896,True,True,1.0
topic-1368,computer crime,cybercrime,embedding_output_index_full,cybercrime,"[""cybercrime"", ""criminal science"", ""criminal code"", ""criminal psychology"", ""cyber culture""]",5,0.003527402877807617,True,True,1.0,1.0000001192092896,True,True,1.0
topic-5801,computer linguistics,computational linguistics,embedding_output_index_full,computational linguistics,"[""computational linguistics"", ""language science"", ""practical linguistics"", ""social linguistics"", ""linguistic morphology""]",5,0.002238750457763672,True,True,1.0,1.0,True,True,1.0
topic-2596,computer models,computational models,embedding_output_index_full,computational modeling,"[""computational modeling"", ""computational models"", ""Systems modeling"", ""computing systems"", ""higher-order models""]",5,0.00220489501953125,False,True,1.0,1.0,True,True,0.5
topic-2598,computer simulation,computational modeling,embedding_output_index_full,simulation,"[""simulation"", ""computational modeling"", ""business simulations"", ""computational models"", ""computing systems""]",5,0.0022699832916259766,False,True,1.0,1.0,True,True,0.5
topic-1372,computer systems,computing systems,embedding_output_index_full,computing systems,"[""computing systems"", ""Systems modeling"", ""systems analysis"", ""interconnected systems"", ""information technology""]",5,0.002250194549560547,True,True,1.0,1.0,True,True,1.0
topic-8021,mediation,conflict resolution,embedding_output_index_full,e-mediation,"[""e-mediation"", ""conflict resolution"", ""persuasion"", ""disputes"", ""interpersonal process""]",5,0.0022995471954345703,False,True,1.0,1.000000238418579,True,True,0.5
topic-2110,conflicts,disputes,embedding_output_index_full,conflict resolution,"[""conflict resolution"", ""disputes"", ""rivalry"", ""work-life conflict"", ""hostility""]",5,0.002261638641357422,False,True,1.0,0.9999997615814209,True,True,0.5
topic-1376,constitutional law,fundamental law,embedding_output_index_full,history of constitutional law,"[""history of constitutional law"", ""constitutional challenges"", ""jurisprudence"", ""judiciary"", ""regulatory law""]",5,0.002288341522216797,False,False,0.48275862068965514,0.4463057518005371,False,False,0.0
topic-1377,constitutional law history,history of constitutional law,embedding_output_index_full,history of constitutional law,"[""history of constitutional law"", ""legal history"", ""constitutional challenges"", ""jurisprudence"", ""international legal history""]",5,0.0022253990173339844,True,True,1.0,1.0,True,True,1.0
topic-3790,constitutional issues,constitutional challenges,embedding_output_index_full,constitutional challenges,"[""constitutional challenges"", ""judiciary"", ""history of constitutional law"", ""Civil Liberties"", ""jurisprudence""]",5,0.0023088455200195312,True,True,1.0,1.000000238418579,True,True,1.0
topic-1378,consumer behaviour,buying behavior,embedding_output_index_full,consumer psychology,"[""consumer psychology"", ""buying behavior"", ""behavioral economics"", ""Behavioral finance"", ""commercial policy""]",5,0.0033998489379882812,False,True,1.0,0.9999999403953552,True,True,0.5
topic-2617,cooperative information systems,collaborative information systems,embedding_output_index_full,collaborative information systems,"[""collaborative information systems"", ""collaborative systems"", ""Collaborative Information Systems Development"", ""cooperative learning"", ""information exchange""]",5,0.002218008041381836,True,True,1.0,1.0,True,True,1.0
topic-2626,cooperative game theory,collaborative game theory,embedding_output_index_full,collaborative game theory,"[""collaborative game theory"", ""evolving game theory"", ""cooperative learning"", ""strategic interaction theory"", ""Cooperation""]",5,0.0022182464599609375,True,True,1.0,1.0,True,True,1.0
topic-9921,coping,stress management,embedding_output_index_full,grieving,"[""grieving"", ""psychological care"", ""psychological well-being"", ""contemplation"", ""emotional well-being""]",5,0.002391815185546875,False,False,0.3783783783783784,0.4333574175834656,False,False,0.0
topic-1383,corporate governance,corporate management,embedding_output_index_full,governance,"[""governance"", ""corporate management"", ""corporate law"", ""legal governance"", ""governance crisis""]",5,0.002193927764892578,False,True,1.0,1.000000238418579,True,True,0.5
topic-1384,criminology,criminal science,embedding_output_index_full,criminal science,"[""criminal science"", ""criminal psychology"", ""criminal code"", ""transnational criminal law"", ""cybercrime""]",5,0.002193450927734375,True,True,1.0,1.0,True,True,1.0
topic-1934,cross-cultural research,intercultural research,embedding_output_index_full,cross-cultural psychology,"[""cross-cultural psychology"", ""cross-cultural differences"", ""cross-cultural support"", ""cross-cultural communication"", ""intercultural research""]",5,0.0022215843200683594,False,True,1.0,1.0,False,True,0.2
topic-1386,cross-cultural psychology,intercultural psychology,embedding_output_index_full,intercultural psychology,"[""intercultural psychology"", ""cross-cultural differences"", ""cross-cultural intelligence"", ""cross-cultural communication"", ""cross-cultural support""]",5,0.002193927764892578,True,True,1.0,1.0000001192092896,True,True,1.0
topic-8882,cultural heritage,cultural legacy,embedding_output_index_full,heritage and progress,"[""heritage and progress"", ""cultural legacy"", ""cultural communities"", ""cultural variety"", ""Brabant heritage""]",5,0.0022013187408447266,False,True,1.0,1.0000001192092896,True,True,0.5
topic-15542,Economics of art and culture,cultural economics,embedding_output_index_full,cultural economics,"[""cultural economics"", ""sociology of culture"", ""scriptural influence on culture"", ""cultural philosophy"", ""industrial economics""]",5,0.0023047924041748047,True,True,1.0,1.0000001192092896,True,True,1.0
topic-2631,cultural diversity,cultural variety,embedding_output_index_full,diversity,"[""diversity"", ""diverse society"", ""cultural variety"", ""minority cultures"", ""natural diversity""]",5,0.002180337905883789,False,True,1.0,1.000000238418579,True,True,0.3333333333333333
topic-3466,culture,cultural practices,embedding_output_index_full,global culture,"[""global culture"", ""sociology of culture"", ""cultural variety"", ""cultural practices"", ""mass culture""]",5,0.0022814273834228516,False,True,1.0,1.0000001192092896,False,True,0.25
topic-1390,culture and internationalisation,global culture,embedding_output_index_full,global culture,"[""global culture"", ""Americanisation"", ""cultural economics"", ""cultural philosophy"", ""intercultural research""]",5,0.002977609634399414,True,True,1.0,1.0,True,True,1.0
topic-1389,culture in brabant,Brabant heritage,embedding_output_index_full,Brabant heritage,"[""Brabant heritage"", ""Brabant region"", ""cultural variety"", ""mass culture"", ""Regional language and society""]",5,0.002283334732055664,True,True,1.0,1.0,True,True,1.0
topic-1950,cultural and country differences,cross-cultural differences,embedding_output_index_full,cross-cultural differences,"[""cross-cultural differences"", ""cultural variety"", ""cultural adaptation"", ""cultural diversity"", ""scriptural influence on culture""]",5,0.003384828567504883,True,True,1.0,1.000000238418579,True,True,1.0
topic-8881,cultural and social history,social and cultural history,embedding_output_index_full,social and cultural history,"[""social and cultural history"", ""cultural legacy"", ""historical study"", ""sociology of culture"", ""local history""]",5,0.0022306442260742188,True,True,1.0,1.0000001192092896,True,True,1.0
topic-1561,Art education,arts instruction,embedding_output_index_full,arts instruction,"[""arts instruction"", ""schooling"", ""elementary education"", ""educational technology"", ""cinema studies""]",5,0.002269744873046875,True,True,1.0,0.9999998211860657,True,True,1.0
topic-1388,philosophy of culture,cultural philosophy,embedding_output_index_full,cultural philosophy,"[""cultural philosophy"", ""sociology of culture"", ""global culture"", ""corporate culture"", ""scriptural influence on culture""]",5,0.0022783279418945312,True,True,1.0,1.000000238418579,True,True,1.0
topic-1392,cultural psychology,cross-cultural psychology,embedding_output_index_full,cross-cultural psychology,"[""cross-cultural psychology"", ""intercultural psychology"", ""cultural philosophy"", ""cultural variety"", ""cultural practices""]",5,0.0022737979888916016,True,True,1.0,1.0,True,True,1.0
topic-1393,cultural sociology,sociology of culture,embedding_output_index_full,sociology of culture,"[""sociology of culture"", ""cultural communities"", ""cultural philosophy"", ""family sociology"", ""cultural economics""]",5,0.0022537708282470703,True,True,1.0,1.0,True,True,1.0
topic-1928,cultureral differences,cultural diversity,embedding_output_index_full,cross-cultural differences,"[""cross-cultural differences"", ""scriptural influence on culture"", ""cultural variety"", ""cultural adaptation"", ""sociology of culture""]",5,0.002244710922241211,False,False,0.8235294117647058,0.7567356824874878,False,False,0.0
topic-2636,data mining,data analysis,embedding_output_index_full,data analysis,"[""data analysis"", ""decision analysis"", ""business analytics"", ""statistical techniques"", ""information processing""]",5,0.002236604690551758,True,True,1.0,0.9999999403953552,True,True,1.0
topic-2637,data warehouse,data repository,embedding_output_index_full,data management,"[""data management"", ""data management systems"", ""business analytics"", ""data repository"", ""data analysis""]",5,0.0033681392669677734,False,True,1.0,1.0000001192092896,False,True,0.25
topic-1395,databases,data repositories,embedding_output_index_full,data management,"[""data management"", ""data management systems"", ""data repository"", ""data repositories"", ""business analytics""]",5,0.0022122859954833984,False,True,1.0,1.0,False,True,0.25
topic-1397,decentralization,devolution,embedding_output_index_full,self-governance,"[""self-governance"", ""governance"", ""Cooperation"", ""Consensus-based democracy"", ""Participatory governance""]",5,0.0022296905517578125,False,False,0.4761904761904761,0.41382932662963867,False,False,0.0
topic-5637,deconstruction,critical analysis,embedding_output_index_full,destitution,"[""destitution"", ""reorganisation"", ""devolution"", ""bureaucratic reform"", ""deregulation""]",5,0.0022072792053222656,False,False,0.33333333333333337,0.23295626044273376,False,False,0.0
topic-2327,dementia,cognitive decline,embedding_output_index_full,cognitive decline,"[""cognitive decline"", ""attention deficit disorder"", ""senior citizens"", ""psychological care"", ""psychological disorders""]",5,0.0022046566009521484,True,True,1.0,1.0,True,True,1.0
topic-1398,democracy,popular government,embedding_output_index_full,governance,"[""governance"", ""Consensus-based democracy"", ""popular government"", ""authority"", ""self-governance""]",5,0.002207040786743164,False,True,1.0,1.0,True,True,0.3333333333333333
topic-1399,demography,population studies,embedding_output_index_full,population studies,"[""population studies"", ""population aging"", ""birth rate"", ""households"", ""economic statistics""]",5,0.0022373199462890625,True,True,1.0,0.9999998807907104,True,True,1.0
topic-7761,depression,melancholy,embedding_output_index_full,melancholy,"[""melancholy"", ""psychological disorders"", ""prenatal depression"", ""health psychology"", ""psychological well-being""]",5,0.002503633499145508,True,True,1.0,1.0,True,True,1.0
topic-1949,depression during pregnancy,prenatal depression,embedding_output_index_full,prenatal depression,"[""prenatal depression"", ""baby mental health"", ""melancholy"", ""childbirth"", ""mental health and spirituality""]",5,0.0022482872009277344,True,True,1.0,0.9999999403953552,True,True,1.0
topic-1400,third world,developing countries,embedding_output_index_full,global culture,"[""global culture"", ""global management"", ""global commerce"", ""global law"", ""global public law""]",5,0.002229452133178711,False,False,0.4705882352941176,0.464969664812088,False,False,0.0
topic-2645,derivatives,financial instruments,embedding_output_index_full,financial derivatives,"[""financial derivatives"", ""curves"", ""devolution"", ""deregulation"", ""development""]",5,0.0022263526916503906,False,False,0.6666666666666667,0.4997473359107971,False,False,0.0
topic-4327,Derrida,Jacques Derrida,embedding_output_index_full,Jacques Derrida,"[""Jacques Derrida"", ""Castilian"", ""Teutonic"", ""hostility"", ""Tamazight""]",5,0.0037529468536376953,True,True,1.0,1.0,True,True,1.0
topic-17143,Diabetic disease,blood sugar disorder,embedding_output_index_full,blood sugar disorder,"[""blood sugar disorder"", ""disease study"", ""cardiovascular diseases"", ""medical services"", ""seizure disorder""]",5,0.002238035202026367,True,True,1.0,1.0,True,True,1.0
topic-1403,dialect and society,Regional language and society,embedding_output_index_full,Regional language and society,"[""Regional language and society"", ""social linguistics"", ""sociology of culture"", ""diverse society"", ""the English language""]",5,0.002230405807495117,True,True,1.0,1.0000001192092896,True,True,1.0
topic-16823,Didache and James's letter,early Christian texts,embedding_output_index_full,"Matthew, James, and Didache","[""Matthew, James, and Didache"", ""Didache and the Gospel of Matthew"", ""Epistle of James"", ""John Locke"", ""John Rawls' theories""]",5,0.0023267269134521484,False,False,0.4,0.4854593276977539,False,False,0.0
topic-4742,Didache and Matthew's gospel,Didache and the Gospel of Matthew,embedding_output_index_full,Didache and the Gospel of Matthew,"[""Didache and the Gospel of Matthew"", ""Matthew, James, and Didache"", ""Matthew's Gospel"", ""early Christian texts"", ""theological literature""]",5,0.0022919178009033203,True,True,1.0,1.000000238418579,True,True,1.0
topic-4741,didache and early judaism,early Christian teachings and Judaism,embedding_output_index_full,modern Jewish history,"[""modern Jewish history"", ""early Christian teachings and Judaism"", ""Didache and the Gospel of Matthew"", ""ancient Jewish religion"", ""contemporary Judaism""]",5,0.002299785614013672,False,True,1.0,1.0,True,True,0.5
topic-16822,"Didache, Matthew's gospel and James's letter",early Christian texts,embedding_output_index_full,Didache and the Gospel of Matthew,"[""Didache and the Gospel of Matthew"", ""Matthew, James, and Didache"", ""Matthew's Gospel"", ""Epistle of James"", ""early Christian texts""]",5,0.002470254898071289,False,True,1.0,1.0,False,True,0.2
topic-2652,services marketing,service promotion,embedding_output_index_full,service promotion,"[""service promotion"", ""service sector"", ""marketing strategy"", ""ethical marketing"", ""online services""]",5,0.0022368431091308594,True,True,1.0,1.0000001192092896,True,True,1.0
topic-6202,service industry,service sector,embedding_output_index_full,service sector,"[""service sector"", ""service promotion"", ""businesses"", ""medical services"", ""online services""]",5,0.002199411392211914,True,True,1.0,1.000000238418579,True,True,1.0
topic-4309,digital library,electronic library,embedding_output_index_full,electronic library,"[""electronic library"", ""the web"", ""information search"", ""digital labor"", ""data repositories""]",5,0.0021953582763671875,True,True,1.0,1.000000238418579,True,True,1.0
topic-1404,digital culture,cyber culture,embedding_output_index_full,cyber culture,"[""cyber culture"", ""global culture"", ""sociology of culture"", ""corporate culture"", ""digital labor""]",5,0.002207040786743164,True,True,1.0,1.0000001192092896,True,True,1.0
topic-1405,discrete mathematics,combinatorial mathematics,embedding_output_index_full,combinatorial mathematics,"[""combinatorial mathematics"", ""computational mathematics"", ""mathematical foundations"", ""mathematical sciences"", ""constructivist mathematics""]",5,0.0021958351135253906,True,True,1.0,1.0,True,True,1.0
topic-5461,diversity in organisations,organizational inclusivity,embedding_output_index_full,diversity,"[""diversity"", ""cultural diversity"", ""diverse society"", ""organizational inclusivity"", ""mixed organization""]",5,0.0022270679473876953,False,True,1.0,1.0,False,True,0.25
topic-7961,diversity management,inclusion management,embedding_output_index_full,diversity,"[""diversity"", ""cultural diversity"", ""diverse society"", ""natural diversity"", ""diverse city""]",5,0.002367734909057617,False,False,0.3157894736842105,0.2675691545009613,False,False,0.0
topic-2662,dividend policy,profit distribution strategy,embedding_output_index_full,financial policy,"[""financial policy"", ""stock management"", ""investment theory"", ""investing"", ""budgetary policy""]",5,0.002310514450073242,False,False,0.3555555555555555,0.4776468873023987,False,False,0.0
topic-1407,document retrieval,document search,embedding_output_index_full,document search,"[""document search"", ""information retrieval system"", ""information search"", ""text analysis"", ""information processing""]",5,0.002397775650024414,True,True,1.0,1.0,True,True,1.0
topic-11385,dogma,doctrine,embedding_output_index_full,sex,"[""sex"", ""Christ"", ""melancholy"", ""refugees"", ""character""]",5,0.002243518829345703,False,False,0.4285714285714286,0.32950034737586975,False,False,0.0
topic-1408,dogmatic theology,doctrinal theology,embedding_output_index_full,doctrinal theology,"[""doctrinal theology"", ""applied theology"", ""theological representations"", ""theological literature"", ""modern theological themes""]",5,0.0022554397583007812,True,True,1.0,1.0,True,True,1.0
topic-2318,fallacies and unfair methods of discussion,logical fallacies,embedding_output_index_full,logical fallacies,"[""logical fallacies"", ""disputes"", ""dispute resolution"", ""persuasive speech"", ""linguistic behavior""]",5,0.003010272979736328,True,True,1.0,1.000000238418579,True,True,1.0
topic-5126,drugs addiction,substance dependence,embedding_output_index_full,substance dependence,"[""substance dependence"", ""substance abuse treatment"", ""alcohol dependence"", ""psychological disorders"", ""remorse""]",5,0.0023152828216552734,True,True,1.0,1.0000001192092896,True,True,1.0
topic-1409,german,Teutonic,embedding_output_index_full,Dutch language,"[""Dutch language"", ""the English language"", ""nationality"", ""classical language"", ""Frankfurt School theorist""]",5,0.0022628307342529297,False,False,0.42105263157894735,0.3524548411369324,False,False,0.0
topic-1411,sustainable tourism,eco-friendly tourism,embedding_output_index_full,eco-friendly tourism,"[""eco-friendly tourism"", ""eco-tourism"", ""travel industry"", ""leisure activities"", ""ecological management""]",5,0.002474546432495117,True,True,1.0,1.0000001192092896,True,True,1.0
topic-3382,sustainable development,green development,embedding_output_index_full,green development,"[""green development"", ""economic development"", ""developing countries"", ""environmental assessment"", ""ecological policy""]",5,0.0022079944610595703,True,True,1.0,1.0,True,True,1.0
topic-2667,dynamic game theory,evolving game theory,embedding_output_index_full,evolving game theory,"[""evolving game theory"", ""collaborative game theory"", ""strategic interaction theory"", ""economic theory"", ""team dynamics""]",5,0.0022995471954345703,True,True,1.0,1.000000238418579,True,True,1.0
topic-2669,e-business,online business,embedding_output_index_full,e-commerce,"[""e-commerce"", ""online business"", ""businesses"", ""business creation"", ""information exchange""]",5,0.0021703243255615234,False,True,1.0,1.0000001192092896,True,True,0.5
topic-2670,e-commerce,online retail,embedding_output_index_full,online shopping,"[""online shopping"", ""internet shopping"", ""online retail"", ""online business"", ""global commerce""]",5,0.002261638641357422,False,True,1.0,1.0,True,True,0.3333333333333333
topic-1413,econometrics,economic modeling,embedding_output_index_full,practical econometrics,"[""practical econometrics"", ""individual econometrics"", ""economic statistics"", ""economic modeling"", ""economic science""]",5,0.002838611602783203,False,True,1.0,1.0,False,True,0.25
topic-1414,economics,economic science,embedding_output_index_full,economic science,"[""economic science"", ""national economics"", ""government economics"", ""individual economics"", ""industrial economics""]",5,0.0021932125091552734,True,True,1.0,1.0,True,True,1.0
topic-12881,economics of regulation,regulatory economics,embedding_output_index_full,regulatory economics,"[""regulatory economics"", ""financial regulation"", ""regulatory law"", ""government economics"", ""economic law""]",5,0.002471446990966797,True,True,1.0,1.0000001192092896,True,True,1.0
topic-5101,economics of innovation,innovation economics,embedding_output_index_full,innovation economics,"[""innovation economics"", ""industrial economics"", ""economic science"", ""economic theory"", ""economic philosophy""]",5,0.002324819564819336,True,True,1.0,1.0000001192092896,True,True,1.0
topic-1282,general economics,economic theory,embedding_output_index_full,individual economics,"[""individual economics"", ""global economics"", ""national economics"", ""government economics"", ""economic theory""]",5,0.002519369125366211,False,True,1.0,1.000000238418579,False,True,0.2
topic-3464,history of economic thought,economic history,embedding_output_index_full,economic history,"[""economic history"", ""economic philosophy"", ""economic theory"", ""individual economics"", ""industrial economics""]",5,0.002379894256591797,True,True,1.0,0.9999997615814209,True,True,1.0
topic-1416,economic geography,spatial economics,embedding_output_index_full,spatial economics,"[""spatial economics"", ""local economics"", ""global economics"", ""economic development"", ""local economic growth""]",5,0.003114461898803711,True,True,1.0,1.000000238418579,True,True,1.0
topic-2689,economic growth,economic development,embedding_output_index_full,local economic growth,"[""local economic growth"", ""economic development"", ""organizational growth"", ""economic condition"", ""economic modeling""]",5,0.0022842884063720703,False,True,1.0,1.0,True,True,0.5
topic-1418,psychology of economic behaviour,behavioral economics,embedding_output_index_full,behavioral economics,"[""behavioral economics"", ""Behavioral finance"", ""economic philosophy"", ""consumer psychology"", ""individual economics""]",5,0.003434896469116211,True,True,1.0,0.9999998807907104,True,True,1.0
topic-6221,economic situation,economic condition,embedding_output_index_full,economic condition,"[""economic condition"", ""economic development"", ""economic science"", ""economic theory"", ""economic law""]",5,0.0022177696228027344,True,True,1.0,1.0,True,True,1.0
topic-2056,EEG,brainwave recording,embedding_output_index_full,brain bleed,"[""brain bleed"", ""seizure disorder"", ""brain injury"", ""brain-behavior science"", ""electromyogram""]",5,0.0034301280975341797,False,False,0.5365853658536586,0.39063435792922974,False,False,0.0
topic-4032,securities law,financial regulation,embedding_output_index_full,financial law,"[""financial law"", ""business law"", ""corporate law"", ""contract law"", ""antitrust law""]",5,0.002231121063232422,False,False,0.7272727272727273,0.7639672756195068,False,False,0.0
topic-2311,property rights,ownership rights,embedding_output_index_full,ownership rights,"[""ownership rights"", ""basic rights"", ""marital property law"", ""environmental protection law"", ""inheritance law""]",5,0.00223541259765625,True,True,1.0,1.0000001192092896,True,True,1.0
topic-7721,electroencephalogram,brain wave test,embedding_output_index_full,brain wave test,"[""brain wave test"", ""brainwave recording"", ""electromyogram"", ""brain-behavior science"", ""seizure disorder""]",5,0.0022504329681396484,True,True,1.0,1.0,True,True,1.0
topic-1938,electrophysiology,bioelectricity,embedding_output_index_full,neural physiology,"[""neural physiology"", ""electromyogram"", ""bioelectricity"", ""physiological psychology"", ""muscle electrical recording""]",5,0.002216815948486328,False,True,1.0,1.000000238418579,True,True,0.3333333333333333
topic-2100,electromyography,muscle electrical recording,embedding_output_index_full,electromyogram,"[""electromyogram"", ""muscle electrical recording"", ""orthography"", ""brainwave recording"", ""brain wave test""]",5,0.002221822738647461,False,True,1.0,1.000000238418579,True,True,0.5
topic-15464,Electronic Business,e-commerce,embedding_output_index_full,e-commerce,"[""e-commerce"", ""online business"", ""businesses"", ""information technology"", ""business creation""]",5,0.0022122859954833984,True,True,1.0,0.9999999403953552,True,True,1.0
topic-2701,electronic commerce,online shopping,embedding_output_index_full,e-commerce,"[""e-commerce"", ""internet shopping"", ""global commerce"", ""online shopping"", ""online business""]",5,0.002168416976928711,False,True,1.0,1.0000001192092896,False,True,0.25
topic-7722,EMG,electromyogram,embedding_output_index_full,electromyogram,"[""electromyogram"", ""embarrassment"", ""muscle electrical recording"", ""IdM"", ""feelings""]",5,0.002214193344116211,True,True,1.0,1.0,True,True,1.0
topic-1929,emotions,feelings,embedding_output_index_full,feelings,"[""feelings"", ""emotional well-being"", ""emotional exhaustion"", ""mental processes"", ""melancholy""]",5,0.0031745433807373047,True,True,1.0,1.0,True,True,1.0
topic-2067,emotions and health,emotional well-being,embedding_output_index_full,emotional well-being,"[""emotional well-being"", ""health psychology"", ""physiological psychology"", ""emotional exhaustion"", ""psychological well-being""]",5,0.004903316497802734,True,True,1.0,1.0000001192092896,True,True,1.0
topic-2064,emotional exhaustion,burnout,embedding_output_index_full,exhaustion,"[""exhaustion"", ""tiredness"", ""stress management"", ""emotional well-being"", ""stress control""]",5,0.0022907257080078125,False,False,0.2857142857142857,0.5210578441619873,False,False,0.0
topic-2705,empirical finance,Experimental finance,embedding_output_index_full,Experimental finance,"[""Experimental finance"", ""financial economics"", ""quantitative finance"", ""economic science"", ""financial modeling""]",5,0.0026826858520507812,True,True,1.0,1.0,True,True,1.0
topic-1426,empirical macroeconomics,data-driven macroeconomics,embedding_output_index_full,data-driven macroeconomics,"[""data-driven macroeconomics"", ""practical econometrics"", ""economic statistics"", ""economic modeling"", ""individual econometrics""]",5,0.002208709716796875,True,True,1.0,0.9999998211860657,True,True,1.0
topic-1042,Empirical legal studies,Empirical jurisprudence,embedding_output_index_full,Empirical jurisprudence,"[""Empirical jurisprudence"", ""legal theory"", ""legal history"", ""legal sociology"", ""legal comparison""]",5,0.0022046566009521484,True,True,1.0,1.0000001192092896,True,True,1.0
topic-5321,jurisprudence,legal theory,embedding_output_index_full,Empirical jurisprudence,"[""Empirical jurisprudence"", ""judiciary"", ""legal philosophy"", ""legal theory"", ""legal sociology""]",5,0.0022153854370117188,False,True,1.0,1.0000001192092896,False,True,0.25
topic-2712,energy economics,energy markets,embedding_output_index_full,energy markets,"[""energy markets"", ""energy challenges"", ""ecological economics"", ""industrial economics"", ""government economics""]",5,0.002758502960205078,True,True,1.0,1.0,True,True,1.0
topic-2711,energy sources,power sources,embedding_output_index_full,power sources,"[""power sources"", ""energy challenges"", ""energy markets"", ""facilities"", ""efficiency""]",5,0.002199888229370117,True,True,1.0,0.9999999403953552,True,True,1.0
topic-1429,energy problems,energy challenges,embedding_output_index_full,energy challenges,"[""energy challenges"", ""energy markets"", ""power sources"", ""workload pressure"", ""collective action problem""]",5,0.005450010299682617,True,True,1.0,1.000000238418579,True,True,1.0
topic-1430,english,the English language,embedding_output_index_full,the English language,"[""the English language"", ""language science"", ""Dutch language"", ""language skills"", ""language learning""]",5,0.0022635459899902344,True,True,1.0,1.0,True,True,1.0
topic-3666,epidemilogy,disease study,embedding_output_index_full,disease study,"[""disease study"", ""health policy"", ""study of victims"", ""health economics"", ""long-term illnesses""]",5,0.0022461414337158203,True,True,1.0,1.0000003576278687,True,True,1.0
topic-10401,epilepsy,seizure disorder,embedding_output_index_full,seizure disorder,"[""seizure disorder"", ""brain injury"", ""neuropsychological therapy"", ""attention deficit disorder"", ""brain bleed""]",5,0.00222015380859375,True,True,1.0,1.0000001192092896,True,True,1.0
topic-1431,law of succession,inheritance law,embedding_output_index_full,inheritance law,"[""inheritance law"", ""family law"", ""marital property law"", ""jurisprudence"", ""ecological law""]",5,0.0022735595703125,True,True,1.0,1.000000238418579,True,True,1.0
topic-2167,aesthetics,philosophy of beauty,embedding_output_index_full,aesthetics philosophy,"[""aesthetics philosophy"", ""philosophy of beauty"", ""cultural variety"", ""web design"", ""analytical philosophy""]",5,0.0022830963134765625,False,True,1.0,1.0,True,True,0.5
topic-1432,ethics,moral philosophy,embedding_output_index_full,social ethics,"[""social ethics"", ""professional ethics"", ""corporate ethics"", ""ethical management"", ""healthcare ethics""]",5,0.0022301673889160156,False,False,0.48275862068965514,0.6690292358398438,False,False,0.0
topic-7103,ethnic groups,cultural communities,embedding_output_index_full,minority cultures,"[""minority cultures"", ""Political Groups"", ""minority communities"", ""immigrants"", ""nationality""]",5,0.0022487640380859375,False,False,0.65,0.6961710453033447,False,False,0.0
topic-7102,ethnic minority groups,minority communities,embedding_output_index_full,ethnic groups,"[""ethnic groups"", ""minority cultures"", ""minority communities"", ""minority languages"", ""Political Groups""]",5,0.0022177696228027344,False,True,1.0,1.0000001192092896,True,True,0.3333333333333333
topic-1435,ethnic minority groups and culture,minority cultures,embedding_output_index_full,minority cultures,"[""minority cultures"", ""ethnic groups"", ""minority communities"", ""cultural diversity"", ""minority languages""]",5,0.002429485321044922,True,True,1.0,1.0,True,True,1.0
topic-13901,Ethnographic research,ethnographics,embedding_output_index_full,ethnographics,"[""ethnographics"", ""intercultural research"", ""intercultural research methods"", ""cultural practices"", ""cultural communities""]",5,0.0028586387634277344,True,True,1.0,1.0000001192092896,True,True,1.0
topic-5968,European Public Procurement Law,EU procurement regulations,embedding_output_index_full,EU procurement regulations,"[""EU procurement regulations"", ""procurement management"", ""EU legislation"", ""EU private law"", ""EU administrative law""]",5,0.0022783279418945312,True,True,1.0,0.9999999403953552,True,True,1.0
topic-1438,european tax law,EU tax regulations,embedding_output_index_full,EU tax regulations,"[""EU tax regulations"", ""EU legislation"", ""EU private law"", ""European welfare law"", ""global tax law""]",5,0.002231597900390625,True,True,1.0,1.0,True,True,1.0
topic-10221,European Administrative Law,EU administrative law,embedding_output_index_full,EU administrative law,"[""EU administrative law"", ""EU legislation"", ""EU private law"", ""principles of European legal development"", ""European welfare law""]",5,0.0027894973754882812,True,True,1.0,1.000000238418579,True,True,1.0
topic-1440,european environmental law,EU environmental regulations,embedding_output_index_full,EU environmental regulations,"[""EU environmental regulations"", ""global environmental law"", ""environmental protection law"", ""EU private law"", ""ecological law""]",5,0.0022246837615966797,True,True,1.0,1.0,True,True,1.0
topic-1061,European Private Law,EU private law,embedding_output_index_full,EU private law,"[""EU private law"", ""EU legislation"", ""EU administrative law"", ""principles of European legal development"", ""European welfare law""]",5,0.0022301673889160156,True,True,1.0,1.0,True,True,1.0
topic-1441,european law,EU legislation,embedding_output_index_full,EU private law,"[""EU private law"", ""EU legislation"", ""EU administrative law"", ""principles of European legal development"", ""European welfare law""]",5,0.002211332321166992,False,True,1.0,1.0,True,True,0.5
topic-1443,european social security law,European welfare law,embedding_output_index_full,European welfare law,"[""European welfare law"", ""global social security law"", ""EU private law"", ""EU administrative law"", ""EU legislation""]",5,0.0022122859954833984,True,True,1.0,1.0,True,True,1.0
topic-5561,european convention on human rights,European Human Rights Charter,embedding_output_index_full,European Human Rights Charter,"[""European Human Rights Charter"", ""EU private law"", ""principles of European legal development"", ""EU legislation"", ""EU administrative law""]",5,0.0023076534271240234,True,True,1.0,1.0,True,True,1.0
topic-6384,european monetary union,eurozone,embedding_output_index_full,eurozone,"[""eurozone"", ""EU legislation"", ""EU politics"", ""monetary authority"", ""European welfare law""]",5,0.0022079944610595703,True,True,1.0,1.0,True,True,1.0
topic-6764,european politics,EU politics,embedding_output_index_full,EU politics,"[""EU politics"", ""EU legislation"", ""East Europe"", ""EU administrative law"", ""European welfare law""]",5,0.0021915435791015625,True,True,1.0,1.000000238418579,True,True,1.0
topic-8825,euthanasia,mercy killing,embedding_output_index_full,end-of-life care,"[""end-of-life care"", ""mercy killing"", ""healthcare ethics"", ""unconscious state"", ""medical law""]",5,0.002201557159423828,False,True,1.0,0.9999998807907104,True,True,0.5
topic-2329,gospels,good news,embedding_output_index_full,Matthew's Gospel,"[""Matthew's Gospel"", ""Didache and the Gospel of Matthew"", ""Christian Scriptures"", ""theological literature"", ""early Christian texts""]",5,0.0022139549255371094,False,False,0.2857142857142857,0.05795785039663315,False,False,0.0
topic-2727,evolution,development,embedding_output_index_full,evolving game theory,"[""evolving game theory"", ""linguistic evolution"", ""human development"", ""natural diversity"", ""scientific philosophy""]",5,0.0022439956665039062,False,False,0.7857142857142857,0.7086440920829773,False,False,0.0
topic-11181,evs,European Values Study,embedding_output_index_full,ICCt,"[""ICCt"", ""assistance"", ""voting system"", ""knowledge systems"", ""risk management""]",5,0.002203702926635742,False,False,0.3529411764705882,0.21314957737922668,False,False,0.0
topic-1448,exegesis,interpretation,embedding_output_index_full,theological literature,"[""theological literature"", ""doctrinal theology"", ""modern theological themes"", ""applied theology"", ""legal doctrines""]",5,0.002201080322265625,False,False,0.3448275862068966,0.2860819101333618,False,False,0.0
topic-1449,experimental economics,behavioral economics,embedding_output_index_full,Experimental finance,"[""Experimental finance"", ""behavioral economics"", ""economic science"", ""individual economics"", ""innovation economics""]",5,0.0022993087768554688,False,True,1.0,0.9999998807907104,True,True,0.5
topic-1450,expert systems,knowledge systems,embedding_output_index_full,knowledge systems,"[""knowledge systems"", ""machine intelligence"", ""collaborative systems"", ""decision aid systems"", ""computing systems""]",5,0.0022819042205810547,True,True,1.0,1.0,True,True,1.0
topic-1452,external reporting,external disclosure,embedding_output_index_full,external disclosure,"[""external disclosure"", ""financial reporting"", ""information exchange"", ""business analytics"", ""Yearly report""]",5,0.0023059844970703125,True,True,1.0,0.9999998807907104,True,True,1.0
topic-2735,extreme value theory,extreme value analysis,embedding_output_index_full,extreme value analysis,"[""extreme value analysis"", ""economic theory"", ""investment theory"", ""critical analysis"", ""economic condition""]",5,0.0022399425506591797,True,True,1.0,1.0000001192092896,True,True,1.0
topic-1453,family law,domestic relations law,embedding_output_index_full,inheritance law,"[""inheritance law"", ""domestic relations law"", ""family sociology"", ""marital property law"", ""civil law""]",5,0.0022115707397460938,False,True,1.0,1.0,True,True,0.5
topic-1456,feminism,women's liberation,embedding_output_index_full,feminist theology,"[""feminist theology"", ""women's liberation"", ""gender theology"", ""Marxism"", ""family sociology""]",5,0.0038652420043945312,False,True,1.0,0.9999999403953552,True,True,0.5
topic-1892,feminist theology,gender theology,embedding_output_index_full,gender theology,"[""gender theology"", ""applied theology"", ""theological literature"", ""modern theological themes"", ""doctrinal theology""]",5,0.0021965503692626953,True,True,1.0,1.0000001192092896,True,True,1.0
topic-7941,film en literature,cinematic literature,embedding_output_index_full,cinematic literature,"[""cinematic literature"", ""cinema studies"", ""literary analysis"", ""scriptural literature"", ""literary philosopher""]",5,0.0022225379943847656,True,True,1.0,1.0,True,True,1.0
topic-1458,film studies,cinema studies,embedding_output_index_full,cinema studies,"[""cinema studies"", ""cinematic literature"", ""historical study"", ""media comparison"", ""government studies""]",5,0.002213001251220703,True,True,1.0,1.0,True,True,1.0
topic-1459,philosophy,wisdom,embedding_output_index_full,scientific philosophy,"[""scientific philosophy"", ""religious philosophy"", ""mental philosophy"", ""moral philosophy"", ""cultural philosophy""]",5,0.002185344696044922,False,False,0.2727272727272727,0.35511696338653564,False,False,0.0
topic-2025,philosophic and christian philosophy of life,Christian worldview philosophy,embedding_output_index_full,Christian worldview philosophy,"[""Christian worldview philosophy"", ""religious philosophy"", ""Christian worldview"", ""spiritual life"", ""scientific philosophy""]",5,0.0023355484008789062,True,True,1.0,1.0,True,True,1.0
topic-2113,philosophy of cognitive psychology,cognitive psychology theory,embedding_output_index_full,philosophy of psychology,"[""philosophy of psychology"", ""cognitive psychology"", ""cognitive psychology theory"", ""mental philosophy"", ""theoretical psychology""]",5,0.0021975040435791016,False,True,1.0,0.9999998211860657,True,True,0.3333333333333333
topic-6481,philosophy of culture,cultural philosophy,embedding_output_index_full,cultural philosophy,"[""cultural philosophy"", ""sociology of culture"", ""global culture"", ""corporate culture"", ""scriptural influence on culture""]",5,0.0021810531616210938,True,True,1.0,1.000000238418579,True,True,1.0
topic-1460,philosophy of economy,economic philosophy,embedding_output_index_full,economic philosophy,"[""economic philosophy"", ""economic theory"", ""industrial economics"", ""economic science"", ""individual economics""]",5,0.0032939910888671875,True,True,1.0,0.9999997615814209,True,True,1.0
topic-1462,philosophy of mind,mental philosophy,embedding_output_index_full,mental philosophy,"[""mental philosophy"", ""philosophy of psychology"", ""mindset"", ""moral philosophy"", ""mental science""]",5,0.0022258758544921875,True,True,1.0,1.0,True,True,1.0
topic-2019,philosophy of ~the state,political theory,embedding_output_index_full,mental philosophy,"[""mental philosophy"", ""legal philosophy"", ""contemporary philosophy history"", ""religious philosophy"", ""economic philosophy""]",5,0.0024726390838623047,False,False,0.4375,0.41979217529296875,False,False,0.0
topic-5602,philosophical psychology,philosophy of psychology,embedding_output_index_full,philosophy of psychology,"[""philosophy of psychology"", ""mental philosophy"", ""scientific philosophy"", ""theoretical psychology"", ""philosophical texts""]",5,0.002493143081665039,True,True,1.0,0.9999998807907104,True,True,1.0
topic-16502,Financial reporting,financial statements,embedding_output_index_full,financial accounting,"[""financial accounting"", ""financial statements"", ""financial management"", ""financial auditing"", ""financial examiners""]",5,0.0038955211639404297,False,True,1.0,1.0,True,True,0.5
topic-2744,financial intermediation,financial brokerage,embedding_output_index_full,financial partnerships,"[""financial partnerships"", ""financial economics"", ""financial law"", ""financial composition"", ""financial systems""]",5,0.0029342174530029297,False,False,0.6875,0.6649444699287415,False,False,0.0
topic-2747,financial management,fiscal management,embedding_output_index_full,financial accounting,"[""financial accounting"", ""financial systems"", ""financial policy"", ""business finance"", ""financial economics""]",5,0.0024518966674804688,False,False,0.4864864864864865,0.5832080841064453,False,False,0.0
topic-2753,financial analysis,financial evaluation,embedding_output_index_full,financial economics,"[""financial economics"", ""financial evaluation"", ""financial accounting"", ""financial modeling"", ""market analysis""]",5,0.002215147018432617,False,True,1.0,1.0,True,True,0.5
topic-2755,financial crisis,economic meltdown,embedding_output_index_full,financial policy,"[""financial policy"", ""financial economics"", ""economic meltdown"", ""government finance"", ""financial management""]",5,0.0022368431091308594,False,True,1.0,1.0,True,True,0.3333333333333333
topic-2756,financial econometrics,quantitative finance,embedding_output_index_full,practical econometrics,"[""practical econometrics"", ""individual econometrics"", ""financial economics"", ""financial modeling"", ""economic statistics""]",5,0.002410888671875,False,False,0.41025641025641024,0.681146502494812,False,False,0.0
topic-5548,"financial economics, models",financial modeling,embedding_output_index_full,financial modeling,"[""financial modeling"", ""financial economics"", ""economic modeling"", ""economic theory"", ""financial policy""]",5,0.0022292137145996094,True,True,1.0,1.0000001192092896,True,True,1.0
topic-1467,financial markets,capital markets,embedding_output_index_full,capital markets,"[""capital markets"", ""financial economics"", ""stock market"", ""financial systems"", ""financial brokerage""]",5,0.0022406578063964844,True,True,1.0,1.0,True,True,1.0
topic-2565,capital structure,financial composition,embedding_output_index_full,capital markets,"[""capital markets"", ""financial structure"", ""organizational structure"", ""corporate consolidation"", ""corporate management""]",5,0.002229452133178711,False,False,0.6,0.7592376470565796,False,False,0.0
topic-2762,financial mathematics,quantitative finance,embedding_output_index_full,financial economics,"[""financial economics"", ""financial modeling"", ""financial systems"", ""financial accounting"", ""quantitative finance""]",5,0.002251148223876953,False,True,1.0,0.9999998807907104,False,True,0.2
topic-1469,finance,financial management,embedding_output_index_full,financial economics,"[""financial economics"", ""business finance"", ""government finance"", ""financial management"", ""business finance; global finance""]",5,0.0023059844970703125,False,True,1.0,1.000000238418579,False,True,0.25
topic-1470,finance,funding,embedding_output_index_full,financial economics,"[""financial economics"", ""business finance"", ""government finance"", ""financial management"", ""business finance; global finance""]",5,0.0032956600189208984,False,False,0.3703703703703704,0.6317538619041443,False,False,0.0
topic-1471,corporate finance; international finance,business finance; global finance,embedding_output_index_full,business finance; global finance,"[""business finance; global finance"", ""global finance"", ""international financial institution"", ""business finance"", ""global financial institution""]",5,0.0023059844970703125,True,True,1.0,0.9999999403953552,True,True,1.0
topic-2764,fiscal policy,budgetary policy,embedding_output_index_full,fiscal management,"[""fiscal management"", ""budgetary policy"", ""fiscal law"", ""financial policy"", ""government economics""]",5,0.0021948814392089844,False,True,1.0,1.0,True,True,0.5
topic-1474,fiscal economics,public finance,embedding_output_index_full,fiscal management,"[""fiscal management"", ""fiscal law"", ""government economics"", ""financial economics"", ""budgetary policy""]",5,0.0021772384643554688,False,False,0.4242424242424242,0.667457103729248,False,False,0.0
topic-9661,flexicurity,flexible security,embedding_output_index_full,flexible security,"[""flexible security"", ""mechanization"", ""tension"", ""aggression"", ""confidentiality""]",5,0.0022051334381103516,True,True,1.0,1.0,True,True,1.0
topic-1480,phonology,sound system study,embedding_output_index_full,linguistic morphology,"[""linguistic morphology"", ""language science"", ""psycholinguistics"", ""speech"", ""classical language""]",5,0.002176523208618164,False,False,0.34285714285714286,0.281975656747818,False,False,0.0
topic-581,forensic psychology,criminal psychology,embedding_output_index_full,criminal psychology,"[""criminal psychology"", ""criminal science"", ""study of victims"", ""basics of psychology"", ""theoretical psychology""]",5,0.002199411392211914,True,True,1.0,1.0,True,True,1.0
topic-2103,fundamental research,basic research,embedding_output_index_full,basic research,"[""basic research"", ""research methods"", ""organizational studies"", ""research methods and statistics"", ""historical study""]",5,0.0022842884063720703,True,True,1.0,1.0000001192092896,True,True,1.0
topic-3000,mergers and acquisitions,corporate consolidation,embedding_output_index_full,corporate consolidation,"[""corporate consolidation"", ""strategic partnerships"", ""organizational knowledge acquisition"", ""inter-firm relationships"", ""financial partnerships""]",5,0.0024003982543945312,True,True,1.0,1.000000238418579,True,True,1.0
topic-1486,"mergers, acquisitions and protection",corporate consolidation,embedding_output_index_full,corporate consolidation,"[""corporate consolidation"", ""antitrust policy"", ""antitrust law"", ""global antitrust law"", ""corporate law""]",5,0.002352476119995117,True,True,1.0,1.000000238418579,True,True,1.0
topic-7704,physiology,biological functions,embedding_output_index_full,neural physiology,"[""neural physiology"", ""physiological psychology"", ""biological functions"", ""exertion"", ""unconscious state""]",5,0.0022268295288085938,False,True,1.0,1.0,True,True,0.3333333333333333
topic-2143,birth,childbirth,embedding_output_index_full,childbirth,"[""childbirth"", ""rebirth"", ""growing old"", ""birth rate"", ""sex""]",5,0.0023021697998046875,True,True,1.0,1.000000238418579,True,True,1.0
topic-16943,commemoration,remembrance,embedding_output_index_full,remembrance,"[""remembrance"", ""cultural legacy"", ""heritage and progress"", ""ceremonies"", ""historical study""]",5,0.0032033920288085938,True,True,1.0,1.000000238418579,True,True,1.0
topic-1488,behaviour,conduct,embedding_output_index_full,behavior modification,"[""behavior modification"", ""buying behavior"", ""linguistic behavior"", ""behavioral economics"", ""aggression""]",5,0.002234935760498047,False,False,0.2962962962962963,0.3937547504901886,False,False,0.0
topic-2213,behaviour influence,behavior modification,embedding_output_index_full,organizational influence,"[""organizational influence"", ""behavior modification"", ""buying behavior"", ""behavioral economics"", ""brain-behavior science""]",5,0.0021982192993164062,False,True,1.0,1.0,True,True,0.5
topic-11301,behavioral economics,Behavioral finance,embedding_output_index_full,Behavioral finance,"[""Behavioral finance"", ""individual economics"", ""economic science"", ""government economics"", ""managerial economics""]",5,0.002231597900390625,True,True,1.0,1.0,True,True,1.0
topic-7741,mental health,psychological well-being,embedding_output_index_full,baby mental health,"[""baby mental health"", ""health psychology"", ""psychological care"", ""psychological disorders"", ""mental health and spirituality""]",5,0.0026922225952148438,False,False,0.7142857142857143,0.619593620300293,False,False,0.0
topic-3705,infant mental health,baby mental health,embedding_output_index_full,baby mental health,"[""baby mental health"", ""prenatal depression"", ""psychological care"", ""mental health and spirituality"", ""psychological disorders""]",5,0.0022046566009521484,True,True,1.0,0.9999999403953552,True,True,1.0
topic-1489,mental health care,psychological care,embedding_output_index_full,psychological care,"[""psychological care"", ""baby mental health"", ""health psychology"", ""mental health and spirituality"", ""psychological disorders""]",5,0.002210378646850586,True,True,1.0,0.9999999403953552,True,True,1.0
topic-1897,spiritual counseling,spiritual guidance,embedding_output_index_full,spiritual guidance,"[""spiritual guidance"", ""Pastoral Counseling Psychology"", ""spiritual care"", ""spiritual life"", ""spiritual support""]",5,0.003007173538208008,True,True,1.0,1.0000001192092896,True,True,1.0
topic-11663,spiritual counseling / pastoral work / soul care,spiritual guidance,embedding_output_index_full,spiritual counseling,"[""spiritual counseling"", ""spiritual care"", ""spiritual care theology"", ""Pastoral Counseling Psychology"", ""spiritual support""]",5,0.0022521018981933594,False,False,0.75,0.7757601737976074,False,False,0.0
topic-5687,data banks,data repositories,embedding_output_index_full,data management,"[""data management"", ""data management systems"", ""data repository"", ""data law"", ""credit infrastructure""]",5,0.003346681594848633,False,False,0.875,0.8795850276947021,False,False,0.0
topic-1490,memory,recollection,embedding_output_index_full,recollection,"[""recollection"", ""remembrance"", ""drive"", ""cognitive effort"", ""reasoning""]",5,0.002167224884033203,True,True,1.0,1.0000001192092896,True,True,1.0
topic-2099,facial expressions,facial cues,embedding_output_index_full,facial cues,"[""facial cues"", ""body language"", ""linguistic behavior"", ""action words"", ""psycholinguistics""]",5,0.0021867752075195312,True,True,1.0,1.000000238418579,True,True,1.0
topic-8141,literacy,reading and writing skills,embedding_output_index_full,reading and writing skills,"[""reading and writing skills"", ""Reading studies"", ""reading difficulties"", ""elementary education"", ""language skills""]",5,0.004895687103271484,True,True,1.0,1.0,True,True,1.0
topic-7282,"gender studies, theology",feminist theology,embedding_output_index_full,gender theology,"[""gender theology"", ""feminist theology"", ""religious studies"", ""Christian cultural studies"", ""theological literature""]",5,0.0023300647735595703,False,True,1.0,0.9999998807907104,True,True,0.5
topic-1495,history,historical study,embedding_output_index_full,historical study,"[""historical study"", ""social and cultural history"", ""legal history"", ""economic history"", ""local history""]",5,0.0030443668365478516,True,True,1.0,1.0000001192092896,True,True,1.0
topic-10325,history Persian period,Achaemenid history,embedding_output_index_full,medieval history,"[""medieval history"", ""Achaemenid history"", ""Islamic studies"", ""social and cultural history"", ""Arabian""]",5,0.0022172927856445312,False,True,1.0,1.0000001192092896,True,True,0.5
topic-1862,history of reformation,Reformation history,embedding_output_index_full,Reformation history,"[""Reformation history"", ""modern Catholic history"", ""ecclesiastical history"", ""medieval history"", ""Christian history""]",5,0.0022547245025634766,True,True,1.0,1.0,True,True,1.0
topic-16542,History of Christianity,Christian history,embedding_output_index_full,Christian history,"[""Christian history"", ""early Christian texts"", ""modern Catholic history"", ""early Christian teachings and Judaism"", ""Christian cultural studies""]",5,0.0022363662719726562,True,True,1.0,1.0000001192092896,True,True,1.0
topic-1569,history of church and theology,ecclesiastical history,embedding_output_index_full,ecclesiastical history,"[""ecclesiastical history"", ""Christian history"", ""modern Catholic history"", ""applied theology"", ""modern theological themes""]",5,0.0023391246795654297,True,True,1.0,1.0,True,True,1.0
topic-9981,dispute resolution,conflict resolution,embedding_output_index_full,disputes,"[""disputes"", ""dispute arbitration"", ""conflict resolution"", ""negotiation"", ""administrative litigation""]",5,0.0022537708282470703,False,True,1.0,1.000000238418579,True,True,0.3333333333333333
topic-13722,Communication Skills,interpersonal skills,embedding_output_index_full,interpersonal skills,"[""interpersonal skills"", ""language skills"", ""skill development"", ""reading and writing skills"", ""body language""]",5,0.0022029876708984375,True,True,1.0,1.0000001192092896,True,True,1.0
topic-1497,violence,aggression,embedding_output_index_full,aggression,"[""aggression"", ""senseless violence"", ""hostility"", ""extremism"", ""Catastrophes""]",5,0.0022149085998535156,True,True,1.0,1.000000238418579,True,True,1.0
topic-7222,families,households,embedding_output_index_full,family sociology,"[""family sociology"", ""family economics"", ""households"", ""family law"", ""social hierarchy""]",5,0.0022110939025878906,False,True,1.0,1.0,True,True,0.3333333333333333
topic-7221,sociology of the family,family sociology,embedding_output_index_full,family sociology,"[""family sociology"", ""family economics"", ""sociology of culture"", ""legal sociology"", ""sociology of organizations""]",5,0.0022363662719726562,True,True,1.0,1.0000001192092896,True,True,1.0
topic-6741,health,well-being,embedding_output_index_full,health psychology,"[""health psychology"", ""health policy"", ""health economics"", ""occupational health"", ""health care quality""]",5,0.0026085376739501953,False,False,0.34782608695652173,0.3659185767173767,False,False,0.0
topic-1500,health law,medical law,embedding_output_index_full,medical law,"[""medical law"", ""health policy"", ""health economics"", ""IT law"", ""civil law""]",5,0.0028154850006103516,True,True,1.0,1.0000001192092896,True,True,1.0
topic-2787,health care,medical services,embedding_output_index_full,health care administration,"[""health care administration"", ""health care quality"", ""Health Care Usage"", ""health policy"", ""medical services""]",5,0.0021865367889404297,False,True,1.0,1.0,False,True,0.2
topic-7001,health care economics,health economics,embedding_output_index_full,health economics,"[""health economics"", ""health policy"", ""Health Care Usage"", ""health care quality"", ""government economics""]",5,0.0022110939025878906,True,True,1.0,1.0,True,True,1.0
topic-7202,health care management,health services management,embedding_output_index_full,health services management,"[""health services management"", ""health care administration"", ""Health Care Usage"", ""health care quality"", ""health policy""]",5,0.003171205520629883,True,True,1.0,1.0,True,True,1.0
topic-7201,health care organisation,health services management,embedding_output_index_full,health care administration,"[""health care administration"", ""health services management"", ""health care quality"", ""medical services"", ""Health Care Usage""]",5,0.0022859573364257812,False,True,1.0,1.0,True,True,0.5
topic-1502,health care strategy and management,health care administration,embedding_output_index_full,health services management,"[""health services management"", ""health care administration"", ""health policy"", ""Health Care Usage"", ""health care quality""]",5,0.0035359859466552734,False,True,1.0,1.000000238418579,True,True,0.5
topic-9024,health care policy,health policy,embedding_output_index_full,health policy,"[""health policy"", ""Health Care Usage"", ""health care administration"", ""health care quality"", ""health economics""]",5,0.002370595932006836,True,True,1.0,1.0,True,True,1.0
topic-2792,globalisation,international integration,embedding_output_index_full,global management,"[""global management"", ""global culture"", ""global economics"", ""global commerce"", ""Americanisation""]",5,0.0033364295959472656,False,False,0.5,0.48247388005256653,False,False,0.0
topic-11664,images of god en men,theological representations,embedding_output_index_full,gender theology,"[""gender theology"", ""applied theology"", ""conceptions of God"", ""modern theological themes"", ""modern worship""]",5,0.0027294158935546875,False,False,0.5769230769230769,0.7141704559326172,False,False,0.0
topic-2083,images of god,conceptions of God,embedding_output_index_full,conceptions of God,"[""conceptions of God"", ""applied theology"", ""divinity studies"", ""modern theological themes"", ""modern worship""]",5,0.002302408218383789,True,True,1.0,0.9999999403953552,True,True,1.0
topic-1504,religion,faith,embedding_output_index_full,religious philosophy,"[""religious philosophy"", ""religious psychology"", ""faith"", ""religious sociology"", ""Christian worship""]",5,0.002276182174682617,False,True,1.0,1.0,True,True,0.3333333333333333
topic-1506,psychology of religion and pastoral psychology,religious psychology,embedding_output_index_full,religious psychology,"[""religious psychology"", ""Pastoral Counseling Psychology"", ""sociology of pastoral care"", ""religious sociology"", ""Catholic pastoral care""]",5,0.0023827552795410156,True,True,1.0,1.0000001192092896,True,True,1.0
topic-1507,religion and pastoral sociology,religious sociology,embedding_output_index_full,sociology of pastoral care,"[""sociology of pastoral care"", ""religious sociology"", ""Pastoral Counseling Psychology"", ""religious psychology"", ""Catholic pastoral care""]",5,0.002266407012939453,False,True,1.0,1.0000001192092896,True,True,0.5
topic-1505,religions; phenomenology,religious studies,embedding_output_index_full,religious philosophy,"[""religious philosophy"", ""religious sociology"", ""religious psychology"", ""religious studies"", ""relationship between anthropology and religious philosophy""]",5,0.0023314952850341797,False,True,1.0,1.0,False,True,0.25
topic-4251,philosophy of religion,religious philosophy,embedding_output_index_full,religious philosophy,"[""religious philosophy"", ""religious psychology"", ""Christian worldview philosophy"", ""relationship between anthropology and religious philosophy"", ""religious sociology""]",5,0.002246856689453125,True,True,1.0,0.9999998807907104,True,True,1.0
topic-1508,pedagogy of religion,religious education theory,embedding_output_index_full,religious education theory,"[""religious education theory"", ""religious philosophy"", ""religious studies"", ""religious psychology"", ""religious sociology""]",5,0.002343416213989258,True,True,1.0,1.0000001192092896,True,True,1.0
topic-1894,"divinity, contemporary themes of",modern theological themes,embedding_output_index_full,divinity studies,"[""divinity studies"", ""modern theological themes"", ""theological literature"", ""applied theology"", ""modern worship""]",5,0.0022993087768554688,False,True,1.0,0.9999998807907104,True,True,0.5
topic-2046,gods call,divine vocation,embedding_output_index_full,Christian worship,"[""Christian worship"", ""divine disclosure"", ""conceptions of God"", ""divine vocation"", ""Christian worldview""]",5,0.002218961715698242,False,True,1.0,1.000000238418579,False,True,0.25
topic-2794,gambling,betting,embedding_output_index_full,compulsive gambling,"[""compulsive gambling"", ""betting"", ""investing"", ""Behavioral finance"", ""behavioral economics""]",5,0.002207517623901367,False,True,1.0,1.000000238418579,True,True,0.5
topic-1978,gambling addiction,compulsive gambling,embedding_output_index_full,compulsive gambling,"[""compulsive gambling"", ""betting"", ""alcohol dependence"", ""substance abuse treatment"", ""Behavioral finance""]",5,0.002214670181274414,True,True,1.0,1.000000238418579,True,True,1.0
topic-2091,gregorian,plainchant,embedding_output_index_full,ecclesiastical Latin,"[""ecclesiastical Latin"", ""current liturgical practice"", ""ecclesiastical history"", ""Clergy"", ""liturgical theology""]",5,0.0021958351135253906,False,False,0.4,0.21190190315246582,False,False,0.0
topic-1510,greek,Koine Greek,embedding_output_index_full,Koine Greek,"[""Koine Greek"", ""ancient Hebrew"", ""Aristotle"", ""Anatolian"", ""ecclesiastical Latin""]",5,0.0023300647735595703,True,True,1.0,1.0000001192092896,True,True,1.0
topic-1511,growth theories,development theories,embedding_output_index_full,organizational growth,"[""organizational growth"", ""development theories"", ""economic theory"", ""local economic growth"", ""social theories""]",5,0.0023186206817626953,False,True,1.0,1.0,True,True,0.5
topic-2295,group dynamics,team dynamics,embedding_output_index_full,group interactions,"[""group interactions"", ""team dynamics"", ""collective action problem"", ""Political Groups"", ""mixed organization""]",5,0.002234220504760742,False,True,1.0,1.000000238418579,True,True,0.5
topic-2800,group support systems,collaborative systems,embedding_output_index_full,support services,"[""support services"", ""collaborative systems"", ""collaborative information systems"", ""faith-based groups"", ""Political Groups""]",5,0.0024366378784179688,False,True,1.0,0.9999998211860657,True,True,0.5
topic-2146,group processes,group dynamics,embedding_output_index_full,group dynamics,"[""group dynamics"", ""group interactions"", ""process optimization"", ""collective action problem"", ""mental processes""]",5,0.002287626266479492,True,True,1.0,0.9999998211860657,True,True,1.0
topic-3789,fundamental rights,basic rights,embedding_output_index_full,basic rights,"[""basic rights"", ""European Human Rights Charter"", ""fundamental law"", ""ownership rights"", ""Civil Liberties""]",5,0.0024034976959228516,True,True,1.0,1.0,True,True,1.0
topic-2315,foundations of mathematics,mathematical foundations,embedding_output_index_full,mathematical foundations,"[""mathematical foundations"", ""mathematical sciences"", ""computational mathematics"", ""constructivist mathematics"", ""theory of knowledge""]",5,0.002580404281616211,True,True,1.0,0.9999999403953552,True,True,1.0
topic-2079,fundamentals of psychology,basics of psychology,embedding_output_index_full,basics of psychology,"[""basics of psychology"", ""philosophy of psychology"", ""theoretical psychology"", ""cognitive psychology"", ""cognitive psychology theory""]",5,0.0022356510162353516,True,True,1.0,0.9999998211860657,True,True,1.0
topic-2000,foundations of developments in european law,principles of European legal development,embedding_output_index_full,principles of European legal development,"[""principles of European legal development"", ""EU legislation"", ""EU private law"", ""EU administrative law"", ""European welfare law""]",5,0.0031337738037109375,True,True,1.0,1.000000238418579,True,True,1.0
topic-2187,habermas,critical theorist,embedding_output_index_full,spirit,"[""spirit"", ""Matthew, James, and Didache"", ""Didache and the Gospel of Matthew"", ""wildlands"", ""Castilian""]",5,0.0022313594818115234,False,False,0.4,0.21028728783130646,False,False,0.0
topic-3375,trade policy,commercial policy,embedding_output_index_full,policy analysis,"[""policy analysis"", ""commercial policy"", ""antitrust policy"", ""global economics"", ""employment policy""]",5,0.002229928970336914,False,True,1.0,0.9999999403953552,True,True,0.5
topic-1514,commercial law,business law,embedding_output_index_full,commercial policy,"[""commercial policy"", ""business law"", ""corporate law"", ""economic law"", ""commercial dealings""]",5,0.002467632293701172,False,True,1.0,1.0000001192092896,True,True,0.5
topic-2160,heart and vascular diseases,cardiovascular diseases,embedding_output_index_full,cardiovascular diseases,"[""cardiovascular diseases"", ""persistent heart failure"", ""well-being after cardiovascular diseases"", ""disease study"", ""blood sugar disorder""]",5,0.002268075942993164,True,True,1.0,1.000000238418579,True,True,1.0
topic-1516,hebrew,ancient Hebrew,embedding_output_index_full,Hebrew Bible,"[""Hebrew Bible"", ""ancient Hebrew"", ""Tanakh"", ""scripture translations"", ""contemporary Judaism""]",5,0.002443552017211914,False,True,1.0,1.0,True,True,0.5
topic-4237,hebrew bible,Tanakh,embedding_output_index_full,ancient Hebrew,"[""ancient Hebrew"", ""scripture translations"", ""Christian Scriptures"", ""Tanakh"", ""Bible interpretation""]",5,0.0027456283569335938,False,True,1.0,1.0,False,True,0.25
topic-12281,attachment,bonding,embedding_output_index_full,assistance,"[""assistance"", ""marginalization"", ""arts instruction"", ""conveyance"", ""disposition""]",5,0.0027616024017333984,False,False,0.3529411764705882,0.31296592950820923,False,False,0.0
topic-1517,contemporary philosophy; history of,modern philosophy; historical development,embedding_output_index_full,contemporary philosophy history,"[""contemporary philosophy history"", ""modern philosophy; historical development"", ""contemporary philosopher"", ""contemporary Judaism"", ""Scholastic philosopher""]",5,0.0027976036071777344,False,True,1.0,1.000000238418579,True,True,0.5
topic-15002,hedge funds,investment funds,embedding_output_index_full,investment funds,"[""investment funds"", ""investment fund"", ""investing"", ""financial brokerage"", ""global finance""]",5,0.0035016536712646484,True,True,1.0,1.0,True,True,1.0
topic-2184,hegel,Hegelian philosophy,embedding_output_index_full,Hegelian philosophy,"[""Hegelian philosophy"", ""Jacob"", ""Christian unity"", ""congregation"", ""Judeo-Christian relations""]",5,0.0032753944396972656,True,True,1.0,0.9999999403953552,True,True,1.0
topic-2045,Heidegger,existential philosopher,embedding_output_index_full,Hegelian philosophy,"[""Hegelian philosophy"", ""Tamazight"", ""character"", ""levies"", ""IT administration""]",5,0.0028171539306640625,False,False,0.6666666666666667,0.5407679080963135,False,False,0.0
topic-4252,hermeneutics,interpretive theory,embedding_output_index_full,Hegelian philosophy,"[""Hegelian philosophy"", ""feminist theology"", ""religious philosophy"", ""biblical studies"", ""gender theology""]",5,0.0028405189514160156,False,False,0.5294117647058824,0.36857303977012634,False,False,0.0
topic-2326,cerebral/brain haemorrhage,brain bleed,embedding_output_index_full,brain bleed,"[""brain bleed"", ""brain injury"", ""neural physiology"", ""seizure disorder"", ""neuropharmacology""]",5,0.0028924942016601562,True,True,1.0,1.0,True,True,1.0
topic-7703,brain,cerebrum,embedding_output_index_full,brain bleed,"[""brain bleed"", ""brain injury"", ""mental science"", ""brain-behavior science"", ""neural physiology""]",5,0.002849578857421875,False,False,0.30000000000000004,0.27717798948287964,False,False,0.0
topic-2052,brain and behaviour,neurobehavioral science,embedding_output_index_full,brain-behavior science,"[""brain-behavior science"", ""cognitive psychology"", ""mental processes"", ""neurocognitive psychology"", ""neurobehavioral science""]",5,0.003770112991333008,False,True,1.0,1.0,False,True,0.2
topic-8944,brain damage,brain injury,embedding_output_index_full,brain injury,"[""brain injury"", ""brain bleed"", ""brain-behavior science"", ""neuropharmacology"", ""neural physiology""]",5,0.002932310104370117,True,True,1.0,0.9999998211860657,True,True,1.0
topic-15523,recovery (in long term psychiatry),rehabilitation,embedding_output_index_full,recovery,"[""recovery"", ""rehabilitation"", ""long-term illnesses"", ""psychological care"", ""substance abuse treatment""]",5,0.0029315948486328125,False,True,1.0,1.0,True,True,0.5
topic-5044,scalp cooling,head cooling,embedding_output_index_full,head cooling,"[""head cooling"", ""brain bleed"", ""mind-body medicine"", ""recommendation engine"", ""neural physiology""]",5,0.002814054489135742,True,True,1.0,1.000000238418579,True,True,1.0
topic-5630,horkheimer,Frankfurt School theorist,embedding_output_index_full,Jacob,"[""Jacob"", ""Marxism"", ""Levinasian philosophy"", ""sacramentology"", ""congregation""]",5,0.0028281211853027344,False,False,0.3589743589743589,0.4896097779273987,False,False,0.0
topic-7421,household economics,family economics,embedding_output_index_full,family economics,"[""family economics"", ""households"", ""individual economics"", ""government economics"", ""national economics""]",5,0.0025496482849121094,True,True,1.0,1.0,True,True,1.0
topic-1519,assistance,support services,embedding_output_index_full,support services,"[""support services"", ""guidance"", ""welfare"", ""humanitarian aid"", ""funding""]",5,0.002680540084838867,True,True,1.0,1.0,True,True,1.0
topic-9122,human resource development,talent development,embedding_output_index_full,employee development,"[""employee development"", ""human development"", ""global HR management"", ""skill development"", ""development""]",5,0.003316164016723633,False,False,0.8,0.7673882246017456,False,False,0.0
topic-2264,human resource management,personnel management,embedding_output_index_full,global HR management,"[""global HR management"", ""personnel management"", ""employee development"", ""IT management"", ""corporate management""]",5,0.0033414363861083984,False,True,1.0,1.0000001192092896,True,True,0.5
topic-1898,humanitarian intervention,humanitarian aid,embedding_output_index_full,humanitarian aid,"[""humanitarian aid"", ""refugees"", ""charitable organizations"", ""volunteer service"", ""charitable sector""]",5,0.002439260482788086,True,True,1.0,1.0,True,True,1.0
topic-1520,law governing matrimonial property rights,marital property law,embedding_output_index_full,marital property law,"[""marital property law"", ""ownership rights"", ""inheritance law"", ""basic rights"", ""domestic relations law""]",5,0.0024309158325195312,True,True,1.0,1.0000001192092896,True,True,1.0
topic-8461,hybrid organization,mixed organization,embedding_output_index_full,mixed organization,"[""mixed organization"", ""organizational structure"", ""adaptive organizations"", ""sociology of organizations"", ""organizational theory""]",5,0.004889249801635742,True,True,1.0,1.000000238418579,True,True,1.0
topic-7321,hyperactivity,overactivity,embedding_output_index_full,overactivity,"[""overactivity"", ""action words"", ""philosophy of action"", ""brain-behavior science"", ""physiological psychology""]",5,0.0024213790893554688,True,True,1.0,1.0,True,True,1.0
topic-2814,ict,information and communication technology,embedding_output_index_full,information technology,"[""information technology"", ""information and communication technology"", ""internet technology"", ""educational technology"", ""information exchange""]",5,0.0023012161254882812,False,True,1.0,1.0000001192092896,True,True,0.5
topic-9641,ICT and labour,digital labor,embedding_output_index_full,digital labor,"[""digital labor"", ""information technology"", ""employment economics"", ""worker participation"", ""information and communication technology""]",5,0.002642393112182617,True,True,1.0,1.0,True,True,1.0
topic-2815,ict in education,educational technology,embedding_output_index_full,educational technology,"[""educational technology"", ""information technology"", ""information and communication technology"", ""internet technology"", ""elementary education""]",5,0.002248525619506836,True,True,1.0,0.9999998211860657,True,True,1.0
topic-5805,ict management,IT administration,embedding_output_index_full,IT management,"[""IT management"", ""information systems management"", ""information technology"", ""information and communication technology"", ""data management""]",5,0.002250194549560547,False,False,0.4666666666666666,0.7745038270950317,False,False,0.0
topic-4165,identity,self-concept,embedding_output_index_full,character,"[""character"", ""simplification"", ""authority"", ""investigation"", ""IdM""]",5,0.0022759437561035156,False,False,0.4615384615384615,0.30423054099082947,False,False,0.0
topic-10263,identity management,IdM,embedding_output_index_full,inclusion management,"[""inclusion management"", ""small enterprise management"", ""flexible security"", ""personnel management"", ""information systems management""]",5,0.0026493072509765625,False,False,0.17391304347826086,0.30821430683135986,False,False,0.0
topic-3401,imf,international financial institution,embedding_output_index_full,investment fund,"[""investment fund"", ""investment funds"", ""international financial institution"", ""investing"", ""institution""]",5,0.0025234222412109375,False,True,1.0,1.000000238418579,True,True,0.3333333333333333
topic-8002,inculturation,cultural adaptation,embedding_output_index_full,destitution,"[""destitution"", ""rebirth"", ""contemplation"", ""exhaustion"", ""growing old""]",5,0.0022611618041992188,False,False,0.5,0.32588499784469604,False,False,0.0
topic-2151,industrial networks,industrial connections,embedding_output_index_full,industrial connections,"[""industrial connections"", ""interconnected industries"", ""industrial economics"", ""interconnected systems"", ""industrial psychology""]",5,0.0022652149200439453,True,True,1.0,1.000000238418579,True,True,1.0
topic-1522,industrial organization,industrial economics,embedding_output_index_full,industrial economics,"[""industrial economics"", ""industrial psychology"", ""organizational structure"", ""sociology of organizations"", ""administrative organisation""]",5,0.0036270618438720703,True,True,1.0,1.000000238418579,True,True,1.0
topic-5621,computer science and ethics,ethical computing,embedding_output_index_full,ethical computing,"[""ethical computing"", ""tech ethics"", ""professional ethics"", ""social science"", ""social ethics""]",5,0.0022270679473876953,True,True,1.0,1.0,True,True,1.0
topic-1525,computer science law,IT law,embedding_output_index_full,IT law,"[""IT law"", ""data law"", ""business law"", ""legal informatics"", ""corporate law""]",5,0.0021936893463134766,True,True,1.0,1.0000001192092896,True,True,1.0
topic-2340,information and communication technology in education,educational technology,embedding_output_index_full,information and communication technology,"[""information and communication technology"", ""educational technology"", ""information technology"", ""internet technology"", ""information exchange""]",5,0.0033740997314453125,False,True,1.0,0.9999998211860657,True,True,0.5
topic-1526,information management,data management,embedding_output_index_full,information systems management,"[""information systems management"", ""data management"", ""information exchange"", ""IT management"", ""data management systems""]",5,0.0021924972534179688,False,True,1.0,1.0000001192092896,True,True,0.5
topic-2827,information processes,information processing,embedding_output_index_full,information processing,"[""information processing"", ""information exchange"", ""decision process"", ""information technology"", ""information modeling""]",5,0.0022728443145751953,True,True,1.0,1.0,True,True,1.0
topic-1527,information law,data law,embedding_output_index_full,data law,"[""data law"", ""legal informatics"", ""information exchange"", ""IT law"", ""information modeling""]",5,0.0023505687713623047,True,True,1.0,1.0000001192092896,True,True,1.0
topic-1528,information systems,data management systems,embedding_output_index_full,information systems management,"[""information systems management"", ""information technology"", ""collaborative information systems"", ""knowledge systems"", ""data management systems""]",5,0.0022776126861572266,False,True,1.0,0.9999998211860657,False,True,0.2
topic-16722,Information Systems Management,IT management,embedding_output_index_full,IT management,"[""IT management"", ""data management systems"", ""information technology"", ""data management"", ""collaborative information systems""]",5,0.0022597312927246094,True,True,1.0,1.0,True,True,1.0
topic-1529,information technology,IT,embedding_output_index_full,information and communication technology,"[""information and communication technology"", ""internet technology"", ""information systems management"", ""educational technology"", ""information exchange""]",5,0.002227783203125,False,False,0.19047619047619047,0.21399885416030884,False,False,0.0
topic-2054,data processing,information processing,embedding_output_index_full,information processing,"[""information processing"", ""data management"", ""data analysis"", ""data management systems"", ""computing systems""]",5,0.002277374267578125,True,True,1.0,1.0,True,True,1.0
topic-6183,information retrieval,information search,embedding_output_index_full,information retrieval system,"[""information retrieval system"", ""information search"", ""information processing"", ""document search"", ""information modeling""]",5,0.0022454261779785156,False,True,1.0,1.0,True,True,0.5
topic-3109,infrastructure,facilities,embedding_output_index_full,credit infrastructure,"[""credit infrastructure"", ""interconnected industries"", ""facilities"", ""service sector"", ""businesses""]",5,0.002245664596557617,False,True,1.0,1.000000238418579,True,True,0.3333333333333333
topic-16322,Indigenous peoples,native communities,embedding_output_index_full,native communities,"[""native communities"", ""ethnic groups"", ""minority cultures"", ""ethnographics"", ""Anatolian""]",5,0.0022199153900146484,True,True,1.0,1.0,True,True,1.0
topic-8922,income inequality,income disparity,embedding_output_index_full,income disparity,"[""income disparity"", ""income allocation"", ""economic condition"", ""family economics"", ""employment economics""]",5,0.0022306442260742188,True,True,1.0,1.0,True,True,1.0
topic-1532,income distribution,income allocation,embedding_output_index_full,income allocation,"[""income allocation"", ""income disparity"", ""income tax"", ""profit distribution strategy"", ""economic statistics""]",5,0.0022284984588623047,True,True,1.0,1.0000001192092896,True,True,1.0
topic-1533,income tax,earnings tax,embedding_output_index_full,earnings tax,"[""earnings tax"", ""company tax"", ""asset tax"", ""value-added tax"", ""EU tax regulations""]",5,0.002747774124145508,True,True,1.0,1.0,True,True,1.0
topic-16602,Purchasing and supply management,procurement management,embedding_output_index_full,supply chain management,"[""supply chain management"", ""procurement management"", ""logistics management"", ""stock management"", ""profit distribution strategy""]",5,0.002209186553955078,False,True,1.0,1.0,True,True,0.5
topic-2153,innovation,advancement,embedding_output_index_full,innovation economics,"[""innovation economics"", ""advancement"", ""development"", ""business creation"", ""organizational growth""]",5,0.0032291412353515625,False,True,1.0,1.0,True,True,0.5
topic-1534,insolvency law,bankruptcy law,embedding_output_index_full,bankruptcy law,"[""bankruptcy law"", ""financial law"", ""economic law"", ""fiscal law"", ""business law""]",5,0.0021762847900390625,True,True,1.0,1.0,True,True,1.0
topic-6742,effort,exertion,embedding_output_index_full,cognitive effort,"[""cognitive effort"", ""assistance"", ""improvement"", ""feelings"", ""work quality""]",5,0.0021314620971679688,False,False,0.5,0.31645137071609497,False,False,0.0
topic-2845,institutional economics,institutional theory,embedding_output_index_full,institutional theory,"[""institutional theory"", ""Institutional framework"", ""institutions"", ""government economics"", ""national economics""]",5,0.002902507781982422,True,True,1.0,1.000000238418579,True,True,1.0
topic-10967,institutional theory,Institutional framework,embedding_output_index_full,Institutional framework,"[""Institutional framework"", ""institutions"", ""organizational theory"", ""institution"", ""social theories""]",5,0.0022172927856445312,True,True,1.0,1.0,True,True,1.0
topic-1535,instructive texts (*),instructional materials,embedding_output_index_full,text design,"[""text design"", ""text analysis"", ""textual interaction"", ""philosophical texts"", ""practical linguistics""]",5,0.002483367919921875,False,False,0.4545454545454546,0.3438354730606079,False,False,0.0
topic-1536,intellectual property law,IP law,embedding_output_index_full,corporate law,"[""corporate law"", ""IP law"", ""business law"", ""economic law"", ""regulatory law""]",5,0.002259492874145508,False,True,1.0,1.0,True,True,0.5
topic-1537,intelligent interfaces,smart interfaces,embedding_output_index_full,smart interfaces,"[""smart interfaces"", ""human-computer interaction"", ""machine intelligence"", ""textual interaction"", ""artificial neural networks""]",5,0.0022339820861816406,True,True,1.0,1.0,True,True,1.0
topic-1952,intelligence differences between cultures,cross-cultural intelligence,embedding_output_index_full,cross-cultural intelligence,"[""cross-cultural intelligence"", ""cross-cultural differences"", ""cultural variety"", ""scriptural influence on culture"", ""cross-cultural psychology""]",5,0.002245664596557617,True,True,1.0,1.0,True,True,1.0
topic-1222,Inter-organizational networks,collaborative networks,embedding_output_index_full,sociology of organizations,"[""sociology of organizations"", ""organizational structure"", ""interconnected industries"", ""social networks"", ""inter-firm relationships""]",5,0.002232789993286133,False,False,0.5945945945945945,0.7053393721580505,False,False,0.0
topic-8581,inter-organisational relationships,inter-firm relationships,embedding_output_index_full,inter-firm relationships,"[""inter-firm relationships"", ""organizational structure"", ""sociology of organizations"", ""organizational studies"", ""employment relations""]",5,0.0023190975189208984,True,True,1.0,1.0,True,True,1.0
topic-1538,interaction and communication skills,interpersonal skills,embedding_output_index_full,interpersonal skills,"[""interpersonal skills"", ""language skills"", ""body language"", ""interpersonal psychology"", ""skill development""]",5,0.002229928970336914,True,True,1.0,1.0,True,True,1.0
topic-10942,interactive governance,Participatory governance,embedding_output_index_full,governance,"[""governance"", ""Participatory governance"", ""governance crisis"", ""community governance"", ""legal governance""]",5,0.0022497177124023438,False,True,1.0,1.0,True,True,0.5
topic-2109,intercultural negotiating,cross-cultural negotiation,embedding_output_index_full,cross-cultural negotiation,"[""cross-cultural negotiation"", ""intercultural research"", ""intercultural psychology"", ""intercultural research methods"", ""negotiation""]",5,0.00223541259765625,True,True,1.0,1.0000001192092896,True,True,1.0
topic-1540,intercultural communication,cross-cultural communication,embedding_output_index_full,cross-cultural communication,"[""cross-cultural communication"", ""intercultural research"", ""intercultural psychology"", ""intercultural research methods"", ""cross-cultural psychology""]",5,0.002232789993286133,True,True,1.0,0.9999999403953552,True,True,1.0
topic-4941,intercultural assistance,cross-cultural support,embedding_output_index_full,intercultural research,"[""intercultural research"", ""intercultural research methods"", ""intercultural psychology"", ""cross-cultural support"", ""cross-cultural negotiation""]",5,0.0022046566009521484,False,True,1.0,0.9999996423721313,False,True,0.25
topic-1895,intercultural theologie,cross-cultural theology,embedding_output_index_full,intercultural research,"[""intercultural research"", ""intercultural psychology"", ""intercultural research methods"", ""cultural philosophy"", ""cross-cultural support""]",5,0.0022306442260742188,False,False,0.7111111111111111,0.6002856492996216,False,False,0.0
topic-15422,intergenerational risk sharing,cross-generational risk distribution,embedding_output_index_full,cross-generational risk distribution,"[""cross-generational risk distribution"", ""family economics"", ""risk management"", ""inheritance law"", ""retirement economics""]",5,0.0035381317138671875,True,True,1.0,1.0,True,True,1.0
topic-1541,intergroup relationships,group interactions,embedding_output_index_full,group interactions,"[""group interactions"", ""interfaith relations"", ""social hierarchy"", ""inter-firm relationships"", ""group dynamics""]",5,0.002202749252319336,True,True,1.0,0.9999999403953552,True,True,1.0
topic-16462,internal control,internal oversight,embedding_output_index_full,internal oversight,"[""internal oversight"", ""self-control"", ""administration"", ""stress control"", ""stock control""]",5,0.002557516098022461,True,True,1.0,1.000000238418579,True,True,1.0
topic-4348,international labour law,global employment law,embedding_output_index_full,global employment law,"[""global employment law"", ""employment law"", ""international legal history"", ""immigration law"", ""transnational criminal law""]",5,0.002269268035888672,True,True,1.0,1.0000001192092896,True,True,1.0
topic-1542,international tax law,global tax law,embedding_output_index_full,global tax law,"[""global tax law"", ""international legal history"", ""EU tax regulations"", ""global law"", ""income tax""]",5,0.002935171127319336,True,True,1.0,1.0,True,True,1.0
topic-12781,international human resource management,global HR management,embedding_output_index_full,global HR management,"[""global HR management"", ""global management"", ""personnel management"", ""international integration"", ""global employment law""]",5,0.002491474151611328,True,True,1.0,1.0,True,True,1.0
topic-1543,international management,global management,embedding_output_index_full,global management,"[""global management"", ""international integration"", ""international financial institution"", ""corporate management"", ""global HR management""]",5,0.0022895336151123047,True,True,1.0,1.0,True,True,1.0
topic-1544,international competition law,global antitrust law,embedding_output_index_full,global law,"[""global law"", ""global antitrust law"", ""economic law"", ""global public law"", ""international legal history""]",5,0.0022208690643310547,False,True,1.0,1.000000238418579,True,True,0.5
topic-1545,international environmental law,global environmental law,embedding_output_index_full,global environmental law,"[""global environmental law"", ""environmental protection law"", ""ecological law"", ""EU environmental regulations"", ""global law""]",5,0.002285003662109375,True,True,1.0,1.0,True,True,1.0
topic-6403,international monetary fund,global financial institution,embedding_output_index_full,international financial institution,"[""international financial institution"", ""investment fund"", ""investment funds"", ""global finance"", ""global financial institution""]",5,0.0023946762084960938,False,True,1.0,1.0000001192092896,False,True,0.2
topic-1547,international public law,global public law,embedding_output_index_full,global public law,"[""global public law"", ""international legal history"", ""global law"", ""transnational criminal law"", ""EU private law""]",5,0.002274751663208008,True,True,1.0,0.9999998807907104,True,True,1.0
topic-1548,international law,global law,embedding_output_index_full,global law,"[""global law"", ""international legal history"", ""global public law"", ""transnational criminal law"", ""global employment law""]",5,0.0022253990173339844,True,True,1.0,0.9999999403953552,True,True,1.0
topic-12021,International Criminal Court,ICCt,embedding_output_index_full,transnational criminal law,"[""transnational criminal law"", ""international legal history"", ""global public law"", ""judiciary"", ""South African legal system""]",5,0.0022263526916503906,False,False,0.3076923076923077,0.23962873220443726,False,False,0.0
topic-1549,international criminal law,transnational criminal law,embedding_output_index_full,transnational criminal law,"[""transnational criminal law"", ""international legal history"", ""global public law"", ""global law"", ""non-criminal law""]",5,0.0022482872009277344,True,True,1.0,0.9999998807907104,True,True,1.0
topic-13701,International Financial Reporting Standards (IFRS),global accounting standards,embedding_output_index_full,global accounting standards,"[""global accounting standards"", ""financial reporting"", ""international financial institution"", ""global financial institution"", ""financial accounting""]",5,0.0036308765411376953,True,True,1.0,1.0000001192092896,True,True,1.0
topic-6223,international economics,global economics,embedding_output_index_full,global economics,"[""global economics"", ""national economics"", ""cultural economics"", ""financial economics"", ""economic science""]",5,0.002204418182373047,True,True,1.0,1.000000238418579,True,True,1.0
topic-1551,international finance,global finance,embedding_output_index_full,global finance,"[""global finance"", ""international financial institution"", ""business finance; global finance"", ""global financial institution"", ""financial economics""]",5,0.0023298263549804688,True,True,1.0,1.0,True,True,1.0
topic-2870,international trade,global commerce,embedding_output_index_full,global commerce,"[""global commerce"", ""international integration"", ""global economics"", ""global finance"", ""developing countries""]",5,0.0030765533447265625,True,True,1.0,0.9999998807907104,True,True,1.0
topic-1552,internet,cyberspace,embedding_output_index_full,internet technology,"[""internet technology"", ""the web"", ""internet shopping"", ""cyberspace"", ""online services""]",5,0.0021817684173583984,False,True,1.0,0.9999999403953552,False,True,0.25
topic-5127,internet addiction,online dependency,embedding_output_index_full,internet shopping,"[""internet shopping"", ""internet technology"", ""cyber culture"", ""cyberspace"", ""online dependency""]",5,0.0023345947265625,False,True,1.0,1.0,False,True,0.2
topic-4882,interpolation,estimation,embedding_output_index_full,spatial interpolation,"[""spatial interpolation"", ""parameter estimation"", ""simulation"", ""curves"", ""computational models""]",5,0.0021975040435791016,False,False,0.8,0.7201229929924011,False,False,0.0
topic-1868,inter-religious communication,interfaith dialogue,embedding_output_index_full,faith-based communication,"[""faith-based communication"", ""church-state interaction"", ""religious ceremonies"", ""cross-cultural communication"", ""religious sociology""]",5,0.003247976303100586,False,False,0.41860465116279066,0.32667794823646545,False,False,0.0
topic-16883,Intertextuality,textual interaction,embedding_output_index_full,textual interaction,"[""textual interaction"", ""social linguistics"", ""interfaith dialogue"", ""intercultural research"", ""linguistic philosophy""]",5,0.002367734909057617,True,True,1.0,1.0000001192092896,True,True,1.0
topic-4164,intuitionistic mathematics,constructivist mathematics,embedding_output_index_full,interpretive theory,"[""interpretive theory"", ""constructivist mathematics"", ""mathematical foundations"", ""theoretical psychology"", ""mathematical sciences""]",5,0.0022735595703125,False,True,1.0,0.9999998807907104,True,True,0.5
topic-2887,investment under uncertainty,uncertain investments,embedding_output_index_full,uncertain investments,"[""uncertain investments"", ""investment theory"", ""investing"", ""investment evaluation"", ""Investor psychology""]",5,0.0024421215057373047,True,True,1.0,1.0,True,True,1.0
topic-3368,investment analysis,investment evaluation,embedding_output_index_full,investment evaluation,"[""investment evaluation"", ""investment theory"", ""investing"", ""market analysis"", ""uncertain investments""]",5,0.002236604690551758,True,True,1.0,1.0,True,True,1.0
topic-2891,islam,Islamic studies,embedding_output_index_full,Islamic studies,"[""Islamic studies"", ""Arabian"", ""Muslim Communities in the Netherlands"", ""religious philosophy"", ""religious extremism""]",5,0.002286195755004883,True,True,1.0,0.9999999403953552,True,True,1.0
topic-1865,islam in the netherlands,Muslim Communities in the Netherlands,embedding_output_index_full,Muslim Communities in the Netherlands,"[""Muslim Communities in the Netherlands"", ""Islamic studies"", ""religious extremism"", ""alternative religious groups"", ""Dutch language""]",5,0.003731966018676758,True,True,1.0,1.000000238418579,True,True,1.0
topic-7542,ivf,test-tube fertilization,embedding_output_index_full,childbirth,"[""childbirth"", ""test-tube fertilization"", ""sex"", ""rebirth"", ""Tamazight""]",5,0.002185821533203125,False,True,1.0,1.0000001192092896,True,True,0.5
topic-5883,annual reporting,Yearly report,embedding_output_index_full,Yearly report,"[""Yearly report"", ""financial reporting"", ""business analytics"", ""financial statements"", ""financial accounting""]",5,0.0022003650665283203,True,True,1.0,1.0,True,True,1.0
topic-13641,"Jacobi, F.H.",Friedrich Heinrich Jacobi,embedding_output_index_full,Jacob,"[""Jacob"", ""Friedrich Heinrich Jacobi"", ""Jacques Derrida"", ""Matthew, James, and Didache"", ""modern Jewish history""]",5,0.0022809505462646484,False,True,1.0,1.0000001192092896,True,True,0.5
topic-17063,James,Jacob,embedding_output_index_full,Epistle of James,"[""Epistle of James"", ""Matthew, James, and Didache"", ""Jacob"", ""strangers"", ""John the Apostle""]",5,0.002195119857788086,False,True,1.0,1.0,True,True,0.3333333333333333
topic-15562,The Book of Ben Sira,Ecclesiasticus,embedding_output_index_full,scriptural literature,"[""scriptural literature"", ""literary analysis"", ""19th-century British literature"", ""literary philosopher"", ""philosophical texts""]",5,0.002275705337524414,False,False,0.3870967741935484,0.22630712389945984,False,False,0.0
topic-1556,youth assistance,youth support,embedding_output_index_full,youth support,"[""youth support"", ""youth ministry"", ""assistance"", ""volunteer service"", ""welfare""]",5,0.002199888229370117,True,True,1.0,1.0,True,True,1.0
topic-2331,jesus,Christ,embedding_output_index_full,Christ,"[""Christ"", ""Matthew's Gospel"", ""faith"", ""Christian worship"", ""Christian unity""]",5,0.0021681785583496094,True,True,1.0,0.9999999403953552,True,True,1.0
topic-2287,"judaism and christianity, relationship between",interfaith relations,embedding_output_index_full,early Christian teachings and Judaism,"[""early Christian teachings and Judaism"", ""ancient Jewish religion"", ""contemporary Judaism"", ""modern Jewish history"", ""Judeo-Christian relations""]",5,0.0022628307342529297,False,False,0.6222222222222222,0.49462735652923584,False,False,0.0
topic-14882,Jews in modernity,modern Jewish history,embedding_output_index_full,modern Jewish history,"[""modern Jewish history"", ""contemporary Judaism"", ""ancient Jewish religion"", ""modern worship"", ""early Christian teachings and Judaism""]",5,0.0021729469299316406,True,True,1.0,0.9999999403953552,True,True,1.0
topic-862,"Judaism, modern",contemporary Judaism,embedding_output_index_full,contemporary Judaism,"[""contemporary Judaism"", ""modern Jewish history"", ""ancient Jewish religion"", ""early Christian teachings and Judaism"", ""modern worship""]",5,0.002162933349609375,True,True,1.0,1.0,True,True,1.0
topic-1914,"judaism, early/ancient",ancient Jewish religion,embedding_output_index_full,ancient Jewish religion,"[""ancient Jewish religion"", ""early Christian teachings and Judaism"", ""modern Jewish history"", ""contemporary Judaism"", ""ancient Hebrew""]",5,0.0022153854370117188,True,True,1.0,1.0000001192092896,True,True,1.0
topic-1884,johannes,John the Apostle,embedding_output_index_full,Friedrich Heinrich Jacobi,"[""Friedrich Heinrich Jacobi"", ""Scholastic philosopher"", ""John the Apostle"", ""classical language"", ""Jacob""]",5,0.002262592315673828,False,True,1.0,0.9999998807907104,True,True,0.3333333333333333
topic-3523,youth and pastoral care,youth ministry,embedding_output_index_full,Catholic pastoral care,"[""Catholic pastoral care"", ""sociology of pastoral care"", ""Pastoral Counseling Psychology"", ""youth ministry"", ""youth support""]",5,0.0023674964904785156,False,True,1.0,1.0,False,True,0.25
topic-3983,legal skills,legal competencies,embedding_output_index_full,legal competencies,"[""legal competencies"", ""legal philosophy"", ""legal history"", ""legal informatics"", ""jurisprudence""]",5,0.002287626266479492,True,True,1.0,1.0,True,True,1.0
topic-10741,cancer,malignant neoplasm,embedding_output_index_full,cancer psychology,"[""cancer psychology"", ""malignant neoplasm"", ""disease study"", ""grieving"", ""rebirth""]",5,0.002254486083984375,False,True,1.0,1.0,True,True,0.5
topic-2174,catholic church in the 19th and 20th century,modern Catholic history,embedding_output_index_full,modern Catholic history,"[""modern Catholic history"", ""ecclesiastical history"", ""Reformation history"", ""church-state interaction"", ""modern worship""]",5,0.002326488494873047,True,True,1.0,0.9999999403953552,True,True,1.0
topic-1847,epistemology,theory of knowledge,embedding_output_index_full,theory of knowledge,"[""theory of knowledge"", ""scientific philosophy"", ""ontology"", ""knowledge systems"", ""interpretive theory""]",5,0.0022287368774414062,True,True,1.0,1.0000001192092896,True,True,1.0
topic-1566,knowledge representation,information modeling,embedding_output_index_full,knowledge systems,"[""knowledge systems"", ""theory of knowledge"", ""machine semantics"", ""information modeling"", ""information processing""]",5,0.0022249221801757812,False,True,1.0,1.0,False,True,0.25
topic-1567,knowledge technology,information technology,embedding_output_index_full,knowledge systems,"[""knowledge systems"", ""information technology"", ""information and communication technology"", ""educational technology"", ""theory of knowledge""]",5,0.0022194385528564453,False,True,1.0,1.0000001192092896,True,True,0.5
topic-11381,church,congregation,embedding_output_index_full,congregation,"[""congregation"", ""Clergy"", ""Christian worship"", ""church-state interaction"", ""Christian unity""]",5,0.0022530555725097656,True,True,1.0,1.000000238418579,True,True,1.0
topic-3791,church state relations,church-state interaction,embedding_output_index_full,church-state interaction,"[""church-state interaction"", ""religious sociology"", ""Judeo-Christian relations"", ""Clergy"", ""religious ceremonies""]",5,0.002240419387817383,True,True,1.0,1.000000238418579,True,True,1.0
topic-11382,ministry,Clergy,embedding_output_index_full,clerical ministry,"[""clerical ministry"", ""youth ministry"", ""Clergy"", ""ministerial ethics"", ""congregation""]",5,0.0022208690643310547,False,True,1.0,0.9999998807907104,True,True,0.3333333333333333
topic-4236,church authority,ecclesiastical authority,embedding_output_index_full,ecclesiastical authority,"[""ecclesiastical authority"", ""Clergy"", ""authority"", ""church-state interaction"", ""Ecclesiastical leadership""]",5,0.0022029876708984375,True,True,1.0,0.9999998807907104,True,True,1.0
topic-11384,ecclesial leadership,Ecclesiastical leadership,embedding_output_index_full,Ecclesiastical leadership,"[""Ecclesiastical leadership"", ""spiritual leadership"", ""Ecclesiasticus"", ""Christian unity"", ""ecclesiastical authority""]",5,0.0021979808807373047,True,True,1.0,0.9999998211860657,True,True,1.0
topic-2086,devotion/piety and non-practising,religious observance and secularism,embedding_output_index_full,divine vocation,"[""divine vocation"", ""Pastoral Counseling Psychology"", ""contemporary piety"", ""religious psychology"", ""modern worship""]",5,0.0023317337036132812,False,False,0.47272727272727283,0.5884599685668945,False,False,0.0
topic-2092,church music,sacred music,embedding_output_index_full,sacred music,"[""sacred music"", ""Christian worship"", ""congregation"", ""Clergy"", ""church-state interaction""]",5,0.0021924972534179688,True,True,1.0,1.0,True,True,1.0
topic-1915,"church fathers, ancient",early theologians,embedding_output_index_full,ecclesiastical history,"[""ecclesiastical history"", ""early theologians"", ""modern worship"", ""Clergy"", ""modern Catholic history""]",5,0.002238750457763672,False,True,1.0,1.0000001192092896,True,True,0.5
topic-16565,Integrated care,coordinated care,embedding_output_index_full,coordinated care,"[""coordinated care"", ""care models"", ""health care administration"", ""obligation of care"", ""psychological care""]",5,0.002195596694946289,True,True,1.0,0.9999999403953552,True,True,1.0
topic-1991,voting mechanisms,electoral methods,embedding_output_index_full,voting system,"[""voting system"", ""tactical voting"", ""electoral methods"", ""Consensus-based democracy"", ""Bidding Theory""]",5,0.0021860599517822266,False,True,1.0,1.0000001192092896,True,True,0.3333333333333333
topic-4661,electoral systems,voting system,embedding_output_index_full,electoral methods,"[""electoral methods"", ""voting system"", ""tactical voting"", ""popular government"", ""Consensus-based democracy""]",5,0.0022275447845458984,False,True,1.0,1.0000001192092896,True,True,0.5
topic-1572,clinical neuropsychology,neuropsychological therapy,embedding_output_index_full,neuropsychological therapy,"[""neuropsychological therapy"", ""neurocognitive psychology"", ""psychological disorders"", ""cognitive studies"", ""cognitive psychology""]",5,0.002721071243286133,True,True,1.0,1.0000001192092896,True,True,1.0
topic-1574,credit systems,credit infrastructure,embedding_output_index_full,credit infrastructure,"[""credit infrastructure"", ""financial systems"", ""government finance"", ""financial instruments"", ""financial structure""]",5,0.002354860305786133,True,True,1.0,1.0,True,True,1.0
topic-4886,Kriging,spatial interpolation,embedding_output_index_full,consolidations,"[""consolidations"", ""learning techniques"", ""investing"", ""prediction"", ""cyberspace""]",5,0.0022804737091064453,False,False,0.45714285714285713,0.267648309469223,False,False,0.0
topic-15982,Kriging,spatial interpolation,embedding_output_index_full,consolidations,"[""consolidations"", ""learning techniques"", ""investing"", ""prediction"", ""cyberspace""]",5,0.0022406578063964844,False,False,0.45714285714285713,0.267648309469223,False,False,0.0
topic-4149,critical theory,radical critique,embedding_output_index_full,critical analysis,"[""critical analysis"", ""critical theorist"", ""Marxist theory"", ""political theory"", ""economic theory""]",5,0.002279043197631836,False,False,0.5454545454545454,0.41751790046691895,False,False,0.0
topic-4881,splines,curves,embedding_output_index_full,curves,"[""curves"", ""spatial interpolation"", ""way of life"", ""tension"", ""cyberspace""]",5,0.002185344696044922,True,True,1.0,0.9999997615814209,True,True,1.0
topic-6501,philosophy of art,aesthetics philosophy,embedding_output_index_full,aesthetics philosophy,"[""aesthetics philosophy"", ""philosophy of beauty"", ""literary philosopher"", ""cultural philosophy"", ""arts instruction""]",5,0.0022165775299072266,True,True,1.0,1.0000001192092896,True,True,1.0
topic-1575,artificial intelligence,machine intelligence,embedding_output_index_full,machine intelligence,"[""machine intelligence"", ""autonomous learning"", ""artificial neural networks"", ""automated learning"", ""mental science""]",5,0.0022008419036865234,True,True,1.0,1.0000003576278687,True,True,1.0
topic-12641,quality of work,work quality,embedding_output_index_full,work quality,"[""work quality"", ""quality of worklife"", ""quality of life"", ""life quality"", ""health care quality""]",5,0.0022323131561279297,True,True,1.0,1.0,True,True,1.0
topic-2061,quality of life,well-being,embedding_output_index_full,life quality,"[""life quality"", ""quality of worklife"", ""health care quality"", ""work quality"", ""way of life""]",5,0.0022041797637939453,False,False,0.2857142857142857,0.4660607576370239,False,False,0.0
topic-121,Quality of life,life quality,embedding_output_index_full,life quality,"[""life quality"", ""quality of worklife"", ""health care quality"", ""work quality"", ""way of life""]",5,0.0021944046020507812,True,True,1.0,1.0000001192092896,True,True,1.0
topic-9461,quality of the judiciary,judicial performance,embedding_output_index_full,judiciary,"[""judiciary"", ""judicial performance"", ""jurisprudence"", ""legal governance"", ""Empirical jurisprudence""]",5,0.0022008419036865234,False,True,1.0,1.0000001192092896,True,True,0.5
topic-11701,quality of care,health care quality,embedding_output_index_full,health care quality,"[""health care quality"", ""obligation of care"", ""care models"", ""quality of life"", ""Health Care Usage""]",5,0.002215147018432617,True,True,1.0,1.000000238418579,True,True,1.0
topic-1577,agriculture,farming,embedding_output_index_full,agricultural economics,"[""agricultural economics"", ""farming"", ""developing countries"", ""ecological economics"", ""economic development""]",5,0.0021948814392089844,False,True,1.0,1.0000001192092896,True,True,0.5
topic-1578,latin,classical language,embedding_output_index_full,ecclesiastical Latin,"[""ecclesiastical Latin"", ""classical language"", ""cerebrum"", ""linguistic morphology"", ""nationality""]",5,0.0021734237670898438,False,True,1.0,1.000000238418579,True,True,0.5
topic-1579,lifestyle,way of life,embedding_output_index_full,life quality,"[""life quality"", ""way of life"", ""households"", ""spiritual life"", ""quality of life""]",5,0.0021774768829345703,False,True,1.0,0.9999998807907104,True,True,0.5
topic-9121,learning styles,study methods,embedding_output_index_full,learning techniques,"[""learning techniques"", ""instructional materials"", ""arts instruction"", ""language learning"", ""automated learning""]",5,0.002191305160522461,False,False,0.38888888888888884,0.5877506732940674,False,False,0.0
topic-7283,learning disorders,learning disabilities,embedding_output_index_full,learning disabilities,"[""learning disabilities"", ""instructional psychology"", ""psychological disorders"", ""attention deficit disorder"", ""schooling""]",5,0.002254009246826172,True,True,1.0,1.0,True,True,1.0
topic-10601,reading research,Reading studies,embedding_output_index_full,Reading studies,"[""Reading studies"", ""reading difficulties"", ""reading and writing skills"", ""study methods"", ""basic research""]",5,0.002349376678466797,True,True,1.0,1.000000238418579,True,True,1.0
topic-1581,reading disorders,reading difficulties,embedding_output_index_full,reading difficulties,"[""reading difficulties"", ""Reading studies"", ""reading and writing skills"", ""attention deficit disorder"", ""psychological disorders""]",5,0.002298593521118164,True,True,1.0,1.0000001192092896,True,True,1.0
topic-1582,leadership,guidance,embedding_output_index_full,spiritual leadership,"[""spiritual leadership"", ""administration"", ""Ecclesiastical leadership"", ""authority"", ""public management""]",5,0.0022568702697753906,False,False,0.4,0.4608624577522278,False,False,0.0
topic-8101,organisational learning,organizational knowledge acquisition,embedding_output_index_full,organizational studies,"[""organizational studies"", ""adaptive organizations"", ""organizational theory"", ""cooperative learning"", ""organizational structure""]",5,0.002842426300048828,False,False,0.6206896551724138,0.5397301912307739,False,False,0.0
topic-2941,machine learning,automated learning,embedding_output_index_full,autonomous learning,"[""autonomous learning"", ""machine intelligence"", ""automated learning"", ""artificial neural networks"", ""learning techniques""]",5,0.002261638641357422,False,True,1.0,1.0000001192092896,True,True,0.3333333333333333
topic-3102,learning organisations,adaptive organizations,embedding_output_index_full,adaptive organizations,"[""adaptive organizations"", ""organizational studies"", ""cooperative learning"", ""sociology of organizations"", ""organizational knowledge acquisition""]",5,0.002244710922241211,True,True,1.0,1.000000238418579,True,True,1.0
topic-8362,Latvia,Latvian Republic,embedding_output_index_full,Latvian Republic,"[""Latvian Republic"", ""East Europe"", ""eurozone"", ""Turkish immigrants"", ""Brabant region""]",5,0.0022683143615722656,True,True,1.0,0.9999999403953552,True,True,1.0
topic-2162,quality of life after heart and vascular diseases,well-being after cardiovascular diseases,embedding_output_index_full,well-being after cardiovascular diseases,"[""well-being after cardiovascular diseases"", ""quality of life"", ""life quality"", ""cardiovascular diseases"", ""persistent heart failure""]",5,0.0023190975189208984,True,True,1.0,1.0000001192092896,True,True,1.0
topic-5631,levinas,Levinasian philosophy,embedding_output_index_full,Levinasian philosophy,"[""Levinasian philosophy"", ""Friedrich Heinrich Jacobi"", ""Jacques Derrida"", ""Jacob"", ""Frankfurt School theorist""]",5,0.0022232532501220703,True,True,1.0,1.0,True,True,1.0
topic-5181,liberalisation,deregulation,embedding_output_index_full,modernisation,"[""modernisation"", ""Americanisation"", ""liberal political theory"", ""deregulation"", ""Marxism""]",5,0.0024132728576660156,False,True,1.0,1.0,False,True,0.25
topic-2015,liberalism and political philosophy,liberal political theory,embedding_output_index_full,liberal political theory,"[""liberal political theory"", ""moral philosophy"", ""contemporary philosophy history"", ""religious philosophy"", ""modern philosophy; historical development""]",5,0.002228975296020508,True,True,1.0,1.0,True,True,1.0
topic-2280,literary-historical aspects,textual history,embedding_output_index_full,literary analysis,"[""literary analysis"", ""scriptural literature"", ""literary philosopher"", ""19th-century British literature"", ""historical study""]",5,0.0022094249725341797,False,False,0.5142857142857142,0.5515309572219849,False,False,0.0
topic-1585,literature,written works,embedding_output_index_full,literary analysis,"[""literary analysis"", ""scriptural literature"", ""literary philosopher"", ""cinematic literature"", ""written works""]",5,0.0022156238555908203,False,True,1.0,1.0,False,True,0.2
topic-1893,literature and theology,theological literature,embedding_output_index_full,theological literature,"[""theological literature"", ""applied theology"", ""modern theological themes"", ""theological representations"", ""feminist theology""]",5,0.0022051334381103516,True,True,1.0,1.0000001192092896,True,True,1.0
topic-1586,study of literature,literary analysis,embedding_output_index_full,Reading studies,"[""Reading studies"", ""literary analysis"", ""literary philosopher"", ""study methods"", ""scriptural literature""]",5,0.002214670181274414,False,True,1.0,0.9999999403953552,True,True,0.5
topic-2189,liturgy (contemporary),modern worship,embedding_output_index_full,liturgical theology,"[""liturgical theology"", ""current liturgical practice"", ""modern worship"", ""religious ceremonies"", ""Christian worship""]",5,0.002195596694946289,False,True,1.0,1.0000001192092896,True,True,0.3333333333333333
topic-1587,liturgical studies,liturgical theology,embedding_output_index_full,current liturgical practice,"[""current liturgical practice"", ""liturgical theology"", ""religious ceremonies"", ""religious studies"", ""Christian cultural studies""]",5,0.0022001266479492188,False,True,1.0,1.000000238418579,True,True,0.5
topic-5361,liturgical latin,ecclesiastical Latin,embedding_output_index_full,ecclesiastical Latin,"[""ecclesiastical Latin"", ""liturgical theology"", ""current liturgical practice"", ""ecclesiastical history"", ""Clergy""]",5,0.002309083938598633,True,True,1.0,1.0,True,True,1.0
topic-1920,liturgic celebrations,religious ceremonies,embedding_output_index_full,ceremonies,"[""ceremonies"", ""religious ceremonies"", ""current liturgical practice"", ""Teutonic"", ""liturgical theology""]",5,0.0023679733276367188,False,True,1.0,0.9999998211860657,True,True,0.5
topic-2090,liturgic music,sacred music,embedding_output_index_full,sacred music,"[""sacred music"", ""Teutonic"", ""liturgical theology"", ""contemporary piety"", ""current liturgical practice""]",5,0.0022993087768554688,True,True,1.0,1.000000238418579,True,True,1.0
topic-5632,locke,John Locke,embedding_output_index_full,John Locke,"[""John Locke"", ""character"", ""spirit"", ""strangers"", ""tension""]",5,0.0022478103637695312,True,True,1.0,1.000000238418579,True,True,1.0
topic-2314,logic,reasoning,embedding_output_index_full,reasoning,"[""reasoning"", ""logical argumentation"", ""logical fallacies"", ""mental science"", ""machine semantics""]",5,0.002251863479614258,True,True,1.0,1.0000001192092896,True,True,1.0
topic-1588,logic and philosophy of language,analytical philosophy,embedding_output_index_full,linguistic philosophy,"[""linguistic philosophy"", ""language psychology"", ""machine semantics"", ""language science"", ""ontology""]",5,0.0033178329467773438,False,False,0.7142857142857143,0.39332711696624756,False,False,0.0
topic-1589,logistics,supply chain management,embedding_output_index_full,logistics management,"[""logistics management"", ""supply chain management"", ""businesses"", ""travel industry"", ""procurement management""]",5,0.003175497055053711,False,True,1.0,0.9999999403953552,True,True,0.5
topic-1590,logistics management,supply chain management,embedding_output_index_full,supply chain management,"[""supply chain management"", ""personnel management"", ""corporate management"", ""stock management"", ""procurement management""]",5,0.0022258758544921875,True,True,1.0,0.9999999403953552,True,True,1.0
topic-17162,Local Democracy,community governance,embedding_output_index_full,local government law,"[""local government law"", ""Municipal governance"", ""community governance"", ""Consensus-based democracy"", ""popular government""]",5,0.0022673606872558594,False,True,1.0,1.0000001192092896,True,True,0.3333333333333333
topic-1591,tax on wages/income tax,income tax,embedding_output_index_full,income tax,"[""income tax"", ""earnings tax"", ""company tax"", ""value-added tax"", ""asset tax""]",5,0.002315998077392578,True,True,1.0,1.0,True,True,1.0
topic-2169,lyotard,postmodern theorist,embedding_output_index_full,Tamazight,"[""Tamazight"", ""growing old"", ""seizure disorder"", ""the English language"", ""character""]",5,0.002262592315673828,False,False,0.34285714285714286,0.2872971296310425,False,False,0.0
topic-1201,corporate social responsibility,corporate conscience,embedding_output_index_full,corporate ethics,"[""corporate ethics"", ""corporate conscience"", ""corporate management"", ""corporate law"", ""responsibility law""]",5,0.0024292469024658203,False,True,1.0,1.0000001192092896,True,True,0.5
topic-5633,machiavelli,political strategist,embedding_output_index_full,Teutonic,"[""Teutonic"", ""Castilian"", ""Jacques Derrida"", ""Tamazight"", ""nationality""]",5,0.0022945404052734375,False,False,0.3870967741935484,0.3470260798931122,False,False,0.0
topic-1593,power,authority,embedding_output_index_full,power sources,"[""power sources"", ""authority"", ""efficiency"", ""sex"", ""spirit""]",5,0.0022504329681396484,False,True,1.0,0.9999998211860657,True,True,0.5
topic-2148,power in organisations,organizational influence,embedding_output_index_full,organizational influence,"[""organizational influence"", ""sociology of organizations"", ""organizational studies"", ""organizational theory"", ""organizational transformation""]",5,0.0022432804107666016,True,True,1.0,0.9999997615814209,True,True,1.0
topic-1595,macroeconomics,national economics,embedding_output_index_full,data-driven macroeconomics,"[""data-driven macroeconomics"", ""global economics"", ""economic science"", ""economic modeling"", ""industrial economics""]",5,0.002234220504760742,False,False,0.7894736842105263,0.772218644618988,False,False,0.0
topic-1596,management,administration,embedding_output_index_full,corporate management,"[""corporate management"", ""personnel management"", ""IT management"", ""public management"", ""administration""]",5,0.0022258758544921875,False,True,1.0,1.0,False,True,0.2
topic-1598,management and ethics,ethical management,embedding_output_index_full,ethical management,"[""ethical management"", ""corporate ethics"", ""professional ethics"", ""corporate communication ethics"", ""social ethics""]",5,0.0022804737091064453,True,True,1.0,1.0,True,True,1.0
topic-2968,management games,business simulations,embedding_output_index_full,personnel management,"[""personnel management"", ""corporate management"", ""global management"", ""public management"", ""managerial economics""]",5,0.002285003662109375,False,False,0.35,0.39202773571014404,False,False,0.0
topic-3168,small business management,small enterprise management,embedding_output_index_full,small enterprise management,"[""small enterprise management"", ""small businesses"", ""businesses"", ""corporate management"", ""business administration""]",5,0.0023703575134277344,True,True,1.0,1.0000001192092896,True,True,1.0
topic-1599,marketing,market strategy,embedding_output_index_full,marketing strategy,"[""marketing strategy"", ""market strategy"", ""ethical marketing"", ""businesses"", ""service promotion""]",5,0.0022742748260498047,False,True,1.0,1.0,True,True,0.5
topic-2979,marketing management,marketing strategy,embedding_output_index_full,marketing strategy,"[""marketing strategy"", ""corporate management"", ""market strategy"", ""supply chain management"", ""logistics management""]",5,0.0022420883178710938,True,True,1.0,1.0,True,True,1.0
topic-1602,services marketing,service promotion,embedding_output_index_full,service promotion,"[""service promotion"", ""service sector"", ""marketing strategy"", ""ethical marketing"", ""online services""]",5,0.0025315284729003906,True,True,1.0,1.0000001192092896,True,True,1.0
topic-1603,market research,market analysis,embedding_output_index_full,market analysis,"[""market analysis"", ""market strategy"", ""capital markets"", ""marketing strategy"", ""employment market""]",5,0.0022416114807128906,True,True,1.0,1.0,True,True,1.0
topic-262,Marx,Marxism,embedding_output_index_full,Marxism,"[""Marxism"", ""Marxist theory"", ""Frankfurt School theorist"", ""Jacques Derrida"", ""critical theorist""]",5,0.002217531204223633,True,True,1.0,1.000000238418579,True,True,1.0
topic-161,marxism,Marxist theory,embedding_output_index_full,Marxist theory,"[""Marxist theory"", ""political theory"", ""nationalist ideology"", ""Frankfurt School theorist"", ""extremism""]",5,0.003097057342529297,True,True,1.0,1.000000238418579,True,True,1.0
topic-1605,substantive criminal law,criminal code,embedding_output_index_full,criminal procedural law,"[""criminal procedural law"", ""non-criminal law"", ""ecological criminal law"", ""civil law"", ""criminal code""]",5,0.0022029876708984375,False,True,1.0,1.0,False,True,0.2
topic-1606,mathematical statistics,statistical mathematics,embedding_output_index_full,statistical mathematics,"[""statistical mathematics"", ""economic statistics"", ""statistical techniques"", ""research methods and statistics"", ""mathematical sciences""]",5,0.0022132396697998047,True,True,1.0,1.0,True,True,1.0
topic-17064,Matthew-James-Didache,"Matthew, James, and Didache",embedding_output_index_full,"Matthew, James, and Didache","[""Matthew, James, and Didache"", ""Didache and the Gospel of Matthew"", ""Matthew's Gospel"", ""Epistle of James"", ""John the Apostle""]",5,0.002353191375732422,True,True,1.0,1.0000001192092896,True,True,1.0
topic-1916,mathew,Matthew's Gospel,embedding_output_index_full,Matthew's Gospel,"[""Matthew's Gospel"", ""Matthew, James, and Didache"", ""Jacob"", ""Didache and the Gospel of Matthew"", ""John the Apostle""]",5,0.002206087112426758,True,True,1.0,0.9999999403953552,True,True,1.0
topic-8683,competition policy,antitrust policy,embedding_output_index_full,antitrust policy,"[""antitrust policy"", ""regulatory economics"", ""commercial policy"", ""economic law"", ""antitrust law""]",5,0.002218961715698242,True,True,1.0,1.0,True,True,1.0
topic-1607,competition law,antitrust law,embedding_output_index_full,economic law,"[""economic law"", ""antitrust law"", ""business law"", ""global antitrust law"", ""regulatory law""]",5,0.0024254322052001953,False,True,1.0,1.0000001192092896,True,True,0.5
topic-13401,codetermination,worker participation,embedding_output_index_full,coding,"[""coding"", ""criminal code"", ""machine semantics"", ""automated parsing"", ""language science""]",5,0.002184152603149414,False,False,0.4324324324324324,0.2540990114212036,False,False,0.0
topic-1286,Media,communication channels,embedding_output_index_full,mixed media,"[""mixed media"", ""media comparison"", ""the web"", ""journalistic ethics"", ""funding""]",5,0.0021791458129882812,False,False,0.4390243902439024,0.357086181640625,False,False,0.0
topic-1608,media,communication channels,embedding_output_index_full,mixed media,"[""mixed media"", ""media comparison"", ""the web"", ""journalistic ethics"", ""funding""]",5,0.0021734237670898438,False,False,0.4390243902439024,0.357086181640625,False,False,0.0
topic-2085,media ethics,journalistic ethics,embedding_output_index_full,journalistic ethics,"[""journalistic ethics"", ""corporate communication ethics"", ""social ethics"", ""corporate ethics"", ""professional ethics""]",5,0.0022525787353515625,True,True,1.0,1.0,True,True,1.0
topic-10841,mediation,dispute resolution,embedding_output_index_full,e-mediation,"[""e-mediation"", ""conflict resolution"", ""persuasion"", ""disputes"", ""interpersonal process""]",5,0.0025899410247802734,False,False,0.7027027027027026,0.8041073083877563,False,False,0.0
topic-1609,medical ethics,healthcare ethics,embedding_output_index_full,healthcare ethics,"[""healthcare ethics"", ""professional ethics"", ""medical law"", ""corporate ethics"", ""ethical management""]",5,0.002343893051147461,True,True,1.0,1.0000001192092896,True,True,1.0
topic-9361,medical psychology,health psychology,embedding_output_index_full,health psychology,"[""health psychology"", ""physiological psychology"", ""philosophy of psychology"", ""psychological care"", ""basics of psychology""]",5,0.0022263526916503906,True,True,1.0,1.0000001192092896,True,True,1.0
topic-2994,multilingualism,polyglotism,embedding_output_index_full,social linguistics,"[""social linguistics"", ""minority languages"", ""language psychology"", ""linguistic philosophy"", ""multiple language proficiency""]",5,0.0022416114807128906,False,False,0.41379310344827597,0.3369080722332001,False,False,0.0
topic-3901,man-machine interaction,human-computer interaction,embedding_output_index_full,human-computer interaction,"[""human-computer interaction"", ""textual interaction"", ""machine intelligence"", ""computing systems"", ""group interactions""]",5,0.0022535324096679688,True,True,1.0,1.0000001192092896,True,True,1.0
topic-2002,human evolution,human development,embedding_output_index_full,human development,"[""human development"", ""linguistic evolution"", ""evolving game theory"", ""natural diversity"", ""development theories""]",5,0.002234935760498047,True,True,1.0,0.9999997615814209,True,True,1.0
topic-1610,human rights,Civil Liberties,embedding_output_index_full,basic rights,"[""basic rights"", ""European Human Rights Charter"", ""Civil Liberties"", ""responsibility law"", ""social ethics""]",5,0.002231121063232422,False,True,1.0,1.0,True,True,0.3333333333333333
topic-2102,mental effort,cognitive effort,embedding_output_index_full,cognitive effort,"[""cognitive effort"", ""mental processes"", ""mental science"", ""cognitive psychology"", ""mental philosophy""]",5,0.002232074737548828,True,True,1.0,1.0000001192092896,True,True,1.0
topic-3521,metaphors,allegories,embedding_output_index_full,psycholinguistics,"[""psycholinguistics"", ""literary analysis"", ""interpretation"", ""linguistic philosophy"", ""scriptural literature""]",5,0.0022361278533935547,False,False,0.3870967741935484,0.33922505378723145,False,False,0.0
topic-1611,metaphysics,ontology,embedding_output_index_full,metaphysical study,"[""metaphysical study"", ""scientific philosophy"", ""theoretical psychology"", ""interpretive theory"", ""cognitive psychology theory""]",5,0.0029113292694091797,False,False,0.4666666666666666,0.44071799516677856,False,False,0.0
topic-2008,metaphysics of reason and action,philosophy of action,embedding_output_index_full,metaphysics,"[""metaphysics"", ""philosophy of action"", ""metaphysical study"", ""reasoning"", ""mental philosophy""]",5,0.0023012161254882812,False,True,1.0,1.0000001192092896,True,True,0.5
topic-4885,meta models,higher-order models,embedding_output_index_full,metaphysics,"[""metaphysics"", ""computational models"", ""higher-order models"", ""care models"", ""computational modeling""]",5,0.002794027328491211,False,True,1.0,1.000000238418579,True,True,0.3333333333333333
topic-1954,cross-cultural research methodology,intercultural research methods,embedding_output_index_full,intercultural research methods,"[""intercultural research methods"", ""cross-cultural psychology"", ""cross-cultural support"", ""cross-cultural differences"", ""intercultural research""]",5,0.002454519271850586,True,True,1.0,1.000000238418579,True,True,1.0
topic-1658,methodology and statistics,research methods and statistics,embedding_output_index_full,research methods and statistics,"[""research methods and statistics"", ""statistical techniques"", ""research methods"", ""economic statistics"", ""study methods""]",5,0.0022115707397460938,True,True,1.0,1.0000001192092896,True,True,1.0
topic-1613,methodology,research methods,embedding_output_index_full,research methods,"[""research methods"", ""study methods"", ""research methods and statistics"", ""IT strategy"", ""basic research""]",5,0.002190828323364258,True,True,1.0,1.0000001192092896,True,True,1.0
topic-101,Methodology of civil law,Civil law methodology,embedding_output_index_full,Civil law methodology,"[""Civil law methodology"", ""civil law"", ""civil litigation law"", ""South African legal system"", ""criminal procedural law""]",5,0.002206087112426758,True,True,1.0,1.0,True,True,1.0
topic-3008,micro-econometrics,individual econometrics,embedding_output_index_full,practical econometrics,"[""practical econometrics"", ""individual econometrics"", ""economic statistics"", ""economic modeling"", ""economic science""]",5,0.002299785614013672,False,True,1.0,1.0000001192092896,True,True,0.5
topic-1614,microeconomics,individual economics,embedding_output_index_full,industrial economics,"[""industrial economics"", ""economic science"", ""individual economics"", ""financial economics"", ""managerial economics""]",5,0.0023353099822998047,False,True,1.0,0.9999998807907104,True,True,0.3333333333333333
topic-1615,medieval philosophy; history of,medieval thought,embedding_output_index_full,medieval history,"[""medieval history"", ""contemporary philosophy history"", ""modern philosophy; historical development"", ""medieval thought"", ""Middle Ages theology""]",5,0.002326488494873047,False,True,1.0,1.0,False,True,0.25
topic-3601,history of middle ages,medieval history,embedding_output_index_full,medieval history,"[""medieval history"", ""Middle Ages theology"", ""medieval thought"", ""modern Catholic history"", ""ecclesiastical history""]",5,0.0022306442260742188,True,True,1.0,1.0000001192092896,True,True,1.0
topic-13602,medieval theology,Middle Ages theology,embedding_output_index_full,Middle Ages theology,"[""Middle Ages theology"", ""theological literature"", ""doctrinal theology"", ""applied theology"", ""modern theological themes""]",5,0.002292633056640625,True,True,1.0,1.0,True,True,1.0
topic-1617,small and medium-sized enterprises,small businesses,embedding_output_index_full,small enterprise management,"[""small enterprise management"", ""small businesses"", ""businesses"", ""business creation"", ""organizational growth""]",5,0.002393960952758789,False,True,1.0,1.0,True,True,0.5
topic-1618,migrants,immigrants,embedding_output_index_full,immigrants,"[""immigrants"", ""refugees"", ""asylum seekers"", ""Turkish immigrants"", ""immigration law""]",5,0.002245187759399414,True,True,1.0,1.0,True,True,1.0
topic-15302,Migration Law,immigration law,embedding_output_index_full,immigration law,"[""immigration law"", ""Asylum law"", ""business relocation"", ""immigrants"", ""transnational criminal law""]",5,0.003290891647338867,True,True,1.0,1.0000001192092896,True,True,1.0
topic-3013,environmental economics,ecological economics,embedding_output_index_full,ecological economics,"[""ecological economics"", ""ecological policy"", ""global economics"", ""regulatory economics"", ""global environmental law""]",5,0.0022249221801757812,True,True,1.0,1.0,True,True,1.0
topic-1619,environmental policy,ecological policy,embedding_output_index_full,ecological policy,"[""ecological policy"", ""environmental protection law"", ""global environmental law"", ""public policy"", ""environmental assessment""]",5,0.002218484878540039,True,True,1.0,1.0000001192092896,True,True,1.0
topic-1621,environmental impact study,environmental assessment,embedding_output_index_full,environmental assessment,"[""environmental assessment"", ""ecological economics"", ""ecological policy"", ""ecological management"", ""global environmental law""]",5,0.0022361278533935547,True,True,1.0,1.0,True,True,1.0
topic-1625,environmental management,ecological management,embedding_output_index_full,ecological management,"[""ecological management"", ""environmental assessment"", ""ecological policy"", ""environmental protection law"", ""ecological economics""]",5,0.002219676971435547,True,True,1.0,1.0,True,True,1.0
topic-1626,environmental law,ecological law,embedding_output_index_full,environmental protection law,"[""environmental protection law"", ""global environmental law"", ""ecological law"", ""ecological criminal law"", ""EU environmental regulations""]",5,0.002214193344116211,False,True,1.0,1.000000238418579,True,True,0.3333333333333333
topic-1627,environmental criminal law,ecological criminal law,embedding_output_index_full,ecological criminal law,"[""ecological criminal law"", ""environmental protection law"", ""global environmental law"", ""ecological law"", ""non-criminal law""]",5,0.002232789993286133,True,True,1.0,1.0,True,True,1.0
topic-11621,doctrines of war,Military doctrine,embedding_output_index_full,Military doctrine,"[""Military doctrine"", ""legal doctrines"", ""doctrine"", ""doctrinal theology"", ""nationalist ideology""]",5,0.0031385421752929688,True,True,1.0,1.0,True,True,1.0
topic-1629,minorities,ethnic groups,embedding_output_index_full,minority communities,"[""minority communities"", ""minority cultures"", ""ethnic groups"", ""minority languages"", ""diverse society""]",5,0.0022139549255371094,False,True,1.0,1.0,True,True,0.3333333333333333
topic-5821,modeling,simulation,embedding_output_index_full,computational modeling,"[""computational modeling"", ""Systems modeling"", ""computational models"", ""three-part model"", ""information modeling""]",5,0.002159595489501953,False,False,0.4666666666666666,0.5673333406448364,False,False,0.0
topic-6441,models,frameworks,embedding_output_index_full,higher-order models,"[""higher-order models"", ""computational models"", ""three-part model"", ""computational modeling"", ""Systems modeling""]",5,0.0023038387298583984,False,False,0.3076923076923077,0.4148246645927429,False,False,0.0
topic-1863,modern devotion,contemporary piety,embedding_output_index_full,modern worship,"[""modern worship"", ""sacred music"", ""modern theological themes"", ""Christian worship"", ""liturgical theology""]",5,0.0023186206817626953,False,False,0.37209302325581395,0.47722750902175903,False,False,0.0
topic-2041,modern philosophy; history of,contemporary philosophy history,embedding_output_index_full,contemporary philosophy history,"[""contemporary philosophy history"", ""modern philosophy; historical development"", ""contemporary philosopher"", ""modern Catholic history"", ""philosophical texts""]",5,0.0023605823516845703,True,True,1.0,1.000000238418579,True,True,1.0
topic-11961,modernisation,modernisation,embedding_output_index_full,Americanisation,"[""Americanisation"", ""modern philosophy; historical development"", ""modern worship"", ""cultural legacy"", ""reorganisation""]",5,0.0022470951080322266,False,False,0.7857142857142857,0.5820812582969666,False,False,0.0
topic-1632,mother tongue; education,native language education,embedding_output_index_full,linguistic education,"[""linguistic education"", ""native language education"", ""language skills"", ""language psychology"", ""language science""]",5,0.0022652149200439453,False,True,1.0,0.9999999403953552,True,True,0.5
topic-3388,monetary policy,financial policy,embedding_output_index_full,financial policy,"[""financial policy"", ""monetary authority"", ""budgetary policy"", ""financial economics"", ""government economics""]",5,0.0022590160369873047,True,True,1.0,1.0,True,True,1.0
topic-1633,monetary economics,financial economics,embedding_output_index_full,financial economics,"[""financial economics"", ""economic science"", ""national economics"", ""government economics"", ""monetary authority""]",5,0.0022568702697753906,True,True,1.0,0.9999997615814209,True,True,1.0
topic-12941,moral responsibility,ethical accountability,embedding_output_index_full,responsibility law,"[""responsibility law"", ""ethical accountability"", ""moral philosophy"", ""moral culpability"", ""ethical management""]",5,0.002239227294921875,False,True,1.0,1.0000001192092896,True,True,0.5
topic-10441,morphology,linguistic morphology,embedding_output_index_full,linguistic morphology,"[""linguistic morphology"", ""practical linguistics"", ""computational linguistics"", ""social linguistics"", ""classical language""]",5,0.0022230148315429688,True,True,1.0,1.0,True,True,1.0
topic-7882,muslims - christians dialogue,interfaith dialogue,embedding_output_index_full,Christian Scriptures,"[""Christian Scriptures"", ""Christian statement of belief"", ""Christian worldview"", ""early Christian teachings and Judaism"", ""Christian history""]",5,0.002248048782348633,False,False,0.368421052631579,0.2617740333080292,False,False,0.0
topic-3794,motivation,drive,embedding_output_index_full,work motivation,"[""work motivation"", ""cognitive effort"", ""psychological well-being"", ""exhaustion"", ""emotional well-being""]",5,0.0022056102752685547,False,False,0.30000000000000004,0.31527239084243774,False,False,0.0
topic-9201,multi level analysis,hierarchical analysis,embedding_output_index_full,hierarchical analysis,"[""hierarchical analysis"", ""data analysis"", ""decision analysis"", ""operational analysis"", ""critical analysis""]",5,0.002249002456665039,True,True,1.0,1.0,True,True,1.0
topic-3039,multiculturalism,cultural diversity,embedding_output_index_full,minority cultures,"[""minority cultures"", ""cultural diversity"", ""diverse society"", ""cultural philosophy"", ""cross-cultural support""]",5,0.002218961715698242,False,True,1.0,1.0000001192092896,True,True,0.5
topic-1951,multicultural society,diverse society,embedding_output_index_full,diverse society,"[""diverse society"", ""minority cultures"", ""cultural diversity"", ""cultural communities"", ""sociology of culture""]",5,0.0033075809478759766,True,True,1.0,1.0,True,True,1.0
topic-1956,multicultural city,diverse city,embedding_output_index_full,diverse city,"[""diverse city"", ""minority cultures"", ""cultural diversity"", ""diverse society"", ""minority communities""]",5,0.002185821533203125,True,True,1.0,1.0000001192092896,True,True,1.0
topic-1635,multimedia,mixed media,embedding_output_index_full,mixed media,"[""mixed media"", ""media comparison"", ""coding"", ""information technology"", ""voice technology""]",5,0.0021796226501464844,True,True,1.0,1.0,True,True,1.0
topic-12122,"Nancy, Jean-Luc (1940-)",contemporary philosopher,embedding_output_index_full,Jacques Derrida,"[""Jacques Derrida"", ""People's Republic of China"", ""Friedrich Heinrich Jacobi"", ""modern Jewish history"", ""Jacob""]",5,0.002756834030151367,False,False,0.4,0.3887872099876404,False,False,0.0
topic-10901,nanotechnology,Nanoengineering,embedding_output_index_full,Nanoengineering,"[""Nanoengineering"", ""physical science"", ""internet technology"", ""quantitative finance"", ""educational technology""]",5,0.00232696533203125,True,True,1.0,1.0000001192092896,True,True,1.0
topic-1887,narcissism and shame,egoism and guilt,embedding_output_index_full,egoism and guilt,"[""egoism and guilt"", ""remorse"", ""moral culpability"", ""psychological disorders"", ""philosophy of beauty""]",5,0.002681255340576172,True,True,1.0,1.000000238418579,True,True,1.0
topic-2142,natality/birth rate,birth rate,embedding_output_index_full,birth rate,"[""birth rate"", ""population aging"", ""population studies"", ""childbirth"", ""human development""]",5,0.002451181411743164,True,True,1.0,1.0000001192092896,True,True,1.0
topic-4167,nationalism,nationalist ideology,embedding_output_index_full,nationalist ideology,"[""nationalist ideology"", ""nationhood"", ""nationality"", ""ethnic groups"", ""Christian unity""]",5,0.002950906753540039,True,True,1.0,0.9999998807907104,True,True,1.0
topic-421,Nature Protection Law,environmental protection law,embedding_output_index_full,environmental protection law,"[""environmental protection law"", ""ecological law"", ""ecological criminal law"", ""global environmental law"", ""regulatory law""]",5,0.0022559165954589844,True,True,1.0,1.000000238418579,True,True,1.0
topic-8121,physics,physical science,embedding_output_index_full,physical science,"[""physical science"", ""mathematical sciences"", ""metaphysics"", ""mental science"", ""simulation""]",5,0.002251863479614258,True,True,1.0,1.0,True,True,1.0
topic-1638,dutch,Dutch language,embedding_output_index_full,Dutch language,"[""Dutch language"", ""Dutch language acquisition"", ""nationality"", ""the English language"", ""Muslim Communities in the Netherlands""]",5,0.0024564266204833984,True,True,1.0,1.0000001192092896,True,True,1.0
topic-1639,dutch as a second language,Dutch language acquisition,embedding_output_index_full,Dutch language,"[""Dutch language"", ""Dutch language acquisition"", ""dual language development"", ""Regional language and society"", ""dual language proficiency""]",5,0.002297639846801758,False,True,1.0,1.000000238418579,True,True,0.5
topic-5061,privilege against self-incrimination,right to remain silent,embedding_output_index_full,basic rights,"[""basic rights"", ""Civil Liberties"", ""self-governance and ethics"", ""confidentiality"", ""equitable justice""]",5,0.0022940635681152344,False,False,0.375,0.48569995164871216,False,False,0.0
topic-1221,Networks,interconnected systems,embedding_output_index_full,social networks,"[""social networks"", ""collaborative networks"", ""network analysis"", ""artificial neural networks"", ""the web""]",5,0.002225637435913086,False,False,0.368421052631579,0.4279758334159851,False,False,0.0
topic-1641,networks,interconnected systems,embedding_output_index_full,social networks,"[""social networks"", ""collaborative networks"", ""network analysis"", ""artificial neural networks"", ""the web""]",5,0.0021882057189941406,False,False,0.368421052631579,0.4279758334159851,False,False,0.0
topic-8684,network industries,interconnected industries,embedding_output_index_full,interconnected industries,"[""interconnected industries"", ""businesses"", ""industrial economics"", ""industrial connections"", ""internet technology""]",5,0.0022721290588378906,True,True,1.0,0.9999998211860657,True,True,1.0
topic-3061,neural networks,artificial neural networks,embedding_output_index_full,artificial neural networks,"[""artificial neural networks"", ""autonomous learning"", ""machine intelligence"", ""learning techniques"", ""automated learning""]",5,0.0022399425506591797,True,True,1.0,0.9999999403953552,True,True,1.0
topic-8943,neurophysiology,neural physiology,embedding_output_index_full,neural physiology,"[""neural physiology"", ""brain-behavior science"", ""physiological psychology"", ""neurobehavioral science"", ""neuropharmacology""]",5,0.0022852420806884766,True,True,1.0,1.0,True,True,1.0
topic-1979,neuropsychology,brain-behavior science,embedding_output_index_full,neuropsychological therapy,"[""neuropsychological therapy"", ""neurocognitive psychology"", ""cognitive psychology"", ""brain-behavior science"", ""neurobehavioral science""]",5,0.002272367477416992,False,True,1.0,1.000000238418579,False,True,0.25
topic-2130,nietzsche,Nietzschean philosophy,embedding_output_index_full,Nietzschean philosophy,"[""Nietzschean philosophy"", ""literary philosopher"", ""contemporary philosopher"", ""critical theorist"", ""feminist theology""]",5,0.002305746078491211,True,True,1.0,1.0000001192092896,True,True,1.0
topic-7401,new testament,Christian Scriptures,embedding_output_index_full,New Testament studies,"[""New Testament studies"", ""Hebrew Bible"", ""Christian Scriptures"", ""early Christian texts"", ""Bible interpretation""]",5,0.0035812854766845703,False,True,1.0,1.0,True,True,0.3333333333333333
topic-7501,nonresponse,no response,embedding_output_index_full,no response,"[""no response"", ""responsibility law"", ""joblessness"", ""non-profit management"", ""intellectually disabled persons""]",5,0.0022389888763427734,True,True,1.0,1.0,True,True,1.0
topic-2680,non profit sector,charitable sector,embedding_output_index_full,non-profit management,"[""non-profit management"", ""charitable sector"", ""government sector"", ""service sector"", ""charitable organizations""]",5,0.0023682117462158203,False,True,1.0,1.0,True,True,0.5
topic-16682,Nonverbal communication,body language,embedding_output_index_full,body language,"[""body language"", ""facial cues"", ""interpersonal skills"", ""speech"", ""interpersonal psychology""]",5,0.003387928009033203,True,True,1.0,1.000000238418579,True,True,1.0
topic-3065,nonprofit organisations,charitable organizations,embedding_output_index_full,charitable organizations,"[""charitable organizations"", ""non-profit management"", ""charitable sector"", ""sociology of organizations"", ""adaptive organizations""]",5,0.002252340316772461,True,True,1.0,1.0000001192092896,True,True,1.0
topic-5766,numerical analysis,computational mathematics,embedding_output_index_full,computational modeling,"[""computational modeling"", ""computational mathematics"", ""operational analysis"", ""computational models"", ""data analysis""]",5,0.002218484878540039,False,True,1.0,1.0000001192092896,True,True,0.5
topic-1923,"ecumenism, ecumenical theology",Christian unity,embedding_output_index_full,doctrinal theology,"[""doctrinal theology"", ""applied theology"", ""Middle Ages theology"", ""ecclesiastical history"", ""liturgical theology""]",5,0.0023207664489746094,False,False,0.5405405405405406,0.5274055004119873,False,False,0.0
topic-1645,moot court,mock trial,embedding_output_index_full,judiciary,"[""judiciary"", ""judicial performance"", ""jurisprudence"", ""civil litigation law"", ""disputes""]",5,0.0024271011352539062,False,False,0.4,0.4559859037399292,False,False,0.0
topic-1647,sales tax,value-added tax,embedding_output_index_full,company tax,"[""company tax"", ""income tax"", ""value-added tax"", ""earnings tax"", ""asset tax""]",5,0.0022754669189453125,False,True,1.0,1.0,True,True,0.3333333333333333
topic-11343,negotiating,negotiation,embedding_output_index_full,negotiation,"[""negotiation"", ""cross-cultural negotiation"", ""bidding"", ""Bidding Theory"", ""Cooperation""]",5,0.002240896224975586,True,True,1.0,0.9999998807907104,True,True,1.0
topic-5421,entrepreneurship,business creation,embedding_output_index_full,business creation,"[""business creation"", ""businesses"", ""small businesses"", ""innovation economics"", ""employment economics""]",5,0.002229452133178711,True,True,1.0,1.0000001192092896,True,True,1.0
topic-1651,enterprises,businesses,embedding_output_index_full,businesses,"[""businesses"", ""corporate management"", ""business administration"", ""business creation"", ""business finance""]",5,0.0022363662719726562,True,True,1.0,0.9999998807907104,True,True,1.0
topic-1652,corporate finance,business finance,embedding_output_index_full,business finance,"[""business finance"", ""business finance; global finance"", ""financial economics"", ""financial structure"", ""financial management""]",5,0.002238750457763672,True,True,1.0,1.0,True,True,1.0
topic-5550,corporate models,business frameworks,embedding_output_index_full,economic modeling,"[""economic modeling"", ""corporate management"", ""financial modeling"", ""businesses"", ""corporate law""]",5,0.0022430419921875,False,False,0.6896551724137931,0.4881483018398285,False,False,0.0
topic-13402,works council,employee council,embedding_output_index_full,employee council,"[""employee council"", ""written works"", ""collaborative work"", ""Second Vatican Council"", ""Municipal governance""]",5,0.0022170543670654297,True,True,1.0,0.9999999403953552,True,True,1.0
topic-1653,company law,corporate law,embedding_output_index_full,corporate law,"[""corporate law"", ""business law"", ""employment law"", ""contract law"", ""antitrust law""]",5,0.0022339820861816406,True,True,1.0,1.0,True,True,1.0
topic-1654,company strategy,business strategy,embedding_output_index_full,business strategy,"[""business strategy"", ""marketing strategy"", ""market strategy"", ""corporate management"", ""profit distribution strategy""]",5,0.0022079944610595703,True,True,1.0,1.000000238418579,True,True,1.0
topic-1655,company assessment (*),business valuation,embedding_output_index_full,assessment,"[""assessment"", ""corporate management"", ""business valuation"", ""company tax"", ""financial evaluation""]",5,0.002308368682861328,False,True,1.0,1.0,True,True,0.3333333333333333
topic-7561,education,schooling,embedding_output_index_full,schooling,"[""schooling"", ""elementary education"", ""educational technology"", ""educational sociology"", ""linguistic education""]",5,0.0022749900817871094,True,True,1.0,1.0,True,True,1.0
topic-1656,educational and training psychology,instructional psychology,embedding_output_index_full,instructional psychology,"[""instructional psychology"", ""skills training"", ""basics of psychology"", ""occupational psychology"", ""philosophy of psychology""]",5,0.0034842491149902344,True,True,1.0,1.0000001192092896,True,True,1.0
topic-1657,educational law,school law,embedding_output_index_full,school law,"[""school law"", ""schooling"", ""elementary education"", ""educational sociology"", ""educational technology""]",5,0.002234935760498047,True,True,1.0,1.0,True,True,1.0
topic-13281,sociology of education,educational sociology,embedding_output_index_full,educational sociology,"[""educational sociology"", ""sociology of culture"", ""family sociology"", ""sociology of organizations"", ""schooling""]",5,0.002768278121948242,True,True,1.0,1.0000001192092896,True,True,1.0
topic-7562,research,investigation,embedding_output_index_full,basic research,"[""basic research"", ""research methods"", ""organizational studies"", ""historical study"", ""research methods and statistics""]",5,0.002317667007446289,False,False,0.41379310344827597,0.4812438488006592,False,False,0.0
topic-9202,research design,study plan,embedding_output_index_full,research methods,"[""research methods"", ""basic research"", ""organizational studies"", ""web design"", ""survey design""]",5,0.0026450157165527344,False,False,0.43478260869565216,0.4216639995574951,False,False,0.0
topic-9421,online dispute resolution,e-mediation,embedding_output_index_full,dispute resolution,"[""dispute resolution"", ""disputes"", ""dispute arbitration"", ""conflict resolution"", ""online services""]",5,0.002924203872680664,False,False,0.4666666666666666,0.37875527143478394,False,False,0.0
topic-2285,online shopping,internet shopping,embedding_output_index_full,internet shopping,"[""internet shopping"", ""online retail"", ""online business"", ""e-commerce"", ""online services""]",5,0.0022003650665283203,True,True,1.0,1.000000238418579,True,True,1.0
topic-6281,ontology,metaphysical study,embedding_output_index_full,knowledge systems,"[""knowledge systems"", ""science-philosophy interface"", ""machine semantics"", ""theory of knowledge"", ""scientific philosophy""]",5,0.0022187232971191406,False,False,0.41025641025641024,0.5119161009788513,False,False,0.0
topic-2616,cooperative information system development,Collaborative Information Systems Development,embedding_output_index_full,Collaborative Information Systems Development,"[""Collaborative Information Systems Development"", ""collaborative information systems"", ""collaborative systems"", ""information systems management"", ""collaborative work""]",5,0.0022742748260498047,True,True,1.0,1.0000001192092896,True,True,1.0
topic-3088,development economics,economic development,embedding_output_index_full,economic development,"[""economic development"", ""developing countries"", ""development"", ""global economics"", ""innovation economics""]",5,0.002204418182373047,True,True,1.0,1.0,True,True,1.0
topic-1659,developing countries,emerging economies,embedding_output_index_full,economic development,"[""economic development"", ""emerging economies"", ""development"", ""human development"", ""development theories""]",5,0.0022270679473876953,False,True,1.0,1.000000238418579,True,True,0.5
topic-1660,developing countries; economy,emerging economies,embedding_output_index_full,developing countries,"[""developing countries"", ""economic development"", ""emerging economies"", ""global economics"", ""local economic growth""]",5,0.0021970272064208984,False,True,1.0,1.000000238418579,True,True,0.3333333333333333
topic-13241,eye tracking,gaze tracking,embedding_output_index_full,gaze tracking,"[""gaze tracking"", ""facial cues"", ""sight perception"", ""human-computer interaction"", ""autonomous learning""]",5,0.0021877288818359375,True,True,1.0,1.0,True,True,1.0
topic-3385,Eastern Europe,East Europe,embedding_output_index_full,East Europe,"[""East Europe"", ""eurozone"", ""EU politics"", ""Latvian Republic"", ""Brabant region""]",5,0.0021867752075195312,True,True,1.0,1.000000238418579,True,True,1.0
topic-1665,public administration,public management,embedding_output_index_full,public management,"[""public management"", ""administration"", ""administrative organisation"", ""business administration"", ""public policy""]",5,0.0021741390228271484,True,True,1.0,1.0000001192092896,True,True,1.0
topic-1666,public finance,government finance,embedding_output_index_full,government finance,"[""government finance"", ""municipal finance"", ""financial economics"", ""financial policy"", ""business finance""]",5,0.002168416976928711,True,True,1.0,0.9999998807907104,True,True,1.0
topic-1667,public finance of local authorities,municipal finance,embedding_output_index_full,municipal finance,"[""municipal finance"", ""public finance"", ""government finance"", ""Municipal governance"", ""local government law""]",5,0.002252340316772461,True,True,1.0,1.0000001192092896,True,True,1.0
topic-2236,revelation,divine disclosure,embedding_output_index_full,rebirth,"[""rebirth"", ""Catastrophes"", ""doctrinal theology"", ""Christian unity"", ""divine disclosure""]",5,0.002274751663208008,False,True,1.0,1.0000001192092896,False,True,0.2
topic-3095,operations research,operational analysis,embedding_output_index_full,operational analysis,"[""operational analysis"", ""organizational studies"", ""logistics management"", ""personnel management"", ""corporate management""]",5,0.002349376678466797,True,True,1.0,1.000000238418579,True,True,1.0
topic-5941,options,financial derivatives,embedding_output_index_full,assistance,"[""assistance"", ""customization"", ""option valuation"", ""decision process"", ""guidance""]",5,0.002256155014038086,False,False,0.3783783783783784,0.29419368505477905,False,False,0.0
topic-1669,option pricing,option valuation,embedding_output_index_full,option valuation,"[""option valuation"", ""bidding"", ""business valuation"", ""asset valuation"", ""Bidding Theory""]",5,0.002292156219482422,True,True,1.0,1.0000001192092896,True,True,1.0
topic-3099,optimisation,improvement,embedding_output_index_full,process optimization,"[""process optimization"", ""decision analysis"", ""efficiency"", ""strategic planning"", ""computational mathematics""]",5,0.002239704132080078,False,False,0.3870967741935484,0.4821779131889343,False,False,0.0
topic-12402,parenting,child rearing,embedding_output_index_full,child rearing,"[""child rearing"", ""family sociology"", ""childbirth"", ""family law"", ""family economics""]",5,0.0022382736206054688,True,True,1.0,1.0,True,True,1.0
topic-1670,organisation,institution,embedding_output_index_full,administrative organisation,"[""administrative organisation"", ""organizational structure"", ""sociology of organizations"", ""mixed organization"", ""adaptive organizations""]",5,0.002251863479614258,False,False,0.48275862068965514,0.5380972623825073,False,False,0.0
topic-1671,organisation and management,business administration,embedding_output_index_full,corporate management,"[""corporate management"", ""administrative organisation"", ""organizational structure"", ""personnel management"", ""organizational studies""]",5,0.0022842884063720703,False,False,0.56,0.738761305809021,False,False,0.0
topic-16564,organizational commitment,workplace loyalty,embedding_output_index_full,organizational theory,"[""organizational theory"", ""organizational structure"", ""organizational transformation"", ""organizational growth"", ""organizational inclusivity""]",5,0.002250194549560547,False,False,0.42105263157894735,0.47729945182800293,False,False,0.0
topic-1960,organisational culture,corporate culture,embedding_output_index_full,corporate culture,"[""corporate culture"", ""sociology of organizations"", ""sociology of culture"", ""global culture"", ""cultural practices""]",5,0.002244234085083008,True,True,1.0,1.0,True,True,1.0
topic-3105,organizational design,organizational structure,embedding_output_index_full,organizational structure,"[""organizational structure"", ""organizational theory"", ""organizational studies"", ""organizational transformation"", ""organizational influence""]",5,0.0022401809692382812,True,True,1.0,1.0,True,True,1.0
topic-1672,organisational development,organizational growth,embedding_output_index_full,development,"[""development"", ""employee development"", ""organizational studies"", ""organizational structure"", ""organizational growth""]",5,0.0022394657135009766,False,True,1.0,1.0,False,True,0.2
topic-1673,organisational psychology,industrial psychology,embedding_output_index_full,work psychology,"[""work psychology"", ""organizational studies"", ""industrial psychology"", ""occupational psychology"", ""organizational theory""]",5,0.0022296905517578125,False,True,1.0,1.0000001192092896,True,True,0.3333333333333333
topic-7581,organisations,institutions,embedding_output_index_full,administrative organisation,"[""administrative organisation"", ""sociology of organizations"", ""organizational structure"", ""organizational studies"", ""adaptive organizations""]",5,0.002227306365966797,False,False,0.4705882352941176,0.489047110080719,False,False,0.0
topic-1674,organisational sociology,sociology of organizations,embedding_output_index_full,sociology of organizations,"[""sociology of organizations"", ""organizational studies"", ""family sociology"", ""organizational structure"", ""educational sociology""]",5,0.0038950443267822266,True,True,1.0,1.000000238418579,True,True,1.0
topic-3104,organisation theory,organizational theory,embedding_output_index_full,organizational theory,"[""organizational theory"", ""organizational structure"", ""organizational studies"", ""sociology of organizations"", ""institutional theory""]",5,0.0021965503692626953,True,True,1.0,1.0,True,True,1.0
topic-2266,organisational change,organizational transformation,embedding_output_index_full,organizational transformation,"[""organizational transformation"", ""adaptive organizations"", ""organizational growth"", ""organizational structure"", ""organizational studies""]",5,0.002197265625,True,True,1.0,1.0000001192092896,True,True,1.0
topic-6762,organisation studies,organizational studies,embedding_output_index_full,organizational studies,"[""organizational studies"", ""sociology of organizations"", ""organizational theory"", ""organizational structure"", ""corporate management""]",5,0.002167224884033203,True,True,1.0,1.000000238418579,True,True,1.0
topic-1676,old testament,Hebrew Bible,embedding_output_index_full,New Testament studies,"[""New Testament studies"", ""Hebrew Bible"", ""Christian Scriptures"", ""early Christian texts"", ""biblical studies""]",5,0.0023071765899658203,False,True,1.0,1.0,True,True,0.5
topic-2275,aging,growing old,embedding_output_index_full,population aging,"[""population aging"", ""growing old"", ""senior citizens"", ""cognitive decline"", ""long-term illnesses""]",5,0.0027093887329101562,False,True,1.0,1.0000001192092896,True,True,0.5
topic-9341,older workers,senior employees,embedding_output_index_full,senior employees,"[""senior employees"", ""senior citizens"", ""worker participation"", ""population aging"", ""labor unions""]",5,0.0022716522216796875,True,True,1.0,1.0,True,True,1.0
topic-7061,elderly people,senior citizens,embedding_output_index_full,senior citizens,"[""senior citizens"", ""population aging"", ""senior employees"", ""growing old"", ""intellectually disabled persons""]",5,0.0022385120391845703,True,True,1.0,1.000000238418579,True,True,1.0
topic-1678,government policy,public policy,embedding_output_index_full,public policy,"[""public policy"", ""policy analysis"", ""government economics"", ""budgetary policy"", ""government studies""]",5,0.002839326858520508,True,True,1.0,1.000000238418579,True,True,1.0
topic-6261,public economics,government economics,embedding_output_index_full,government economics,"[""government economics"", ""public finance"", ""individual economics"", ""national economics"", ""public policy""]",5,0.002213716506958008,True,True,1.0,1.0000001192092896,True,True,1.0
topic-1679,government finance,public finance,embedding_output_index_full,public finance,"[""public finance"", ""municipal finance"", ""government economics"", ""financial policy"", ""business finance""]",5,0.002232074737548828,True,True,1.0,1.0000001192092896,True,True,1.0
topic-1681,mergers,consolidations,embedding_output_index_full,corporate consolidation,"[""corporate consolidation"", ""consolidations"", ""deregulation"", ""union contracts"", ""strategic partnerships""]",5,0.0022296905517578125,False,True,1.0,1.0,True,True,0.5
topic-12321,minor mental disorders,emotional exhaustion,embedding_output_index_full,psychological disorders,"[""psychological disorders"", ""baby mental health"", ""psychological care"", ""attention deficit disorder"", ""mental processes""]",5,0.0022346973419189453,False,False,0.43478260869565216,0.4764466881752014,False,False,0.0
topic-1682,paneldata and latent variables,longitudinal data and hidden variables,embedding_output_index_full,longitudinal data and hidden variables,"[""longitudinal data and hidden variables"", ""hierarchical analysis"", ""government finance"", ""government sector"", ""income tax""]",5,0.0023412704467773438,True,True,1.0,1.000000238418579,True,True,1.0
topic-1683,pastoral psychology,Pastoral Counseling Psychology,embedding_output_index_full,Pastoral Counseling Psychology,"[""Pastoral Counseling Psychology"", ""sociology of pastoral care"", ""Catholic pastoral care"", ""religious psychology"", ""spiritual counseling""]",5,0.0022346973419189453,True,True,1.0,0.9999999403953552,True,True,1.0
topic-1684,pastoral sociology,sociology of pastoral care,embedding_output_index_full,sociology of pastoral care,"[""sociology of pastoral care"", ""Pastoral Counseling Psychology"", ""religious sociology"", ""Catholic pastoral care"", ""family sociology""]",5,0.0022182464599609375,True,True,1.0,1.0000001192092896,True,True,1.0
topic-1685,pastoral theology,spiritual care theology,embedding_output_index_full,Pastoral Counseling Psychology,"[""Pastoral Counseling Psychology"", ""Catholic pastoral care"", ""sociology of pastoral care"", ""theological literature"", ""liturgical theology""]",5,0.0022125244140625,False,False,0.6666666666666667,0.6950984001159668,False,False,0.0
topic-1891,priesthood/pastoral care,clerical ministry,embedding_output_index_full,Catholic pastoral care,"[""Catholic pastoral care"", ""sociology of pastoral care"", ""spiritual care theology"", ""Clergy"", ""Pastoral Counseling Psychology""]",5,0.003129720687866211,False,False,0.43478260869565216,0.7383109927177429,False,False,0.0
topic-363,pastoral counseling,spiritual counseling,embedding_output_index_full,Pastoral Counseling Psychology,"[""Pastoral Counseling Psychology"", ""spiritual counseling"", ""Catholic pastoral care"", ""sociology of pastoral care"", ""spiritual care theology""]",5,0.002224445343017578,False,True,1.0,1.0000001192092896,True,True,0.5
topic-2180,pastoral assistance,spiritual support,embedding_output_index_full,sociology of pastoral care,"[""sociology of pastoral care"", ""Catholic pastoral care"", ""Pastoral Counseling Psychology"", ""spiritual support"", ""Clergy""]",5,0.002199888229370117,False,True,1.0,1.0,False,True,0.25
topic-16922,Ecclesiastical Latin New Testament Greek,Patristic studies,embedding_output_index_full,ecclesiastical Latin,"[""ecclesiastical Latin"", ""ecclesiastical history"", ""ancient Hebrew"", ""New Testament studies"", ""ecclesiastical authority""]",5,0.002304553985595703,False,False,0.5789473684210527,0.44061559438705444,False,False,0.0
topic-15702,pensions,retirement benefits,embedding_output_index_full,retirement economics,"[""retirement economics"", ""retirement benefits"", ""financial policy"", ""welfare payments"", ""budgetary policy""]",5,0.0022177696228027344,False,True,1.0,1.0000001192092896,True,True,0.5
topic-15442,"pensions, pension deal, pensioenfondsen",retirement benefits,embedding_output_index_full,retirement economics,"[""retirement economics"", ""retirement benefits"", ""financial policy"", ""budgetary policy"", ""investment fund""]",5,0.0025787353515625,False,True,1.0,1.0000001192092896,True,True,0.5
topic-6061,perception,awareness,embedding_output_index_full,sight perception,"[""sight perception"", ""hearing perception"", ""cognitive psychology"", ""sensory awareness"", ""mental science""]",5,0.00243377685546875,False,False,0.6923076923076923,0.6843878030776978,False,False,0.0
topic-41,Personalization,customization,embedding_output_index_full,customization,"[""customization"", ""information modeling"", ""recommendation engine"", ""human-computer interaction"", ""collaborative information systems""]",5,0.0024209022521972656,True,True,1.0,1.0000001192092896,True,True,1.0
topic-1690,psychology of human resources,occupational psychology,embedding_output_index_full,work psychology,"[""work psychology"", ""occupational psychology"", ""industrial psychology"", ""global HR management"", ""philosophy of psychology""]",5,0.0024025440216064453,False,True,1.0,1.0,True,True,0.5
topic-8701,human resource development,employee development,embedding_output_index_full,employee development,"[""employee development"", ""human development"", ""global HR management"", ""skill development"", ""development""]",5,0.002438783645629883,True,True,1.0,1.0000001192092896,True,True,1.0
topic-1691,human resources sciences,personnel sciences,embedding_output_index_full,personnel sciences,"[""personnel sciences"", ""global HR management"", ""work psychology"", ""organizational studies"", ""personnel management""]",5,0.0023539066314697266,True,True,1.0,1.000000238418579,True,True,1.0
topic-1692,persons and family law,family law,embedding_output_index_full,family law,"[""family law"", ""domestic relations law"", ""marital property law"", ""civil law"", ""inheritance law""]",5,0.0023009777069091797,True,True,1.0,1.0000001192092896,True,True,1.0
topic-364,personal growth,self-improvement,embedding_output_index_full,organizational growth,"[""organizational growth"", ""growing old"", ""advancement"", ""quality of worklife"", ""self-improvement""]",5,0.0022678375244140625,False,True,1.0,1.0,False,True,0.2
topic-2226,personality,character,embedding_output_index_full,character,"[""character"", ""interpersonal psychology"", ""interpersonal skills"", ""emotional well-being"", ""psychological well-being""]",5,0.002239704132080078,True,True,1.0,1.0,True,True,1.0
topic-2124,personality and health,health psychology,embedding_output_index_full,health psychology,"[""health psychology"", ""psychological well-being"", ""emotional well-being"", ""well-being after cardiovascular diseases"", ""mental health and spirituality""]",5,0.002261638641357422,True,True,1.0,1.0,True,True,1.0
topic-10922,persuasive communication,persuasion,embedding_output_index_full,persuasive speech,"[""persuasive speech"", ""persuasion"", ""cross-cultural communication"", ""faith-based communication"", ""corporate communication ethics""]",5,0.0023148059844970703,False,True,1.0,1.0000001192092896,True,True,0.5
topic-5601,philosophy of mind,mental philosophy,embedding_output_index_full,mental philosophy,"[""mental philosophy"", ""philosophy of psychology"", ""mindset"", ""moral philosophy"", ""mental science""]",5,0.0022423267364501953,True,True,1.0,1.0,True,True,1.0
topic-1908,pluralism,diversity,embedding_output_index_full,cultural philosophy,"[""cultural philosophy"", ""moral philosophy"", ""mental philosophy"", ""diverse society"", ""allegories""]",5,0.0022323131561279297,False,False,0.75,0.7810331583023071,False,False,0.0
topic-4234,pastoral care,spiritual care,embedding_output_index_full,Catholic pastoral care,"[""Catholic pastoral care"", ""sociology of pastoral care"", ""Pastoral Counseling Psychology"", ""spiritual care theology"", ""spiritual care""]",5,0.0021975040435791016,False,True,1.0,1.0,False,True,0.2
topic-10961,consensus democracy,Consensus-based democracy,embedding_output_index_full,Consensus-based democracy,"[""Consensus-based democracy"", ""governance"", ""tactical voting"", ""community governance"", ""voting system""]",5,0.002196073532104492,True,True,1.0,1.0,True,True,1.0
topic-1694,political science,government studies,embedding_output_index_full,social science,"[""social science"", ""political theory"", ""political strategist"", ""government studies"", ""economic science""]",5,0.0023157596588134766,False,True,1.0,1.000000238418579,False,True,0.25
topic-1695,politics,governance,embedding_output_index_full,Political Groups,"[""Political Groups"", ""welfare politics"", ""political theory"", ""EU politics"", ""political strategist""]",5,0.002361297607421875,False,False,0.2666666666666667,0.4651460647583008,False,False,0.0
topic-1696,political and administrative crisis,governance crisis,embedding_output_index_full,governance crisis,"[""governance crisis"", ""administration"", ""bureaucratic reform"", ""administrative organisation"", ""public management""]",5,0.0024347305297851562,True,True,1.0,1.0,True,True,1.0
topic-1697,political philosophy / political ethics,political theory,embedding_output_index_full,political-economic ethics,"[""political-economic ethics"", ""moral philosophy"", ""social ethics"", ""legal philosophy"", ""religious philosophy""]",5,0.0030663013458251953,False,False,0.5853658536585367,0.46794670820236206,False,False,0.0
topic-1698,political parties,Political Groups,embedding_output_index_full,Political Groups,"[""Political Groups"", ""political theory"", ""political strategist"", ""popular government"", ""welfare politics""]",5,0.002263784408569336,True,True,1.0,1.0,True,True,1.0
topic-3370,portfolio theory,investment theory,embedding_output_index_full,investment theory,"[""investment theory"", ""economic theory"", ""Investor psychology"", ""financial economics"", ""investing""]",5,0.0022449493408203125,True,True,1.0,1.0000001192092896,True,True,1.0
topic-2168,postmodernism,post-structuralism,embedding_output_index_full,postmodern theorist,"[""postmodern theorist"", ""post-structuralism"", ""modernisation"", ""social unity"", ""cyber culture""]",5,0.002268552780151367,False,True,1.0,1.0000001192092896,True,True,0.5
topic-1701,practical theology,applied theology,embedding_output_index_full,applied theology,"[""applied theology"", ""modern theological themes"", ""doctrinal theology"", ""theological representations"", ""theological literature""]",5,0.0022449493408203125,True,True,1.0,1.0,True,True,1.0
topic-15522,performance indicators,performance metrics,embedding_output_index_full,performance metrics,"[""performance metrics"", ""business analytics"", ""efficiency"", ""assessment"", ""operational analysis""]",5,0.002628803253173828,True,True,1.0,0.9999999403953552,True,True,1.0
topic-1702,private law,civil law,embedding_output_index_full,EU private law,"[""EU private law"", ""corporate law"", ""business law"", ""civil law"", ""global public law""]",5,0.0022525787353515625,False,True,1.0,1.000000238418579,False,True,0.25
topic-1704,privacy,confidentiality,embedding_output_index_full,confidentiality,"[""confidentiality"", ""external disclosure"", ""public-private divide"", ""cybercrime"", ""flexible security""]",5,0.0022683143615722656,True,True,1.0,0.9999999403953552,True,True,1.0
topic-3126,privatization,deregulation,embedding_output_index_full,corporate consolidation,"[""corporate consolidation"", ""governance"", ""government economics"", ""governance crisis"", ""managerial economics""]",5,0.0028324127197265625,False,False,0.45714285714285713,0.4110724925994873,False,False,0.0
topic-1705,procedural law,legal procedure,embedding_output_index_full,criminal procedural law,"[""criminal procedural law"", ""Empirical jurisprudence"", ""legal procedure"", ""business law"", ""school law""]",5,0.002234935760498047,False,True,1.0,1.0,True,True,0.3333333333333333
topic-1707,production management,manufacturing process management,embedding_output_index_full,manufacturing process management,"[""manufacturing process management"", ""supply chain management"", ""corporate management"", ""logistics management"", ""personnel management""]",5,0.0022280216217041016,True,True,1.0,1.0,True,True,1.0
topic-3127,productivity,efficiency,embedding_output_index_full,efficiency,"[""efficiency"", ""work quality"", ""organizational growth"", ""industrial economics"", ""advancement""]",5,0.002228975296020508,True,True,1.0,1.0000001192092896,True,True,1.0
topic-7062,professionalisation,skill development,embedding_output_index_full,professional ethics,"[""professional ethics"", ""modernisation"", ""divinity studies"", ""schooling"", ""advancement""]",5,0.0022046566009521484,False,False,0.5,0.4854905605316162,False,False,0.0
topic-3130,programming,coding,embedding_output_index_full,coding,"[""coding"", ""computing systems"", ""software applications"", ""computational mathematics"", ""development""]",5,0.002749919891357422,True,True,1.0,1.0,True,True,1.0
topic-11671,psychiatry and religion,mental health and spirituality,embedding_output_index_full,religious psychology,"[""religious psychology"", ""mental health and spirituality"", ""religious philosophy"", ""religious sociology"", ""religious studies""]",5,0.00220489501953125,False,True,1.0,1.000000238418579,True,True,0.5
topic-6721,mental disorders,psychological disorders,embedding_output_index_full,psychological disorders,"[""psychological disorders"", ""baby mental health"", ""psychological care"", ""mental science"", ""mental processes""]",5,0.005518198013305664,True,True,1.0,1.000000238418579,True,True,1.0
topic-9961,psycho-oncology,cancer psychology,embedding_output_index_full,cancer psychology,"[""cancer psychology"", ""psychological care"", ""health psychology"", ""psychological disorders"", ""philosophy of psychology""]",5,0.002489328384399414,True,True,1.0,1.000000238418579,True,True,1.0
topic-2097,psychopharmacology,neuropharmacology,embedding_output_index_full,neuropharmacology,"[""neuropharmacology"", ""neuropsychological therapy"", ""psychological disorders"", ""mind-body medicine"", ""physiological psychology""]",5,0.0035953521728515625,True,True,1.0,0.9999998807907104,True,True,1.0
topic-2101,psychophysiology,physiological psychology,embedding_output_index_full,physiological psychology,"[""physiological psychology"", ""neural physiology"", ""brain-behavior science"", ""psycholinguistics"", ""mental processes""]",5,0.002322673797607422,True,True,1.0,1.0000001192092896,True,True,1.0
topic-1711,psycholinguistics,language psychology,embedding_output_index_full,language psychology,"[""language psychology"", ""linguistic behavior"", ""language cognition"", ""linguistic morphology"", ""linguistic philosophy""]",5,0.0022497177124023438,True,True,1.0,1.000000238418579,True,True,1.0
topic-1712,psychology,mental science,embedding_output_index_full,cognitive psychology,"[""cognitive psychology"", ""philosophy of psychology"", ""theoretical psychology"", ""basics of psychology"", ""health psychology""]",5,0.0023691654205322266,False,False,0.38888888888888884,0.7141884565353394,False,False,0.0
topic-16563,psychological contract,implicit agreement,embedding_output_index_full,social contract,"[""social contract"", ""psychological care"", ""contract law"", ""psychological disorders"", ""Behavioral finance""]",5,0.0022346973419189453,False,False,0.4444444444444444,0.255795955657959,False,False,0.0
topic-2214,psychological marketing,consumer psychology,embedding_output_index_full,advertising psychology,"[""advertising psychology"", ""consumer psychology"", ""marketing strategy"", ""ethical marketing"", ""psychological disorders""]",5,0.0022246837615966797,False,True,1.0,1.0,True,True,0.5
topic-15742,psychometrics,psychological measurement,embedding_output_index_full,psychological measurement,"[""psychological measurement"", ""cognitive psychology"", ""cognitive studies"", ""research methods and statistics"", ""cognitive psychology theory""]",5,0.002229928970336914,True,True,1.0,1.000000238418579,True,True,1.0
topic-1714,psychonomics,cognitive psychology,embedding_output_index_full,mental science,"[""mental science"", ""physiological psychology"", ""industrial psychology"", ""health psychology"", ""psychological disorders""]",5,0.002283811569213867,False,False,0.6829268292682926,0.7141884565353394,False,False,0.0
topic-1715,psychosomatics,mind-body medicine,embedding_output_index_full,mental science,"[""mental science"", ""psychological disorders"", ""philosophy of psychology"", ""cognitive psychology"", ""occupational psychology""]",5,0.002223968505859375,False,False,0.4375,0.4143422245979309,False,False,0.0
topic-1716,psychotherapy,talk therapy,embedding_output_index_full,talk therapy,"[""talk therapy"", ""psychological disorders"", ""psychological care"", ""neuropsychological therapy"", ""spiritual counseling""]",5,0.002229928970336914,True,True,1.0,1.0000001192092896,True,True,1.0
topic-17222,public/private distinction,public-private divide,embedding_output_index_full,public-private divide,"[""public-private divide"", ""public involvement"", ""public management"", ""public finance"", ""public policy""]",5,0.0022492408752441406,True,True,1.0,1.000000238418579,True,True,1.0
topic-1717,public sector,government sector,embedding_output_index_full,government sector,"[""government sector"", ""public management"", ""service sector"", ""charitable sector"", ""public policy""]",5,0.0027747154235839844,True,True,1.0,1.000000238418579,True,True,1.0
topic-11241,disasters,Catastrophes,embedding_output_index_full,Catastrophes,"[""Catastrophes"", ""survivors"", ""humanitarian aid"", ""refugees"", ""economic meltdown""]",5,0.002402782440185547,True,True,1.0,1.000000238418579,True,True,1.0
topic-5635,rawls,John Rawls' theories,embedding_output_index_full,John Rawls' theories,"[""John Rawls' theories"", ""plainchant"", ""ICCt"", ""Matthew, James, and Didache"", ""IdM""]",5,0.0023081302642822266,True,True,1.0,0.9999999403953552,True,True,1.0
topic-12042,law and economics,economic law,embedding_output_index_full,economic law,"[""economic law"", ""government economics"", ""economic science"", ""business law"", ""regulatory economics""]",5,0.002323150634765625,True,True,1.0,1.0,True,True,1.0
topic-1719,law and informatization/computerization,legal informatics,embedding_output_index_full,legal informatics,"[""legal informatics"", ""data law"", ""Empirical jurisprudence"", ""IT law"", ""business law""]",5,0.0024056434631347656,True,True,1.0,1.0000001192092896,True,True,1.0
topic-9463,judiciary system,judiciary,embedding_output_index_full,judiciary,"[""judiciary"", ""judicial performance"", ""jurisprudence"", ""legal governance"", ""South African legal system""]",5,0.002490520477294922,True,True,1.0,0.9999999403953552,True,True,1.0
topic-2248,legal principles,legal doctrines,embedding_output_index_full,legal doctrines,"[""legal doctrines"", ""legal theory"", ""legal philosophy"", ""principles of European legal development"", ""jurisprudence""]",5,0.0023086071014404297,True,True,1.0,1.000000238418579,True,True,1.0
topic-1721,philosophy of law,legal philosophy,embedding_output_index_full,legal philosophy,"[""legal philosophy"", ""jurisprudence"", ""legal theory"", ""Empirical jurisprudence"", ""moral philosophy""]",5,0.0022454261779785156,True,True,1.0,0.9999998807907104,True,True,1.0
topic-1722,history of law,legal history,embedding_output_index_full,legal history,"[""legal history"", ""history of constitutional law"", ""international legal history"", ""jurisprudence"", ""legal theory""]",5,0.0033309459686279297,True,True,1.0,1.0000001192092896,True,True,1.0
topic-1723,computer science law,IT law,embedding_output_index_full,IT law,"[""IT law"", ""data law"", ""business law"", ""legal informatics"", ""corporate law""]",5,0.0022144317626953125,True,True,1.0,1.0000001192092896,True,True,1.0
topic-1724,legal persons law,corporate law,embedding_output_index_full,civil law,"[""civil law"", ""legal philosophy"", ""criminal procedural law"", ""jurisprudence"", ""business law""]",5,0.0022497177124023438,False,False,0.5555555555555556,0.8244168758392334,False,False,0.0
topic-1725,sociology of law,legal sociology,embedding_output_index_full,legal sociology,"[""legal sociology"", ""jurisprudence"", ""Civil law methodology"", ""family law"", ""legal philosophy""]",5,0.0022127628326416016,True,True,1.0,1.0,True,True,1.0
topic-2186,rule of law,legal governance,embedding_output_index_full,business law,"[""business law"", ""economic law"", ""regulatory law"", ""IT law"", ""medical law""]",5,0.0028595924377441406,False,False,0.4,0.5610058903694153,False,False,0.0
topic-1726,legal theory,jurisprudence,embedding_output_index_full,legal philosophy,"[""legal philosophy"", ""legal history"", ""jurisprudence"", ""political theory"", ""legal sociology""]",5,0.0029408931732177734,False,True,1.0,1.0000001192092896,True,True,0.3333333333333333
topic-1727,comparative law,legal comparison,embedding_output_index_full,legal comparison,"[""legal comparison"", ""economic law"", ""ecological law"", ""global law"", ""Empirical jurisprudence""]",5,0.0022122859954833984,True,True,1.0,1.0,True,True,1.0
topic-1728,judicial construction,legal interpretation,embedding_output_index_full,judiciary,"[""judiciary"", ""judicial performance"", ""jurisprudence"", ""legal governance"", ""Empirical jurisprudence""]",5,0.0022003650665283203,False,False,0.5555555555555556,0.5310909748077393,False,False,0.0
topic-2058,advertising,promotion,embedding_output_index_full,advertising psychology,"[""advertising psychology"", ""commercial dealings"", ""commercial policy"", ""service promotion"", ""marketing strategy""]",5,0.0033702850341796875,False,False,0.6923076923076923,0.8151779770851135,False,False,0.0
topic-1996,advertising and ethics,ethical marketing,embedding_output_index_full,ethical marketing,"[""ethical marketing"", ""advertising psychology"", ""commercial dealings"", ""corporate communication ethics"", ""commercial policy""]",5,0.0022280216217041016,True,True,1.0,0.9999999403953552,True,True,1.0
topic-2209,psychology of advertising,advertising psychology,embedding_output_index_full,advertising psychology,"[""advertising psychology"", ""consumer psychology"", ""ethical marketing"", ""marketing strategy"", ""behavioral economics""]",5,0.002172708511352539,True,True,1.0,1.0,True,True,1.0
topic-4641,recreation,leisure activities,embedding_output_index_full,recreation studies,"[""recreation studies"", ""leisure activities"", ""rehabilitation"", ""volunteer service"", ""cultural adaptation""]",5,0.002207040786743164,False,True,1.0,1.0,True,True,0.5
topic-5626,reductionism,simplification,embedding_output_index_full,destitution,"[""destitution"", ""post-structuralism"", ""radical critique"", ""political theory"", ""scientific philosophy""]",5,0.0021696090698242188,False,False,0.5333333333333333,0.2894379496574402,False,False,0.0
topic-10481,reflection,contemplation,embedding_output_index_full,reflective awareness,"[""reflective awareness"", ""metaphysics"", ""imitative representation"", ""metaphysical study"", ""orthography""]",5,0.0021927356719970703,False,False,0.4324324324324324,0.4344273507595062,False,False,0.0
topic-5640,regional governance,regional administration,embedding_output_index_full,regional administration,"[""regional administration"", ""governance"", ""community governance"", ""Municipal governance"", ""governance crisis""]",5,0.002324342727661133,True,True,1.0,1.0,True,True,1.0
topic-1729,regional economics,local economics,embedding_output_index_full,local economics,"[""local economics"", ""spatial economics"", ""local economic growth"", ""national economics"", ""global economics""]",5,0.002285003662109375,True,True,1.0,1.0000001192092896,True,True,1.0
topic-2150,regional economic development,local economic growth,embedding_output_index_full,economic development,"[""economic development"", ""local economic growth"", ""local economics"", ""developing countries"", ""emerging economies""]",5,0.002269744873046875,False,True,1.0,1.0,True,True,0.5
topic-3602,regional history,local history,embedding_output_index_full,local history,"[""local history"", ""city history"", ""Regional language and society"", ""social and cultural history"", ""regional administration""]",5,0.0022389888763427734,True,True,1.0,1.0,True,True,1.0
topic-12205,regulation of new technologies,technology oversight,embedding_output_index_full,technology oversight,"[""technology oversight"", ""regulatory law"", ""tech ethics"", ""internet technology"", ""innovation economics""]",5,0.0031011104583740234,True,True,1.0,1.0,True,True,1.0
topic-7341,relationship between judaism and christianity,Judeo-Christian relations,embedding_output_index_full,early Christian teachings and Judaism,"[""early Christian teachings and Judaism"", ""ancient Jewish religion"", ""contemporary Judaism"", ""modern Jewish history"", ""Judeo-Christian relations""]",5,0.002357959747314453,False,True,1.0,1.0,False,True,0.2
topic-1730,relations law (*),family law,embedding_output_index_full,domestic relations law,"[""domestic relations law"", ""interfaith relations"", ""jurisprudence"", ""family law"", ""business law""]",5,0.002348661422729492,False,True,1.0,1.0,False,True,0.25
topic-881,religion,religious tradition,embedding_output_index_full,religious philosophy,"[""religious philosophy"", ""religious psychology"", ""faith"", ""religious sociology"", ""Christian worship""]",5,0.003000974655151367,False,False,0.631578947368421,0.5909130573272705,False,False,0.0
topic-4664,religious fundamentalism,religious extremism,embedding_output_index_full,religious philosophy,"[""religious philosophy"", ""religious psychology"", ""religious sociology"", ""religious observance and secularism"", ""religious extremism""]",5,0.0024967193603515625,False,True,1.0,1.0,False,True,0.2
topic-2291,religious leadership,spiritual leadership,embedding_output_index_full,spiritual leadership,"[""spiritual leadership"", ""Ecclesiastical leadership"", ""religious psychology"", ""religious philosophy"", ""religious sociology""]",5,0.002312183380126953,True,True,1.0,1.0000001192092896,True,True,1.0
topic-1889,religious communication,faith-based communication,embedding_output_index_full,faith-based communication,"[""faith-based communication"", ""religious psychology"", ""religious ceremonies"", ""religious sociology"", ""religious education theory""]",5,0.0022292137145996094,True,True,1.0,1.000000238418579,True,True,1.0
topic-2088,religious market,faith marketplace,embedding_output_index_full,faith marketplace,"[""faith marketplace"", ""religious studies"", ""religious sociology"", ""religious psychology"", ""Christian cultural studies""]",5,0.0022253990173339844,True,True,1.0,1.000000238418579,True,True,1.0
topic-7684,religious associations,faith-based groups,embedding_output_index_full,religious sociology,"[""religious sociology"", ""alternative religious groups"", ""religious studies"", ""religious psychology"", ""religious observance and secularism""]",5,0.0032091140747070312,False,False,0.4782608695652174,0.6465690732002258,False,False,0.0
topic-8822,catholic care and its tradition,Catholic pastoral care,embedding_output_index_full,Catholic pastoral care,"[""Catholic pastoral care"", ""religious tradition"", ""modern Catholic history"", ""current liturgical practice"", ""spiritual care theology""]",5,0.0023005008697509766,True,True,1.0,1.0,True,True,1.0
topic-11601,reorganizations,reorganisation,embedding_output_index_full,reorganisation,"[""reorganisation"", ""consolidations"", ""corporate consolidation"", ""organizational transformation"", ""bureaucratic reform""]",5,0.0022110939025878906,True,True,1.0,0.9999998211860657,True,True,1.0
topic-12601,representation,advocacy,embedding_output_index_full,imitative representation,"[""imitative representation"", ""character"", ""theological representations"", ""coding"", ""written works""]",5,0.0021953582763671875,False,False,0.3529411764705882,0.28706735372543335,False,False,0.0
topic-1732,rethorics,persuasive speech,embedding_output_index_full,authority,"[""authority"", ""institution"", ""reorganisation"", ""jurisprudence"", ""administration""]",5,0.0022389888763427734,False,False,0.4,0.2397124469280243,False,False,0.0
topic-2161,convalescence,recovery,embedding_output_index_full,interfaith relations,"[""interfaith relations"", ""conflict resolution"", ""hostility"", ""contemplation"", ""disputes""]",5,0.002320528030395508,False,False,0.2857142857142857,0.28490176796913147,False,False,0.0
topic-10903,rfid,radio-frequency identification,embedding_output_index_full,radio-frequency identification,"[""radio-frequency identification"", ""location data"", ""electronic library"", ""information and communication technology"", ""internet technology""]",5,0.003107786178588867,True,True,1.0,1.0,True,True,1.0
topic-3151,risk models,risk assessment models,embedding_output_index_full,risk assessment models,"[""risk assessment models"", ""risk management"", ""financial modeling"", ""economic modeling"", ""cross-generational risk distribution""]",5,0.0022313594818115234,True,True,1.0,1.0,True,True,1.0
topic-12203,risk regulation,risk management,embedding_output_index_full,financial regulation,"[""financial regulation"", ""risk management"", ""regulatory law"", ""regulatory economics"", ""financial policy""]",5,0.0028519630432128906,False,True,1.0,1.000000238418579,True,True,0.5
topic-4701,ritual studies,ritual analysis,embedding_output_index_full,ritual analysis,"[""ritual analysis"", ""religious ceremonies"", ""ceremonies"", ""religious studies"", ""religious tradition""]",5,0.0023980140686035156,True,True,1.0,1.0,True,True,1.0
topic-2190,rituals,ceremonies,embedding_output_index_full,ritual analysis,"[""ritual analysis"", ""religious ceremonies"", ""ceremonies"", ""religious tradition"", ""current liturgical practice""]",5,0.002243518829345703,False,True,1.0,1.0,True,True,0.3333333333333333
topic-2178,mourning,grieving,embedding_output_index_full,grieving,"[""grieving"", ""melancholy"", ""remembrance"", ""emotional exhaustion"", ""exhaustion""]",5,0.002262592315673828,True,True,1.0,1.0000001192092896,True,True,1.0
topic-621,spatial information / geographical information,location data,embedding_output_index_full,location data,"[""location data"", ""spatial economics"", ""information search"", ""information processing"", ""information modeling""]",5,0.002309560775756836,True,True,1.0,1.0,True,True,1.0
topic-1736,sacramental theology,sacramentology,embedding_output_index_full,liturgical theology,"[""liturgical theology"", ""doctrinal theology"", ""applied theology"", ""religious ceremonies"", ""ecclesiastical authority""]",5,0.002211332321166992,False,False,0.5625,0.2545372545719147,False,False,0.0
topic-12301,collaborative learning,cooperative learning,embedding_output_index_full,cooperative learning,"[""cooperative learning"", ""collaborative work"", ""collaborative systems"", ""collaborative networks"", ""collaborative information systems""]",5,0.0022084712982177734,True,True,1.0,0.9999999403953552,True,True,1.0
topic-17102,Collaboration,Cooperation,embedding_output_index_full,collaborative work,"[""collaborative work"", ""Cooperation"", ""collaborative systems"", ""collaborative networks"", ""collaborative information systems""]",5,0.0022056102752685547,False,True,1.0,1.0000001192092896,True,True,0.5
topic-2293,shame,embarrassment,embedding_output_index_full,good news,"[""good news"", ""worry"", ""Christ"", ""embarrassment"", ""feelings""]",5,0.002247333526611328,False,True,1.0,1.0,False,True,0.25
topic-3156,estimation theory,parameter estimation,embedding_output_index_full,estimation,"[""estimation"", ""parameter estimation"", ""prediction"", ""Bayesian inference"", ""economic theory""]",5,0.0022089481353759766,False,True,1.0,1.0,True,True,0.5
topic-4255,creation (stories of the),origin myths,embedding_output_index_full,origin myths,"[""origin myths"", ""rebirth"", ""ethnographics"", ""conceptions of God"", ""scriptural literature""]",5,0.0022678375244140625,True,True,1.0,1.0000001192092896,True,True,1.0
topic-1739,writing methods/processes/techniques,writing strategies,embedding_output_index_full,writing strategies,"[""writing strategies"", ""research methods"", ""study methods"", ""instructional materials"", ""statistical techniques""]",5,0.002274751663208008,True,True,1.0,1.0,True,True,1.0
topic-4721,guilt,remorse,embedding_output_index_full,egoism and guilt,"[""egoism and guilt"", ""remorse"", ""self-control"", ""corporate conscience"", ""embarrassment""]",5,0.0021636486053466797,False,True,1.0,1.0,True,True,0.5
topic-1888,guilt and sin,moral culpability,embedding_output_index_full,egoism and guilt,"[""egoism and guilt"", ""remorse"", ""moral philosophy"", ""moral culpability"", ""religious psychology""]",5,0.0022966861724853516,False,True,1.0,1.0,False,True,0.25
topic-6921,gender,sex,embedding_output_index_full,gender theology,"[""gender theology"", ""gender disparities"", ""sex"", ""women's liberation"", ""cultural variety""]",5,0.00262451171875,False,True,1.0,1.000000238418579,True,True,0.3333333333333333
topic-2205,gender differences,gender disparities,embedding_output_index_full,gender disparities,"[""gender disparities"", ""gender theology"", ""cross-cultural differences"", ""women's liberation"", ""cultural variety""]",5,0.002244710922241211,True,True,1.0,1.0,True,True,1.0
topic-2087,sects and new religious movements,alternative religious groups,embedding_output_index_full,alternative religious groups,"[""alternative religious groups"", ""religious sociology"", ""religious extremism"", ""religious observance and secularism"", ""faith-based groups""]",5,0.003072977066040039,True,True,1.0,1.0,True,True,1.0
topic-1743,semantics,meaning analysis,embedding_output_index_full,machine semantics,"[""machine semantics"", ""linguistic philosophy"", ""linguistic behavior"", ""ontology"", ""reasoning""]",5,0.003056049346923828,False,False,0.5454545454545454,0.3648569583892822,False,False,0.0
topic-1744,semiotics,sign theory,embedding_output_index_full,social linguistics,"[""social linguistics"", ""practical linguistics"", ""linguistic morphology"", ""critical theorist"", ""computational linguistics""]",5,0.002629518508911133,False,False,0.5,0.1761469841003418,False,False,0.0
topic-15462,Service-Oriented Computing,service-based computing,embedding_output_index_full,service-based computing,"[""service-based computing"", ""computing systems"", ""service sector"", ""online services"", ""data management systems""]",5,0.002591848373413086,True,True,1.0,1.0000001192092896,True,True,1.0
topic-1745,simulation,imitative representation,embedding_output_index_full,business simulations,"[""business simulations"", ""computational modeling"", ""computational models"", ""Systems modeling"", ""three-part model""]",5,0.002267122268676758,False,False,0.40909090909090906,0.24629926681518555,False,False,0.0
topic-13621,victims,survivors,embedding_output_index_full,study of victims,"[""study of victims"", ""survivors"", ""refugees"", ""grieving"", ""mercy killing""]",5,0.0022339820861816406,False,True,1.0,1.0000001192092896,True,True,0.5
topic-4233,social capital,social networks,embedding_output_index_full,social unity,"[""social unity"", ""social hierarchy"", ""social exclusion"", ""social science"", ""social ethics""]",5,0.003030061721801758,False,False,0.7142857142857143,0.5602798461914062,False,False,0.0
topic-12482,social network analysis,network analysis,embedding_output_index_full,social networks,"[""social networks"", ""network analysis"", ""collaborative networks"", ""social hierarchy"", ""data analysis""]",5,0.0022194385528564453,False,True,1.0,0.9999998211860657,True,True,0.5
topic-321,social law,welfare law,embedding_output_index_full,civil law,"[""civil law"", ""welfare law"", ""social contract"", ""legal sociology"", ""family law""]",5,0.0022246837615966797,False,True,1.0,1.000000238418579,True,True,0.5
topic-1746,social law,welfare law,embedding_output_index_full,civil law,"[""civil law"", ""welfare law"", ""social contract"", ""legal sociology"", ""family law""]",5,0.002191781997680664,False,True,1.0,1.000000238418579,True,True,0.5
topic-12861,social classification,social categorization,embedding_output_index_full,social categorization,"[""social categorization"", ""social science"", ""social hierarchy"", ""social networks"", ""social unity""]",5,0.002176046371459961,True,True,1.0,1.000000238418579,True,True,1.0
topic-11841,social cognition,Social understanding,embedding_output_index_full,Social understanding,"[""Social understanding"", ""cognitive psychology"", ""cognitive psychology theory"", ""language cognition"", ""social categorization""]",5,0.002193927764892578,True,True,1.0,1.0,True,True,1.0
topic-5301,social cohesion,social unity,embedding_output_index_full,social unity,"[""social unity"", ""social hierarchy"", ""social theories"", ""Social understanding"", ""social exclusion""]",5,0.002733469009399414,True,True,1.0,0.9999998807907104,True,True,1.0
topic-11642,social dilemmas,collective action problem,embedding_output_index_full,social ethics,"[""social ethics"", ""social exclusion"", ""social disparity"", ""social theories"", ""Social understanding""]",5,0.002201080322265625,False,False,0.4,0.3877837061882019,False,False,0.0
topic-1754,social philosophy / social ethics,social ethics,embedding_output_index_full,social ethics,"[""social ethics"", ""moral philosophy"", ""Community-based philosophy"", ""cultural philosophy"", ""religious philosophy""]",5,0.002857685089111328,True,True,1.0,1.0,True,True,1.0
topic-7461,social inequality,social disparity,embedding_output_index_full,social disparity,"[""social disparity"", ""social exclusion"", ""social unity"", ""social science"", ""welfare""]",5,0.0023789405822753906,True,True,1.0,0.9999998211860657,True,True,1.0
topic-1758,social politics,welfare politics,embedding_output_index_full,social science,"[""social science"", ""welfare politics"", ""Political Groups"", ""social ethics"", ""political theory""]",5,0.002267599105834961,False,True,1.0,1.0000001192092896,True,True,0.5
topic-13541,social processes,interpersonal process,embedding_output_index_full,interpersonal process,"[""interpersonal process"", ""mental processes"", ""social theories"", ""Social understanding"", ""social science""]",5,0.003143787384033203,True,True,1.0,1.0,True,True,1.0
topic-1759,social psychology,interpersonal psychology,embedding_output_index_full,interpersonal psychology,"[""interpersonal psychology"", ""theoretical psychology"", ""Social understanding"", ""philosophy of psychology"", ""social science""]",5,0.0022306442260742188,True,True,1.0,0.9999999403953552,True,True,1.0
topic-2018,social justice,equitable justice,embedding_output_index_full,social ethics,"[""social ethics"", ""equitable justice"", ""social unity"", ""social science"", ""social exclusion""]",5,0.002298116683959961,False,True,1.0,1.000000238418579,True,True,0.5
topic-9281,social exclusion,marginalization,embedding_output_index_full,social disparity,"[""social disparity"", ""social unity"", ""social theories"", ""social hierarchy"", ""social ethics""]",5,0.0032248497009277344,False,False,0.3870967741935484,0.3462989628314972,False,False,0.0
topic-1760,social security,welfare system,embedding_output_index_full,global social security law,"[""global social security law"", ""retirement benefits"", ""social contract"", ""retirement economics"", ""welfare payments""]",5,0.0022430419921875,False,False,0.6666666666666667,0.7770323157310486,False,False,0.0
topic-5403,social security principles,welfare principles,embedding_output_index_full,global social security law,"[""global social security law"", ""welfare principles"", ""retirement benefits"", ""social contract"", ""welfare system""]",5,0.0022461414337158203,False,True,1.0,0.9999999403953552,True,True,0.5
topic-1762,social security law,welfare law,embedding_output_index_full,global social security law,"[""global social security law"", ""social contract"", ""welfare law"", ""retirement benefits"", ""employment law""]",5,0.0022382736206054688,False,True,1.0,1.000000238418579,True,True,0.3333333333333333
topic-3970,"social security law, international",global social security law,embedding_output_index_full,global social security law,"[""global social security law"", ""social contract"", ""immigration law"", ""global employment law"", ""international legal history""]",5,0.002337932586669922,True,True,1.0,0.9999999403953552,True,True,1.0
topic-1765,sociolinguistics,social linguistics,embedding_output_index_full,social linguistics,"[""social linguistics"", ""psycholinguistics"", ""linguistic behavior"", ""linguistic morphology"", ""language psychology""]",5,0.003318309783935547,True,True,1.0,0.9999998211860657,True,True,1.0
topic-1766,sociology,social science,embedding_output_index_full,family sociology,"[""family sociology"", ""sociology of organizations"", ""educational sociology"", ""legal sociology"", ""sociology of culture""]",5,0.0023603439331054688,False,False,0.4705882352941176,0.618462324142456,False,False,0.0
topic-842,Sociology,social science,embedding_output_index_full,family sociology,"[""family sociology"", ""sociology of organizations"", ""educational sociology"", ""legal sociology"", ""sociology of culture""]",5,0.0022144317626953125,False,False,0.4705882352941176,0.618462324142456,False,False,0.0
topic-1768,sociological theories,social theories,embedding_output_index_full,social theories,"[""social theories"", ""organizational theory"", ""political theory"", ""family sociology"", ""sociology of organizations""]",5,0.0041351318359375,True,True,1.0,1.0,True,True,1.0
topic-8622,soft law,non-binding guidelines,embedding_output_index_full,fundamental law,"[""fundamental law"", ""global law"", ""economic law"", ""business law"", ""IT law""]",5,0.002362966537475586,False,False,0.3529411764705882,0.2527844309806824,False,False,0.0
topic-9441,solidarity,unity,embedding_output_index_full,social unity,"[""social unity"", ""welfare"", ""Cooperation"", ""Christian unity"", ""diverse society""]",5,0.002275228500366211,False,False,0.5882352941176471,0.604961633682251,False,False,0.0
topic-1769,spanish,Castilian,embedding_output_index_full,the English language,"[""the English language"", ""Dutch language"", ""minority languages"", ""language science"", ""nationality""]",5,0.0023202896118164062,False,False,0.5,0.36851316690444946,False,False,0.0
topic-1770,spelling,orthography,embedding_output_index_full,the English language,"[""the English language"", ""language science"", ""Tamazight"", ""speech"", ""linguistic morphology""]",5,0.0025396347045898438,False,False,0.375,0.32430553436279297,False,False,0.0
topic-1771,game theory,strategic interaction theory,embedding_output_index_full,evolving game theory,"[""evolving game theory"", ""collaborative game theory"", ""strategic interaction theory"", ""economic theory"", ""political theory""]",5,0.0022814273834228516,False,True,1.0,0.9999999403953552,True,True,0.3333333333333333
topic-7262,spirituality,spiritual life,embedding_output_index_full,spiritual life,"[""spiritual life"", ""mental health and spirituality"", ""spiritual care"", ""spiritual counseling"", ""spiritual support""]",5,0.0022373199462890625,True,True,1.0,1.000000238418579,True,True,1.0
topic-3185,speech technology,voice technology,embedding_output_index_full,voice technology,"[""voice technology"", ""speech-enabled computer"", ""speech"", ""information and communication technology"", ""information technology""]",5,0.00223541259765625,True,True,1.0,1.0,True,True,1.0
topic-3188,talking computer,speech-enabled computer,embedding_output_index_full,speech-enabled computer,"[""speech-enabled computer"", ""human-computer interaction"", ""voice technology"", ""speech"", ""talk therapy""]",5,0.002303600311279297,True,True,1.0,0.9999998807907104,True,True,1.0
topic-1773,municipal law,local government law,embedding_output_index_full,local government law,"[""local government law"", ""Municipal governance"", ""municipal finance"", ""city planning regulations"", ""civil law""]",5,0.0024175643920898438,True,True,1.0,1.0000001192092896,True,True,1.0
topic-10941,urban governance,Municipal governance,embedding_output_index_full,Municipal governance,"[""Municipal governance"", ""governance"", ""community governance"", ""city planning"", ""Participatory governance""]",5,0.0023038387298583984,True,True,1.0,1.0,True,True,1.0
topic-12761,urban history,city history,embedding_output_index_full,city history,"[""city history"", ""local history"", ""city planning"", ""social and cultural history"", ""historical study""]",5,0.0022499561309814453,True,True,1.0,1.000000238418579,True,True,1.0
topic-11342,standardisation,Standardization,embedding_output_index_full,Standardization,"[""Standardization"", ""modernisation"", ""global accounting standards"", ""customization"", ""non-binding guidelines""]",5,0.0022401809692382812,True,True,1.0,0.9999998807907104,True,True,1.0
topic-1774,statistics,data analysis,embedding_output_index_full,statistical mathematics,"[""statistical mathematics"", ""economic statistics"", ""research methods and statistics"", ""statistical techniques"", ""business analytics""]",5,0.002257108688354492,False,False,0.5161290322580645,0.5743998289108276,False,False,0.0
topic-1775,statistical methods,statistical techniques,embedding_output_index_full,statistical techniques,"[""statistical techniques"", ""research methods and statistics"", ""statistical mathematics"", ""research methods"", ""study methods""]",5,0.002240896224975586,True,True,1.0,1.0000001192092896,True,True,1.0
topic-4666,urban development,city planning,embedding_output_index_full,city planning,"[""city planning"", ""development"", ""economic development"", ""city planning regulations"", ""city history""]",5,0.002355337142944336,True,True,1.0,1.000000238418579,True,True,1.0
topic-2182,terminal care,end-of-life care,embedding_output_index_full,psychological care,"[""psychological care"", ""care models"", ""coordinated care"", ""end-of-life care"", ""health care administration""]",5,0.0022246837615966797,False,True,1.0,0.9999999403953552,False,True,0.25
topic-7281,disorders,conditions,embedding_output_index_full,psychological disorders,"[""psychological disorders"", ""disease study"", ""attention deficit disorder"", ""seizure disorder"", ""blood sugar disorder""]",5,0.002248048782348633,False,False,0.38888888888888884,0.2553737163543701,False,False,0.0
topic-1778,law of criminal procedure/criminal adjective law,criminal procedural law,embedding_output_index_full,criminal procedural law,"[""criminal procedural law"", ""penal law"", ""non-criminal law"", ""criminal code"", ""transnational criminal law""]",5,0.002324819564819336,True,True,1.0,1.0000001192092896,True,True,1.0
topic-1780,criminal law,penal law,embedding_output_index_full,criminal procedural law,"[""criminal procedural law"", ""non-criminal law"", ""criminal code"", ""penal law"", ""criminal science""]",5,0.0022161006927490234,False,True,1.0,1.0000001192092896,False,True,0.25
topic-1992,strategic voting behaviour/patterns,tactical voting,embedding_output_index_full,tactical voting,"[""tactical voting"", ""voting system"", ""electoral methods"", ""strategic interaction theory"", ""Consensus-based democracy""]",5,0.002391815185546875,True,True,1.0,1.000000238418579,True,True,1.0
topic-3204,strategic management,strategic planning,embedding_output_index_full,strategic planning,"[""strategic planning"", ""business strategy"", ""strategic partnerships"", ""corporate management"", ""marketing strategy""]",5,0.0023229122161865234,True,True,1.0,0.9999998807907104,True,True,1.0
topic-1783,strategic decision-making,strategic planning,embedding_output_index_full,strategic planning,"[""strategic planning"", ""business strategy"", ""strategic interaction theory"", ""decision process"", ""strategic partnerships""]",5,0.002269744873046875,True,True,1.0,0.9999998807907104,True,True,1.0
topic-1757,stratification,social hierarchy,embedding_output_index_full,promotion,"[""promotion"", ""deregulation"", ""reorganisation"", ""simplification"", ""destitution""]",5,0.0022630691528320312,False,False,0.33333333333333337,0.26529034972190857,False,False,0.0
topic-2206,stress,tension,embedding_output_index_full,stress management,"[""stress management"", ""stress control"", ""tension"", ""exhaustion"", ""emotional exhaustion""]",5,0.002270221710205078,False,True,1.0,1.0,True,True,0.3333333333333333
topic-2125,stress management,stress control,embedding_output_index_full,stress control,"[""stress control"", ""emotional exhaustion"", ""exhaustion"", ""tension"", ""psychological care""]",5,0.0030715465545654297,True,True,1.0,0.9999998807907104,True,True,1.0
topic-2215,study skills,learning techniques,embedding_output_index_full,Reading studies,"[""Reading studies"", ""study plan"", ""reading and writing skills"", ""study methods"", ""language skills""]",5,0.0022635459899902344,False,False,0.5882352941176471,0.5877506732940674,False,False,0.0
topic-241,supervision,oversight,embedding_output_index_full,guidance,"[""guidance"", ""personnel management"", ""authority"", ""administration"", ""skills training""]",5,0.002466440200805664,False,False,0.4444444444444444,0.5843223929405212,False,False,0.0
topic-16663,Supply Chain Management,logistics management,embedding_output_index_full,logistics management,"[""logistics management"", ""stock management"", ""corporate management"", ""procurement management"", ""manufacturing process management""]",5,0.002407073974609375,True,True,1.0,1.0,True,True,1.0
topic-1784,syntax,sentence structure,embedding_output_index_full,coding,"[""coding"", ""sentence structure"", ""machine semantics"", ""automated parsing"", ""computational linguistics""]",5,0.0022912025451660156,False,True,1.0,1.0,True,True,0.5
topic-10641,system dynamics,Systems modeling,embedding_output_index_full,systems analysis,"[""systems analysis"", ""Systems modeling"", ""group dynamics"", ""computing systems"", ""interconnected systems""]",5,0.002246379852294922,False,True,1.0,0.9999998807907104,True,True,0.5
topic-1786,systems theory,systems analysis,embedding_output_index_full,systems analysis,"[""systems analysis"", ""Systems modeling"", ""organizational theory"", ""theory of knowledge"", ""computing systems""]",5,0.0023720264434814453,True,True,1.0,0.9999998807907104,True,True,1.0
topic-1788,language,speech,embedding_output_index_full,the English language,"[""the English language"", ""language science"", ""language psychology"", ""language learning"", ""language skills""]",5,0.002246379852294922,False,False,0.2727272727272727,0.5347715020179749,False,False,0.0
topic-3216,language and computers,computational linguistics,embedding_output_index_full,language science,"[""language science"", ""the English language"", ""language cognition"", ""language psychology"", ""language learning""]",5,0.002240419387817383,False,False,0.38095238095238093,0.710847020149231,False,False,0.0
topic-1790,language and artificial intelligence,computational linguistics,embedding_output_index_full,machine intelligence,"[""machine intelligence"", ""language science"", ""language cognition"", ""language learning"", ""linguistic behavior""]",5,0.002221345901489258,False,False,0.4545454545454546,0.710847020149231,False,False,0.0
topic-1791,language and minorities,minority languages,embedding_output_index_full,minority languages,"[""minority languages"", ""minority cultures"", ""ethnic groups"", ""Regional language and society"", ""cultural diversity""]",5,0.002216339111328125,True,True,1.0,1.000000238418579,True,True,1.0
topic-12341,language evolution,linguistic evolution,embedding_output_index_full,linguistic evolution,"[""linguistic evolution"", ""language cognition"", ""linguistic morphology"", ""language learning"", ""linguistic behavior""]",5,0.0022411346435546875,True,True,1.0,1.0,True,True,1.0
topic-1793,philosophy of language,linguistic philosophy,embedding_output_index_full,linguistic philosophy,"[""linguistic philosophy"", ""language psychology"", ""language science"", ""language cognition"", ""linguistic education""]",5,0.002287149429321289,True,True,1.0,0.9999998211860657,True,True,1.0
topic-1794,language behaviour,linguistic behavior,embedding_output_index_full,linguistic behavior,"[""linguistic behavior"", ""language cognition"", ""language psychology"", ""language science"", ""linguistic evolution""]",5,0.0023887157440185547,True,True,1.0,1.0,True,True,1.0
topic-3224,linguistic information systems,language processing systems,embedding_output_index_full,language processing systems,"[""language processing systems"", ""knowledge systems"", ""linguistic education"", ""language science"", ""linguistic behavior""]",5,0.0023391246795654297,True,True,1.0,1.0,True,True,1.0
topic-13321,origin of language,glottogony,embedding_output_index_full,linguistic evolution,"[""linguistic evolution"", ""classical language"", ""social linguistics"", ""language cognition"", ""language psychology""]",5,0.002234935760498047,False,False,0.3571428571428571,0.10714498162269592,False,False,0.0
topic-1795,language psychology,psycholinguistics,embedding_output_index_full,linguistic behavior,"[""linguistic behavior"", ""language cognition"", ""language science"", ""linguistic education"", ""social linguistics""]",5,0.0022039413452148438,False,False,0.7428571428571429,0.6654375195503235,False,False,0.0
topic-1796,language technology,computational linguistics,embedding_output_index_full,language science,"[""language science"", ""voice technology"", ""language learning"", ""dual language development"", ""language processing systems""]",5,0.002236604690551758,False,False,0.3846153846153846,0.710847020149231,False,False,0.0
topic-17043,language proficiency,language skills,embedding_output_index_full,dual language proficiency,"[""dual language proficiency"", ""multiple language proficiency"", ""language skills"", ""native language education"", ""language learning""]",5,0.0022268295288085938,False,True,1.0,1.0,True,True,0.3333333333333333
topic-1797,language acquisition,language learning,embedding_output_index_full,language learning,"[""language learning"", ""Dutch language acquisition"", ""language skills"", ""language cognition"", ""dual language proficiency""]",5,0.002228260040283203,True,True,1.0,1.000000238418579,True,True,1.0
topic-1799,linguistics,language science,embedding_output_index_full,social linguistics,"[""social linguistics"", ""practical linguistics"", ""computational linguistics"", ""language science"", ""linguistic morphology""]",5,0.0037865638732910156,False,True,1.0,1.0,False,True,0.25
topic-11741,technology and ethics,tech ethics,embedding_output_index_full,tech ethics,"[""tech ethics"", ""ethical computing"", ""social ethics"", ""professional ethics"", ""technology oversight""]",5,0.002217531204223633,True,True,1.0,1.0000001192092896,True,True,1.0
topic-10461,technology strategy,IT strategy,embedding_output_index_full,IT strategy,"[""IT strategy"", ""business strategy"", ""internet technology"", ""information technology"", ""marketing strategy""]",5,0.002214193344116211,True,True,1.0,1.0,True,True,1.0
topic-10921,document design,text design,embedding_output_index_full,text design,"[""text design"", ""web design"", ""document search"", ""customization"", ""text analysis""]",5,0.0030531883239746094,True,True,1.0,0.9999998807907104,True,True,1.0
topic-1803,discourse studies,text analysis,embedding_output_index_full,speech,"[""speech"", ""social linguistics"", ""practical linguistics"", ""literary analysis"", ""linguistic philosophy""]",5,0.0021779537200927734,False,False,0.7333333333333334,0.6528488993644714,False,False,0.0
topic-10701,temperament,disposition,embedding_output_index_full,hostility,"[""hostility"", ""aggression"", ""melancholy"", ""psycholinguistics"", ""linguistic behavior""]",5,0.002195596694946289,False,False,0.4761904761904761,0.38773661851882935,False,False,0.0
topic-11581,terrorism,extremism,embedding_output_index_full,extremism,"[""extremism"", ""religious extremism"", ""senseless violence"", ""aggression"", ""refugees""]",5,0.002188444137573242,True,True,1.0,1.0,True,True,1.0
topic-17044,Questionnaire design,survey design,embedding_output_index_full,survey design,"[""survey design"", ""surveys"", ""psychological measurement"", ""text design"", ""assessment""]",5,0.002190113067626953,True,True,1.0,0.9999999403953552,True,True,1.0
topic-2049,testing,assessment,embedding_output_index_full,mock trial,"[""mock trial"", ""coverage"", ""assessment"", ""investigation"", ""basic research""]",5,0.0021681785583496094,False,True,1.0,1.000000238418579,True,True,0.3333333333333333
topic-1804,theology,divinity studies,embedding_output_index_full,applied theology,"[""applied theology"", ""theological literature"", ""doctrinal theology"", ""feminist theology"", ""theological representations""]",5,0.002262115478515625,False,False,0.4242424242424242,0.5448452830314636,False,False,0.0
topic-16749,theology,religious studies,embedding_output_index_full,applied theology,"[""applied theology"", ""theological literature"", ""doctrinal theology"", ""feminist theology"", ""theological representations""]",5,0.0033473968505859375,False,False,0.4117647058823529,0.5504592657089233,False,False,0.0
topic-1907,Thomas Aquinas,Scholastic philosopher,embedding_output_index_full,Aristotle,"[""Aristotle"", ""Friedrich Heinrich Jacobi"", ""John the Apostle"", ""John Locke"", ""Scholastic philosopher""]",5,0.002253293991088867,False,True,1.0,1.0,False,True,0.2
topic-8981,temporary work,short-term employment,embedding_output_index_full,working time,"[""working time"", ""free time"", ""joblessness"", ""work-life conflict"", ""employment law""]",5,0.0022296905517578125,False,False,0.5714285714285714,0.569428026676178,False,False,0.0
topic-3264,time series,chronological data,embedding_output_index_full,chronological data,"[""chronological data"", ""prediction"", ""stock market"", ""data analysis"", ""working time""]",5,0.0022475719451904297,True,True,1.0,0.9999998211860657,True,True,1.0
topic-5121,applied econometrics,practical econometrics,embedding_output_index_full,practical econometrics,"[""practical econometrics"", ""individual econometrics"", ""economic statistics"", ""economic modeling"", ""economic science""]",5,0.0023148059844970703,True,True,1.0,1.0,True,True,1.0
topic-5803,applied linguistics,practical linguistics,embedding_output_index_full,practical linguistics,"[""practical linguistics"", ""social linguistics"", ""computational linguistics"", ""language science"", ""linguistic morphology""]",5,0.002238750457763672,True,True,1.0,0.9999999403953552,True,True,1.0
topic-5701,computer applications,software applications,embedding_output_index_full,software applications,"[""software applications"", ""computing systems"", ""human-computer interaction"", ""information technology"", ""frameworks""]",5,0.0022552013397216797,True,True,1.0,1.0,True,True,1.0
topic-1807,tourism,travel industry,embedding_output_index_full,eco-tourism,"[""eco-tourism"", ""eco-friendly tourism"", ""travel industry"", ""leisure activities"", ""cultural communities""]",5,0.003871917724609375,False,True,1.0,1.000000238418579,True,True,0.3333333333333333
topic-16803,Tourism in protected areas,eco-tourism,embedding_output_index_full,eco-friendly tourism,"[""eco-friendly tourism"", ""eco-tourism"", ""travel industry"", ""heritage and progress"", ""recreation studies""]",5,0.0022487640380859375,False,True,1.0,1.0,True,True,0.5
topic-2319,tradition and innovation/modernization,heritage and progress,embedding_output_index_full,modernisation,"[""modernisation"", ""cultural legacy"", ""innovation economics"", ""cultural practices"", ""religious tradition""]",5,0.002322673797607422,False,False,0.3589743589743589,0.6256303191184998,False,False,0.0
topic-3273,transition economics,transformation economics,embedding_output_index_full,transformation economics,"[""transformation economics"", ""economic science"", ""government economics"", ""employment economics"", ""financial economics""]",5,0.002227783203125,True,True,1.0,1.0,True,True,1.0
topic-1809,transport,conveyance,embedding_output_index_full,travel industry,"[""travel industry"", ""logistics management"", ""drive"", ""spatial economics"", ""conveyance""]",5,0.0022728443145751953,False,True,1.0,1.000000238418579,False,True,0.2
topic-7141,triad model,three-part model,embedding_output_index_full,three-part model,"[""three-part model"", ""higher-order models"", ""economic modeling"", ""computational models"", ""Systems modeling""]",5,0.0022232532501220703,True,True,1.0,1.0000001192092896,True,True,1.0
topic-1811,turkish,Anatolian,embedding_output_index_full,Anatolian,"[""Anatolian"", ""Turkish immigrants"", ""Latvian Republic"", ""Arabian"", ""nationality""]",5,0.0022401809692382812,True,True,1.0,1.0,True,True,1.0
topic-1985,turkish migrants,Turkish immigrants,embedding_output_index_full,Turkish immigrants,"[""Turkish immigrants"", ""refugees"", ""immigrants"", ""Anatolian"", ""asylum seekers""]",5,0.0022068023681640625,True,True,1.0,1.000000238418579,True,True,1.0
topic-1812,bilingualism and multilingualism,multiple language proficiency,embedding_output_index_full,dual language proficiency,"[""dual language proficiency"", ""multiple language proficiency"", ""dual language development"", ""language psychology"", ""minority languages""]",5,0.002287626266479492,False,True,1.0,1.000000238418579,True,True,0.5
topic-3281,bilingualism,dual language proficiency,embedding_output_index_full,dual language proficiency,"[""dual language proficiency"", ""multiple language proficiency"", ""language skills"", ""native language education"", ""language psychology""]",5,0.0029420852661132812,True,True,1.0,1.0,True,True,1.0
topic-3107,outsourcing,Subcontracting,embedding_output_index_full,businesses,"[""businesses"", ""digital labor"", ""service sector"", ""interconnected industries"", ""employment economics""]",5,0.002332448959350586,False,False,0.3589743589743589,0.2511235475540161,False,False,0.0
topic-1813,publishing companies,publishing houses,embedding_output_index_full,publishing houses,"[""publishing houses"", ""businesses"", ""corporate management"", ""small businesses"", ""financial brokerage""]",5,0.0022699832916259766,True,True,1.0,1.000000238418579,True,True,1.0
topic-1814,benefits,welfare payments,embedding_output_index_full,retirement benefits,"[""retirement benefits"", ""welfare"", ""advancement"", ""efficiency"", ""welfare payments""]",5,0.002234220504760742,False,True,1.0,1.0,False,True,0.2
topic-13581,ostracism,social exclusion,embedding_output_index_full,extremism,"[""extremism"", ""joblessness"", ""senseless violence"", ""religious extremism"", ""hostility""]",5,0.002240419387817383,False,False,0.4117647058823529,0.34968286752700806,False,False,0.0
topic-16962,education in skills,skills training,embedding_output_index_full,skills training,"[""skills training"", ""skill development"", ""schooling"", ""language skills"", ""educational technology""]",5,0.0022492408752441406,True,True,1.0,1.0,True,True,1.0
topic-1815,trade unions,labor unions,embedding_output_index_full,labor unions,"[""labor unions"", ""union contracts"", ""industrial economics"", ""interconnected industries"", ""businesses""]",5,0.0023148059844970703,True,True,1.0,1.0,True,True,1.0
topic-11386,Vatican II,Second Vatican Council,embedding_output_index_full,Second Vatican Council,"[""Second Vatican Council"", ""modern Catholic history"", ""ecclesiastical authority"", ""ecclesiastical history"", ""ecclesiastical Latin""]",5,0.00225830078125,True,True,1.0,0.9999997615814209,True,True,1.0
topic-2521,auctions,bidding,embedding_output_index_full,bidding,"[""bidding"", ""Bidding Theory"", ""negotiation"", ""businesses"", ""procurement management""]",5,0.0032677650451660156,True,True,1.0,1.000000238418579,True,True,1.0
topic-3287,auction theory,Bidding Theory,embedding_output_index_full,Bidding Theory,"[""Bidding Theory"", ""bidding"", ""economic theory"", ""negotiation"", ""economic science""]",5,0.002218961715698242,True,True,1.0,1.000000238418579,True,True,1.0
topic-1816,corporate income tax,company tax,embedding_output_index_full,company tax,"[""company tax"", ""income tax"", ""earnings tax"", ""asset tax"", ""global tax law""]",5,0.002206087112426758,True,True,1.0,1.0,True,True,1.0
topic-4039,law of obligations,contract law,embedding_output_index_full,responsibility law,"[""responsibility law"", ""contract law"", ""obligation of care"", ""business law"", ""economic law""]",5,0.002233266830444336,False,True,1.0,1.000000238418579,True,True,0.5
topic-2339,comparison between traditional and new media,media comparison,embedding_output_index_full,media comparison,"[""media comparison"", ""mixed media"", ""cultural variety"", ""modernisation"", ""cultural legacy""]",5,0.0023241043090820312,True,True,1.0,1.0,True,True,1.0
topic-3298,ageing,population aging,embedding_output_index_full,growing old,"[""growing old"", ""population aging"", ""sex"", ""birth rate"", ""senior citizens""]",5,0.0021986961364746094,False,True,1.0,1.000000238418579,True,True,0.5
topic-2309,"the relationship between the individual, the community and the state",social contract,embedding_output_index_full,community governance,"[""community governance"", ""civic community"", ""minority communities"", ""native communities"", ""cultural communities""]",5,0.0023200511932373047,False,False,0.4666666666666666,0.39631450176239014,False,False,0.0
topic-2308,"the relationship between politics, economy and ethics",political-economic ethics,embedding_output_index_full,political-economic ethics,"[""political-economic ethics"", ""social ethics"", ""corporate ethics"", ""economic philosophy"", ""government economics""]",5,0.002424955368041992,True,True,1.0,0.9999999403953552,True,True,1.0
topic-2221,the relation between science and philosophy,science-philosophy interface,embedding_output_index_full,scientific philosophy,"[""scientific philosophy"", ""science-philosophy interface"", ""religious philosophy"", ""relationship between anthropology and religious philosophy"", ""philosophy of psychology""]",5,0.002329111099243164,False,True,1.0,1.0000001192092896,True,True,0.5
topic-2127,fatigue,tiredness,embedding_output_index_full,tiredness,"[""tiredness"", ""exhaustion"", ""emotional exhaustion"", ""exertion"", ""neck strain""]",5,0.002298116683959961,True,True,1.0,1.0,True,True,1.0
topic-1824,tax on wealth/wealth tax,asset tax,embedding_output_index_full,asset tax,"[""asset tax"", ""income tax"", ""earnings tax"", ""value-added tax"", ""company tax""]",5,0.002653360366821289,True,True,1.0,1.0,True,True,1.0
topic-5901,capital structure,financial structure,embedding_output_index_full,capital markets,"[""capital markets"", ""financial structure"", ""organizational structure"", ""corporate consolidation"", ""corporate management""]",5,0.002309083938598633,False,True,1.0,1.0000001192092896,True,True,0.5
topic-16884,Resurrection,rebirth,embedding_output_index_full,rebirth,"[""rebirth"", ""remembrance"", ""recovery"", ""grieving"", ""mercy killing""]",5,0.0029969215393066406,True,True,1.0,1.0000001192092896,True,True,1.0
topic-5881,reporting,financial reporting,embedding_output_index_full,financial reporting,"[""financial reporting"", ""Yearly report"", ""investigation"", ""assistance"", ""business analytics""]",5,0.002243518829345703,True,True,1.0,1.0000001192092896,True,True,1.0
topic-5123,addiction,dependency,embedding_output_index_full,substance dependence,"[""substance dependence"", ""substance abuse treatment"", ""alcohol dependence"", ""remorse"", ""compulsive gambling""]",5,0.0022742748260498047,False,False,0.6428571428571428,0.4241284728050232,False,False,0.0
topic-9021,addiction care,substance abuse treatment,embedding_output_index_full,substance abuse treatment,"[""substance abuse treatment"", ""psychological care"", ""substance dependence"", ""alcohol dependence"", ""obligation of care""]",5,0.0022106170654296875,True,True,1.0,0.9999998211860657,True,True,1.0
topic-7645,mentally handicapped persons,intellectually disabled persons,embedding_output_index_full,intellectually disabled persons,"[""intellectually disabled persons"", ""learning disabilities"", ""psychological disorders"", ""rehabilitation"", ""attention deficit disorder""]",5,0.0022406578063964844,True,True,1.0,1.0,True,True,1.0
topic-3623,trust,confidence,embedding_output_index_full,faith,"[""faith"", ""confidence"", ""persuasion"", ""workplace loyalty"", ""confidentiality""]",5,0.0022153854370117188,False,True,1.0,1.0000001192092896,True,True,0.5
topic-5547,replacement models,substitution models,embedding_output_index_full,substitution models,"[""substitution models"", ""higher-order models"", ""three-part model"", ""care models"", ""computational models""]",5,0.002218961715698242,True,True,1.0,1.0,True,True,1.0
topic-3469,insurance,coverage,embedding_output_index_full,health policy,"[""health policy"", ""financial policy"", ""coverage"", ""health economics"", ""risk management""]",5,0.002230405807495117,False,True,1.0,0.9999998807907104,True,True,0.3333333333333333
topic-2489,actuarial mathematics,Actuarial science,embedding_output_index_full,Actuarial science,"[""Actuarial science"", ""mathematical sciences"", ""constructivist mathematics"", ""computational mathematics"", ""criminal procedural law""]",5,0.002482175827026367,True,True,1.0,1.0,True,True,1.0
topic-1827,welfare states,social safety nets,embedding_output_index_full,welfare,"[""welfare"", ""welfare politics"", ""welfare system"", ""welfare law"", ""welfare payments""]",5,0.002247333526611328,False,False,0.4117647058823529,0.41877907514572144,False,False,0.0
topic-5564,victimology,study of victims,embedding_output_index_full,study of victims,"[""study of victims"", ""criminal psychology"", ""psychological disorders"", ""criminal science"", ""social science""]",5,0.002250194549560547,True,True,1.0,1.000000238418579,True,True,1.0
topic-14021,Victorian Literature,19th-century British literature,embedding_output_index_full,19th-century British literature,"[""19th-century British literature"", ""literary analysis"", ""scriptural literature"", ""theological literature"", ""cinematic literature""]",5,0.002260446548461914,True,True,1.0,1.0,True,True,1.0
topic-2301,visual perception,sight perception,embedding_output_index_full,sight perception,"[""sight perception"", ""hearing perception"", ""sensory awareness"", ""facial cues"", ""cognitive psychology""]",5,0.002233266830444336,True,True,1.0,0.9999998211860657,True,True,1.0
topic-1,Refugee law,Asylum law,embedding_output_index_full,Asylum law,"[""Asylum law"", ""refugees"", ""immigration law"", ""asylum seekers"", ""transnational criminal law""]",5,0.0027358531951904297,True,True,1.0,1.0,True,True,1.0
topic-1828,international law,global law,embedding_output_index_full,global law,"[""global law"", ""international legal history"", ""global public law"", ""transnational criminal law"", ""global employment law""]",5,0.002313375473022461,True,True,1.0,0.9999999403953552,True,True,1.0
topic-3951,history of international law,international legal history,embedding_output_index_full,international legal history,"[""international legal history"", ""global law"", ""global public law"", ""transnational criminal law"", ""history of constitutional law""]",5,0.002668142318725586,True,True,1.0,1.0,True,True,1.0
topic-1829,popular culture,mass culture,embedding_output_index_full,cultural variety,"[""cultural variety"", ""global culture"", ""cultural communities"", ""popular government"", ""mass culture""]",5,0.0022950172424316406,False,True,1.0,1.000000238418579,False,True,0.2
topic-1830,inventory management,stock control,embedding_output_index_full,supply chain management,"[""supply chain management"", ""stock management"", ""logistics management"", ""procurement management"", ""manufacturing process management""]",5,0.0022666454315185547,False,False,0.5517241379310345,0.7897064685821533,False,False,0.0
topic-5542,inventory systems,stock management,embedding_output_index_full,supply chain management,"[""supply chain management"", ""logistics management"", ""stock management"", ""procurement management"", ""stock control""]",5,0.003881692886352539,False,True,1.0,1.0,True,True,0.3333333333333333
topic-3315,forecasting,prediction,embedding_output_index_full,prediction,"[""prediction"", ""economic modeling"", ""estimation"", ""investing"", ""stock market""]",5,0.002233743667602539,True,True,1.0,1.0,True,True,1.0
topic-2050,questionnaires,surveys,embedding_output_index_full,survey design,"[""survey design"", ""surveys"", ""psychological measurement"", ""assessment"", ""research methods and statistics""]",5,0.0022852420806884766,False,True,1.0,1.0,True,True,0.5
topic-1833,leisure,free time,embedding_output_index_full,leisure activities,"[""leisure activities"", ""recreation studies"", ""eco-tourism"", ""eco-friendly tourism"", ""travel industry""]",5,0.002248525619506836,False,False,0.5185185185185186,0.3144379258155823,False,False,0.0
topic-1836,leisure studies,recreation studies,embedding_output_index_full,leisure activities,"[""leisure activities"", ""recreation studies"", ""cinema studies"", ""eco-tourism"", ""Reading studies""]",5,0.002253293991088867,False,True,1.0,1.0,True,True,0.5
topic-7681,voluntary work,volunteer service,embedding_output_index_full,worker participation,"[""worker participation"", ""volunteer service"", ""employment participation"", ""work motivation"", ""joblessness""]",5,0.002218008041381836,False,True,1.0,1.000000238418579,True,True,0.5
topic-3541,concept of truth,nature of truth,embedding_output_index_full,nature of truth,"[""nature of truth"", ""Christian statement of belief"", ""theory of knowledge"", ""self-concept"", ""interpretive theory""]",5,0.002348661422729492,True,True,1.0,1.0000001192092896,True,True,1.0
topic-1965,perception,sensory awareness,embedding_output_index_full,sight perception,"[""sight perception"", ""hearing perception"", ""cognitive psychology"", ""sensory awareness"", ""mental science""]",5,0.002202749252319336,False,True,1.0,0.9999998807907104,False,True,0.25
topic-1843,invalidity benefits shortfall/wao shortfall,disability benefits gap,embedding_output_index_full,economic condition,"[""economic condition"", ""short-term employment"", ""conditions"", ""constitutional challenges"", ""employment conditions""]",5,0.003316164016723633,False,False,0.33333333333333337,0.2503523826599121,False,False,0.0
topic-4310,web-based application design,web design,embedding_output_index_full,web design,"[""web design"", ""software applications"", ""frameworks"", ""service-based computing"", ""e-commerce""]",5,0.002293825149536133,True,True,1.0,1.0,True,True,1.0
topic-8381,web services,online services,embedding_output_index_full,online services,"[""online services"", ""support services"", ""service-based computing"", ""web design"", ""service sector""]",5,0.0021920204162597656,True,True,1.0,1.0,True,True,1.0
topic-4289,web technology,internet technology,embedding_output_index_full,internet technology,"[""internet technology"", ""information technology"", ""web design"", ""information and communication technology"", ""the web""]",5,0.0021674633026123047,True,True,1.0,0.9999998807907104,True,True,1.0
topic-16082,well-being (als in client well-being = subjectieve maat van Quality of Life),quality of life,embedding_output_index_full,psychological well-being,"[""psychological well-being"", ""emotional well-being"", ""quality of life"", ""well-being"", ""life quality""]",5,0.002364635467529297,False,True,1.0,0.9999999403953552,True,True,0.3333333333333333
topic-7521,welfare states,social safety nets,embedding_output_index_full,welfare,"[""welfare"", ""welfare politics"", ""welfare system"", ""welfare law"", ""welfare payments""]",5,0.002299070358276367,False,False,0.4117647058823529,0.41877907514572144,False,False,0.0
topic-1844,well-being,welfare,embedding_output_index_full,emotional well-being,"[""emotional well-being"", ""psychological well-being"", ""well-being after cardiovascular diseases"", ""life quality"", ""quality of life""]",5,0.003570556640625,False,False,0.3157894736842105,0.3244199752807617,False,False,0.0
topic-6402,world bank,international financial institution,embedding_output_index_full,global financial institution,"[""global financial institution"", ""global finance"", ""international financial institution"", ""global economics"", ""business finance; global finance""]",5,0.0022590160369873047,False,True,1.0,1.0000001192092896,True,True,0.3333333333333333
topic-16382,work-home interaction,work-life balance,embedding_output_index_full,human-computer interaction,"[""human-computer interaction"", ""collaborative work"", ""work-life conflict"", ""textual interaction"", ""worker participation""]",5,0.0026781558990478516,False,False,0.6857142857142857,0.7256064414978027,False,False,0.0
topic-2155,pressure of work,workload pressure,embedding_output_index_full,workload pressure,"[""workload pressure"", ""work psychology"", ""work motivation"", ""work quality"", ""working time""]",5,0.002214670181274414,True,True,1.0,1.0,True,True,1.0
topic-13045,teamwork,collaborative work,embedding_output_index_full,team dynamics,"[""team dynamics"", ""collaborative work"", ""Cooperation"", ""collaborative systems"", ""working time""]",5,0.0022666454315185547,False,True,1.0,1.000000238418579,True,True,0.5
topic-1846,unemployment,joblessness,embedding_output_index_full,employment economics,"[""employment economics"", ""employment issues"", ""joblessness"", ""employment policy"", ""employment conditions""]",5,0.0022547245025634766,False,True,1.0,1.0000001192092896,True,True,0.3333333333333333
topic-3326,verbs,action words,embedding_output_index_full,action words,"[""action words"", ""speech"", ""sentence structure"", ""psycholinguistics"", ""the English language""]",5,0.0022475719451904297,True,True,1.0,0.9999998807907104,True,True,1.0
topic-2219,philosophy of science,scientific philosophy,embedding_output_index_full,scientific philosophy,"[""scientific philosophy"", ""science-philosophy interface"", ""philosophy of psychology"", ""religious philosophy"", ""physical science""]",5,0.002269744873046875,True,True,1.0,1.0000001192092896,True,True,1.0
topic-2325,whiplash,neck strain,embedding_output_index_full,tension,"[""tension"", ""neck strain"", ""aggression"", ""levies"", ""drive""]",5,0.002232074737548828,False,True,1.0,1.0,True,True,0.5
topic-1850,philosophy,metaphysics,embedding_output_index_full,scientific philosophy,"[""scientific philosophy"", ""religious philosophy"", ""mental philosophy"", ""moral philosophy"", ""cultural philosophy""]",5,0.002228260040283203,False,False,0.5714285714285714,0.5309197902679443,False,False,0.0
topic-6301,philosophical psychology,theoretical psychology,embedding_output_index_full,philosophy of psychology,"[""philosophy of psychology"", ""mental philosophy"", ""scientific philosophy"", ""theoretical psychology"", ""philosophical texts""]",5,0.002221345901489258,False,True,1.0,1.0000001192092896,False,True,0.25
topic-14902,Wisdom literature,philosophical texts,embedding_output_index_full,wisdom,"[""wisdom"", ""scriptural literature"", ""philosophical texts"", ""literary philosopher"", ""literary analysis""]",5,0.00223541259765625,False,True,1.0,0.9999998807907104,True,True,0.3333333333333333
topic-16805,wilderness,wildlands,embedding_output_index_full,wildlands,"[""wildlands"", ""recreation studies"", ""leisure activities"", ""spiritual life"", ""native communities""]",5,0.002201080322265625,True,True,1.0,1.000000238418579,True,True,1.0
topic-1852,mathematics,mathematical sciences,embedding_output_index_full,mathematical sciences,"[""mathematical sciences"", ""computational mathematics"", ""constructivist mathematics"", ""mathematical foundations"", ""statistical mathematics""]",5,0.00310516357421875,True,True,1.0,1.000000238418579,True,True,1.0
topic-2421,world wide web,the web,embedding_output_index_full,the web,"[""the web"", ""web design"", ""internet technology"", ""global commerce"", ""online services""]",5,0.002438783645629883,True,True,1.0,1.0,True,True,1.0
topic-16824,right to self-determination,self-governance,embedding_output_index_full,self-concept,"[""self-concept"", ""self-awareness"", ""self-governance"", ""self-governance and ethics"", ""self-control""]",5,0.0024328231811523438,False,True,1.0,1.0,True,True,0.3333333333333333
topic-9101,self consciousness,self-awareness,embedding_output_index_full,self-awareness,"[""self-awareness"", ""self-concept"", ""self-control"", ""unconscious state"", ""awareness""]",5,0.004542112350463867,True,True,1.0,0.9999999403953552,True,True,1.0
topic-10541,self reflection,reflective awareness,embedding_output_index_full,reflective awareness,"[""reflective awareness"", ""self-concept"", ""self-awareness"", ""self-control"", ""egoism and guilt""]",5,0.003209829330444336,True,True,1.0,1.0000001192092896,True,True,1.0
topic-15062,self-regulation,self-control,embedding_output_index_full,self-control,"[""self-control"", ""self-governance"", ""self-concept"", ""self-awareness"", ""self-governance and ethics""]",5,0.0027663707733154297,True,True,1.0,0.9999998807907104,True,True,1.0
topic-2218,self-learning,autonomous learning,embedding_output_index_full,automated learning,"[""automated learning"", ""autonomous learning"", ""cooperative learning"", ""self-concept"", ""learning techniques""]",5,0.0024254322052001953,False,True,1.0,1.0,True,True,0.5
topic-11676,"soul (theological, neuroscientific...)",spirit,embedding_output_index_full,spiritual life,"[""spiritual life"", ""spiritual care theology"", ""mental health and spirituality"", ""doctrinal theology"", ""religious psychology""]",5,0.0033833980560302734,False,False,0.6,0.5219401121139526,False,False,0.0
topic-2181,interpretation,meaning-making,embedding_output_index_full,legal interpretation,"[""legal interpretation"", ""Bible interpretation"", ""interpretive theory"", ""meaning analysis"", ""literary analysis""]",5,0.002449512481689453,False,False,0.6,0.3692523241043091,False,False,0.0
topic-1900,random violence,senseless violence,embedding_output_index_full,senseless violence,"[""senseless violence"", ""aggression"", ""Catastrophes"", ""criminal psychology"", ""extremism""]",5,0.0022683143615722656,True,True,1.0,0.9999998807907104,True,True,1.0
topic-3340,automatic parsing,automated parsing,embedding_output_index_full,automated parsing,"[""automated parsing"", ""language processing systems"", ""automated learning"", ""information processing"", ""machine semantics""]",5,0.0023069381713867188,True,True,1.0,0.9999999403953552,True,True,1.0
topic-4290,search engine,information retrieval system,embedding_output_index_full,information search,"[""information search"", ""document search"", ""information retrieval system"", ""recommendation engine"", ""the web""]",5,0.002248525619506836,False,True,1.0,1.0,True,True,0.3333333333333333
topic-7642,care,assistance,embedding_output_index_full,obligation of care,"[""obligation of care"", ""worry"", ""care models"", ""spiritual care"", ""feelings""]",5,0.0022308826446533203,False,False,0.5,0.2976286709308624,False,False,0.0
topic-13101,health care utilisation,Health Care Usage,embedding_output_index_full,Health Care Usage,"[""Health Care Usage"", ""health policy"", ""health care quality"", ""health care administration"", ""health services management""]",5,0.0023114681243896484,True,True,1.0,1.000000238418579,True,True,1.0
topic-16062,Duty of care,obligation of care,embedding_output_index_full,obligation of care,"[""obligation of care"", ""end-of-life care"", ""coordinated care"", ""care models"", ""spiritual care""]",5,0.002269744873046875,True,True,1.0,1.000000238418579,True,True,1.0
topic-11665,theories of care,care models,embedding_output_index_full,care models,"[""care models"", ""obligation of care"", ""psychological care"", ""coordinated care"", ""spiritual care""]",5,0.0022399425506591797,True,True,1.0,1.0,True,True,1.0
topic-11521,South African law,South African legal system,embedding_output_index_full,South African legal system,"[""South African legal system"", ""civil law"", ""civil litigation law"", ""transnational criminal law"", ""global public law""]",5,0.0022406578063964844,True,True,1.0,1.000000238418579,True,True,1.0
topic-15642,asset pricing,asset valuation,embedding_output_index_full,asset valuation,"[""asset valuation"", ""asset tax"", ""financial economics"", ""business valuation"", ""market analysis""]",5,0.0021293163299560547,True,True,1.0,0.9999999403953552,True,True,1.0
topic-15482,pension economics,retirement economics,embedding_output_index_full,retirement economics,"[""retirement economics"", ""retirement benefits"", ""financial policy"", ""financial economics"", ""employment economics""]",5,0.0021135807037353516,True,True,1.0,1.000000238418579,True,True,1.0
topic-15403,trade policy,commercial policy,embedding_output_index_full,policy analysis,"[""policy analysis"", ""commercial policy"", ""antitrust policy"", ""global economics"", ""employment policy""]",5,0.0024623870849609375,False,True,1.0,0.9999999403953552,True,True,0.5
topic-16484,Sensemaking,meaning-making,embedding_output_index_full,knowledge systems,"[""knowledge systems"", ""information processing"", ""language processing systems"", ""computing systems"", ""conveyance""]",5,0.002397775650024414,False,False,0.38888888888888884,0.24429403245449066,False,False,0.0
topic-17124,Bilingual development,dual language development,embedding_output_index_full,dual language development,"[""dual language development"", ""dual language proficiency"", ""native language education"", ""language skills"", ""multiple language proficiency""]",5,0.002514362335205078,True,True,1.0,1.0000001192092896,True,True,1.0
topic-17123,Language and education,linguistic education,embedding_output_index_full,linguistic education,"[""linguistic education"", ""native language education"", ""language skills"", ""language psychology"", ""language science""]",5,0.0023887157440185547,True,True,1.0,1.000000238418579,True,True,1.0
topic-16825,Statehood,nationhood,embedding_output_index_full,nationhood,"[""nationhood"", ""Americanisation"", ""jurisprudence"", ""immigrants"", ""heritage and progress""]",5,0.002279520034790039,True,True,1.0,1.0000001192092896,True,True,1.0
topic-16483,Refugees,asylum seekers,embedding_output_index_full,asylum seekers,"[""asylum seekers"", ""immigrants"", ""Turkish immigrants"", ""humanitarian aid"", ""Asylum law""]",5,0.0029382705688476562,True,True,1.0,1.0,True,True,1.0
