topic,term,ground_truth,method,prediction,candidates,num_final_candidates,time_seconds,exact_top1,exact_any,top_3_accuracy,top_5_accuracy,fuzzy_similarity,semantic_similarity,mrr
topic-12722,recommender system,recommendation engine,llm_expansion_retrieval_llama3.2_3b_full,information retrieval system,"[""information retrieval system"", ""information search"", ""recommendation engine"", ""prediction"", ""collaborative networks""]",5,3.279031991958618,False,True,True,True,1.0,0.9999997615814209,0.3333333333333333
topic-2484,stocks,shares,llm_expansion_retrieval_llama3.2_3b_full,shares,"[""shares"", ""investing"", ""investment funds"", ""investment fund"", ""uncertain investments""]",5,0.6182816028594971,True,True,True,True,1.0,1.0,1.0
topic-4285,equity market,stock market,llm_expansion_retrieval_llama3.2_3b_full,capital markets,"[""capital markets"", ""financial economics"", ""stock market"", ""shares"", ""financial systems""]",5,0.6680684089660645,False,True,True,True,1.0,1.000000238418579,0.3333333333333333
topic-3721,liability law,responsibility law,llm_expansion_retrieval_llama3.2_3b_full,responsibility law,"[""responsibility law"", ""ethical accountability"", ""civil law"", ""civil litigation law"", ""medical law""]",5,0.698007345199585,True,True,True,True,1.0,1.0000001192092896,1.0
topic-1274,accountancy,financial auditing,llm_expansion_retrieval_llama3.2_3b_full,financial reporting,"[""financial reporting"", ""financial management"", ""global accounting standards"", ""financial auditing"", ""financial economics""]",5,0.6388006210327148,False,True,False,True,1.0,1.0000001192092896,0.25
topic-5882,auditors,financial examiners,llm_expansion_retrieval_llama3.2_3b_full,financial auditing,"[""financial auditing"", ""financial accounting"", ""financial examiners"", ""financial management"", ""financial instruments""]",5,0.6649620532989502,False,True,True,True,1.0,1.0,0.3333333333333333
topic-1276,accounting,financial accounting,llm_expansion_retrieval_llama3.2_3b_full,financial reporting,"[""financial reporting"", ""financial management"", ""financial auditing"", ""financial accounting"", ""financial systems""]",5,0.6703948974609375,False,True,False,True,1.0,1.0000001192092896,0.25
topic-1953,acculturation,cultural adaptation,llm_expansion_retrieval_llama3.2_3b_full,social unity,"[""social unity"", ""cultural adaptation"", ""social categorization"", ""social hierarchy"", ""Social understanding""]",5,0.6493048667907715,False,True,True,True,1.0,1.0,0.5
topic-1919,actual pastoral liturgical practice,current liturgical practice,llm_expansion_retrieval_llama3.2_3b_full,ecclesiastical authority,"[""ecclesiastical authority"", ""liturgical theology"", ""Ecclesiastical leadership"", ""Christian worship"", ""current liturgical practice""]",5,0.7586297988891602,False,True,False,True,1.0,1.000000238418579,0.2
topic-1980,adhd,attention deficit disorder,llm_expansion_retrieval_llama3.2_3b_full,attention deficit disorder,"[""attention deficit disorder"", ""cognitive decline"", ""psychological disorders"", ""seizure disorder"", ""human development""]",5,0.786325216293335,True,True,True,True,1.0,0.9999998807907104,1.0
topic-4079,administrative law,regulatory law,llm_expansion_retrieval_llama3.2_3b_full,regulatory law,"[""regulatory law"", ""public policy"", ""regulatory economics"", ""financial regulation"", ""administrative litigation""]",5,0.6826589107513428,True,True,True,True,1.0,1.0,1.0
topic-2276,adorno,critical theorist,llm_expansion_retrieval_llama3.2_3b_full,Marxism,"[""Marxism"", ""critical analysis"", ""Marxist theory"", ""critical theorist"", ""Frankfurt School theorist""]",5,0.6710565090179443,False,True,False,True,1.0,1.0000001192092896,0.25
topic-2250,africa,Sub-Saharan region,llm_expansion_retrieval_llama3.2_3b_full,Sub-Saharan region,"[""Sub-Saharan region"", ""refugees"", ""ethnic groups"", ""developing countries"", ""East Europe""]",5,0.6650569438934326,True,True,True,True,1.0,1.0,1.0
topic-1280,agricultural economy,agricultural economics,llm_expansion_retrieval_llama3.2_3b_full,farming,"[""farming"", ""agricultural economics"", ""national economics"", ""global economics"", ""economic development""]",5,0.6758217811584473,False,True,True,True,1.0,1.0,0.5
topic-7782,aggression,hostility,llm_expansion_retrieval_llama3.2_3b_full,hostility,"[""hostility"", ""conflict resolution"", ""disputes"", ""rivalry"", ""work-life conflict""]",5,0.6419365406036377,True,True,True,True,1.0,1.0,1.0
topic-5124,alcohol addiction,alcohol dependence,llm_expansion_retrieval_llama3.2_3b_full,alcohol dependence,"[""alcohol dependence"", ""substance abuse treatment"", ""substance dependence"", ""psychological disorders"", ""disease study""]",5,0.7211105823516846,True,True,True,True,1.0,1.0000001192092896,1.0
topic-2500,general econometrics,economic statistics,llm_expansion_retrieval_llama3.2_3b_full,practical econometrics,"[""practical econometrics"", ""individual econometrics"", ""economic theory"", ""economic statistics"", ""economic science""]",5,0.7418739795684814,False,True,False,True,1.0,1.0,0.25
topic-2501,alliances and joint ventures,strategic partnerships,llm_expansion_retrieval_llama3.2_3b_full,strategic partnerships,"[""strategic partnerships"", ""financial partnerships"", ""collaborative work"", ""strategic planning"", ""businesses""]",5,0.6843712329864502,True,True,True,True,1.0,0.9999998807907104,1.0
topic-1285,foreigners,strangers,llm_expansion_retrieval_llama3.2_3b_full,immigrants,"[""immigrants"", ""Turkish immigrants"", ""refugees"", ""nationality"", ""immigration law""]",5,0.6908302307128906,False,False,False,False,0.4705882352941176,0.32537245750427246,0.0
topic-10501,americanization,Americanisation,llm_expansion_retrieval_llama3.2_3b_full,cultural adaptation,"[""cultural adaptation"", ""global culture"", ""global economics"", ""global commerce"", ""global management""]",5,0.6800158023834229,False,False,False,False,0.4117647058823529,0.4837281107902527,0.0
topic-9362,anxiety,worry,llm_expansion_retrieval_llama3.2_3b_full,worry,"[""worry"", ""investigation"", ""oversight"", ""awareness"", ""melancholy""]",5,0.6908814907073975,True,True,True,True,1.0,1.0,1.0
topic-16802,"Antarctic, Arctic, Polar Regions",polar areas,llm_expansion_retrieval_llama3.2_3b_full,polar areas,"[""polar areas"", ""extreme value analysis"", ""East Europe"", ""head cooling"", ""capital markets""]",5,0.7425124645233154,True,True,True,True,1.0,1.0,1.0
topic-1290,"anthropology and philosophy of religion, relation",relationship between anthropology and religious philosophy,llm_expansion_retrieval_llama3.2_3b_full,religious philosophy,"[""religious philosophy"", ""religious sociology"", ""relationship between anthropology and religious philosophy"", ""religious studies"", ""religious psychology""]",5,0.8731279373168945,False,True,True,True,1.0,1.0,0.3333333333333333
topic-1291,arabic,Arabian,llm_expansion_retrieval_llama3.2_3b_full,Arabian,"[""Arabian"", ""Islamic studies"", ""East Europe"", ""Muslim Communities in the Netherlands"", ""cultural variety""]",5,0.6338112354278564,True,True,True,True,1.0,1.000000238418579,1.0
topic-1292,labour and health,occupational health,llm_expansion_retrieval_llama3.2_3b_full,work-related illnesses,"[""work-related illnesses"", ""occupational health"", ""occupational psychology"", ""employee development"", ""health psychology""]",5,0.7683062553405762,False,True,True,True,1.0,1.0,0.5
topic-1293,industrial and organisational psychology,work psychology,llm_expansion_retrieval_llama3.2_3b_full,occupational psychology,"[""occupational psychology"", ""work psychology"", ""industrial psychology"", ""organizational structure"", ""organizational influence""]",5,0.693549633026123,False,True,True,True,1.0,1.000000238418579,0.5
topic-6581,working hours,working time,llm_expansion_retrieval_llama3.2_3b_full,working time,"[""working time"", ""workweek reduction"", ""short-term employment"", ""employment conditions"", ""employment law""]",5,0.6439616680145264,True,True,True,True,1.0,0.9999998807907104,1.0
topic-1296,labour economics,employment economics,llm_expansion_retrieval_llama3.2_3b_full,employment economics,"[""employment economics"", ""employment relations"", ""industrial economics"", ""employment market"", ""labor unions""]",5,0.7025043964385986,True,True,True,True,1.0,1.0000001192092896,1.0
topic-2201,labour market,employment market,llm_expansion_retrieval_llama3.2_3b_full,employment market,"[""employment market"", ""employment economics"", ""government sector"", ""service sector"", ""labor unions""]",5,0.6479473114013672,True,True,True,True,1.0,1.0000001192092896,1.0
topic-6603,labour market policy,employment policy,llm_expansion_retrieval_llama3.2_3b_full,employment policy,"[""employment policy"", ""employment law"", ""employment economics"", ""employment conditions"", ""personnel management""]",5,0.7277729511260986,True,True,True,True,1.0,0.9999998807907104,1.0
topic-1298,labour market issues,employment issues,llm_expansion_retrieval_llama3.2_3b_full,employment issues,"[""employment issues"", ""employment conditions"", ""occupational health"", ""employment market"", ""occupational psychology""]",5,0.7034363746643066,True,True,True,True,1.0,1.000000238418579,1.0
topic-1299,job motivation,work motivation,llm_expansion_retrieval_llama3.2_3b_full,drive,"[""drive"", ""occupational psychology"", ""proactive engagement"", ""work quality"", ""occupational health""]",5,0.6321032047271729,False,False,False,False,0.5185185185185186,0.4824080169200897,0.0
topic-6661,working conditions,employment conditions,llm_expansion_retrieval_llama3.2_3b_full,occupational health,"[""occupational health"", ""employment conditions"", ""employment law"", ""employment issues"", ""occupational psychology""]",5,0.6723577976226807,False,True,True,True,1.0,1.0,0.5
topic-1300,work participation,employment participation,llm_expansion_retrieval_llama3.2_3b_full,worker participation,"[""worker participation"", ""employment participation"", ""occupational psychology"", ""occupational health"", ""employment economics""]",5,0.708690881729126,False,True,True,True,1.0,1.0,0.5
topic-1301,labour law,employment law,llm_expansion_retrieval_llama3.2_3b_full,employment law,"[""employment law"", ""employment policy"", ""employment conditions"", ""global employment law"", ""industrial economics""]",5,0.675105094909668,True,True,True,True,1.0,0.9999999403953552,1.0
topic-1303,reduction of working hours,workweek reduction,llm_expansion_retrieval_llama3.2_3b_full,workweek reduction,"[""workweek reduction"", ""workload pressure"", ""short-term employment"", ""working time"", ""burnout""]",5,0.734612226486206,True,True,True,True,1.0,1.000000238418579,1.0
topic-1302,industrial/labour relations,employment relations,llm_expansion_retrieval_llama3.2_3b_full,employment relations,"[""employment relations"", ""industrial economics"", ""employment issues"", ""employment policy"", ""employment law""]",5,0.707862377166748,True,True,True,True,1.0,1.0,1.0
topic-1305,working conditions creation,quality of worklife,llm_expansion_retrieval_llama3.2_3b_full,occupational health,"[""occupational health"", ""regulatory law"", ""employee development"", ""work psychology"", ""regulatory economics""]",5,0.7631869316101074,False,False,False,False,0.41025641025641024,0.5037764310836792,0.0
topic-1306,labour issues,employment issues,llm_expansion_retrieval_llama3.2_3b_full,employment issues,"[""employment issues"", ""employment conditions"", ""disputes"", ""employment policy"", ""occupational health""]",5,0.6723568439483643,True,True,True,True,1.0,1.000000238418579,1.0
topic-4081,arbitration,dispute arbitration,llm_expansion_retrieval_llama3.2_3b_full,negotiation,"[""negotiation"", ""dispute resolution"", ""e-mediation"", ""disputes"", ""conflict resolution""]",5,0.6898055076599121,False,False,False,False,0.7027027027027026,0.7181524038314819,0.0
topic-3937,reasoning,logical argumentation,llm_expansion_retrieval_llama3.2_3b_full,logical argumentation,"[""logical argumentation"", ""Bayesian inference"", ""critical theorist"", ""critical analysis"", ""logical fallacies""]",5,0.6337399482727051,True,True,True,True,1.0,1.0000001192092896,1.0
topic-5627,aristoteles,Aristotle,llm_expansion_retrieval_llama3.2_3b_full,Aristotle,"[""Aristotle"", ""Scholastic philosopher"", ""contemporary philosopher"", ""literary philosopher"", ""scientific philosophy""]",5,0.7206089496612549,True,True,True,True,1.0,1.0,1.0
topic-2517,poverty,destitution,llm_expansion_retrieval_llama3.2_3b_full,welfare,"[""welfare"", ""welfare system"", ""welfare payments"", ""welfare politics"", ""welfare law""]",5,0.6330335140228271,False,False,False,False,0.2962962962962963,0.2428484857082367,0.0
topic-2519,asylum seekers,refugees,llm_expansion_retrieval_llama3.2_3b_full,refugees,"[""refugees"", ""immigrants"", ""Turkish immigrants"", ""immigration law"", ""humanitarian aid""]",5,0.68306565284729,True,True,True,True,1.0,1.0,1.0
topic-1309,asset liability management,balance sheet management,llm_expansion_retrieval_llama3.2_3b_full,risk management,"[""risk management"", ""financial management"", ""capital markets"", ""financial policy"", ""asset valuation""]",5,0.6612021923065186,False,False,False,False,0.6363636363636364,0.4918895959854126,0.0
topic-21,attitudes,mindset,llm_expansion_retrieval_llama3.2_3b_full,disposition,"[""disposition"", ""mindset"", ""feelings"", ""reasoning"", ""facial cues""]",5,0.6221754550933838,False,True,True,True,1.0,0.9999998807907104,0.5
topic-6701,auditory perception,hearing perception,llm_expansion_retrieval_llama3.2_3b_full,hearing perception,"[""hearing perception"", ""sound system study"", ""speech"", ""sensory awareness"", ""voice technology""]",5,0.666801929473877,True,True,True,True,1.0,1.0000001192092896,1.0
topic-3542,augustine,St. Augustine,llm_expansion_retrieval_llama3.2_3b_full,St. Augustine,"[""St. Augustine"", ""applied theology"", ""early theologians"", ""doctrinal theology"", ""theological literature""]",5,0.7434792518615723,True,True,True,True,1.0,1.0,1.0
topic-1313,automatic language analysis,computational linguistics,llm_expansion_retrieval_llama3.2_3b_full,text analysis,"[""text analysis"", ""language learning"", ""language processing systems"", ""automated parsing"", ""language science""]",5,0.7341413497924805,False,False,False,False,0.42105263157894735,0.710847020149231,0.0
topic-3966,automation,mechanization,llm_expansion_retrieval_llama3.2_3b_full,process optimization,"[""process optimization"", ""mechanization"", ""efficiency"", ""improvement"", ""manufacturing process management""]",5,0.630457878112793,False,True,True,True,1.0,1.000000238418579,0.5
topic-1905,autonomy and moral,self-governance and ethics,llm_expansion_retrieval_llama3.2_3b_full,self-governance and ethics,"[""self-governance and ethics"", ""self-governance"", ""moral philosophy"", ""responsibility law"", ""moral culpability""]",5,0.7341899871826172,True,True,True,True,1.0,1.0,1.0
topic-2527,bank - firm relationships,financial partnerships,llm_expansion_retrieval_llama3.2_3b_full,strategic partnerships,"[""strategic partnerships"", ""financial partnerships"", ""organizational structure"", ""inter-firm relationships"", ""organizational influence""]",5,0.6386480331420898,False,True,True,True,1.0,1.0,0.5
topic-5721,banking law,financial law,llm_expansion_retrieval_llama3.2_3b_full,financial regulation,"[""financial regulation"", ""financial law"", ""financial policy"", ""regulatory law"", ""regulatory economics""]",5,0.7170782089233398,False,True,True,True,1.0,1.0,0.5
topic-1316,banking systems,financial systems,llm_expansion_retrieval_llama3.2_3b_full,financial systems,"[""financial systems"", ""monetary authority"", ""financial structure"", ""credit infrastructure"", ""financial management""]",5,0.6412320137023926,True,True,True,True,1.0,1.000000238418579,1.0
topic-1318,primary education,elementary education,llm_expansion_retrieval_llama3.2_3b_full,elementary education,"[""elementary education"", ""schooling"", ""human development"", ""development"", ""development theories""]",5,0.6708557605743408,True,True,True,True,1.0,1.000000238418579,1.0
topic-5221,bayesian statistics,Bayesian inference,llm_expansion_retrieval_llama3.2_3b_full,Bayesian inference,"[""Bayesian inference"", ""decision analysis"", ""decision process"", ""statistical techniques"", ""statistical mathematics""]",5,0.7215685844421387,True,True,True,True,1.0,1.0000001192092896,1.0
topic-4283,corporate policy and strategy,business strategy,llm_expansion_retrieval_llama3.2_3b_full,business strategy,"[""business strategy"", ""business frameworks"", ""marketing strategy"", ""market strategy"", ""strategic planning""]",5,0.6599400043487549,True,True,True,True,1.0,1.000000238418579,1.0
topic-1998,business communication and ethics,corporate communication ethics,llm_expansion_retrieval_llama3.2_3b_full,corporate ethics,"[""corporate ethics"", ""corporate communication ethics"", ""corporate conscience"", ""ethical management"", ""professional ethics""]",5,0.6544442176818848,False,True,True,True,1.0,1.0000001192092896,0.5
topic-5551,business modelling,business analytics,llm_expansion_retrieval_llama3.2_3b_full,business strategy,"[""business strategy"", ""market analysis"", ""organizational structure"", ""marketing strategy"", ""market strategy""]",5,0.6774659156799316,False,False,False,False,0.6285714285714286,0.5581046342849731,0.0
topic-1320,business economics,managerial economics,llm_expansion_retrieval_llama3.2_3b_full,industrial economics,"[""industrial economics"", ""managerial economics"", ""financial economics"", ""business finance"", ""economic science""]",5,0.6611673831939697,False,True,True,True,1.0,1.0000001192092896,0.5
topic-1321,business ethics,corporate ethics,llm_expansion_retrieval_llama3.2_3b_full,corporate ethics,"[""corporate ethics"", ""conduct"", ""corporate conscience"", ""professional ethics"", ""moral philosophy""]",5,0.6858150959014893,True,True,True,True,1.0,1.0000001192092896,1.0
topic-2532,business studies,business administration,llm_expansion_retrieval_llama3.2_3b_full,business finance,"[""business finance"", ""business finance; global finance"", ""market analysis"", ""organizational studies"", ""organizational structure""]",5,0.6398382186889648,False,False,False,False,0.6666666666666667,0.5949974060058594,0.0
topic-15222,Firm relocation,business relocation,llm_expansion_retrieval_llama3.2_3b_full,business relocation,"[""business relocation"", ""organizational transformation"", ""corporate consolidation"", ""organizational growth"", ""adaptive organizations""]",5,0.649439811706543,True,True,True,True,1.0,1.0000001192092896,1.0
topic-7801,companies,businesses,llm_expansion_retrieval_llama3.2_3b_full,businesses,"[""businesses"", ""small businesses"", ""sociology of organizations"", ""organizational structure"", ""organizational studies""]",5,0.6384232044219971,True,True,True,True,1.0,0.9999998807907104,1.0
topic-8685,bounded rationality,limited rationality,llm_expansion_retrieval_llama3.2_3b_full,limited rationality,"[""limited rationality"", ""reasoning"", ""decision process"", ""logical argumentation"", ""simplification""]",5,0.7784531116485596,True,True,True,True,1.0,1.0000001192092896,1.0
topic-5681,information systems management,IT management,llm_expansion_retrieval_llama3.2_3b_full,IT management,"[""IT management"", ""information technology"", ""IT administration"", ""technology oversight"", ""governance""]",5,0.6795916557312012,True,True,True,True,1.0,1.0,1.0
topic-2536,taxes,levies,llm_expansion_retrieval_llama3.2_3b_full,assessment,"[""assessment"", ""income tax"", ""levies"", ""company tax"", ""earnings tax""]",5,0.6646738052368164,False,True,True,True,1.0,1.0,0.3333333333333333
topic-1327,tax law,fiscal law,llm_expansion_retrieval_llama3.2_3b_full,income tax,"[""income tax"", ""EU tax regulations"", ""financial regulation"", ""fiscal law"", ""global tax law""]",5,0.6533820629119873,False,True,False,True,1.0,1.0,0.25
topic-1328,investment,investing,llm_expansion_retrieval_llama3.2_3b_full,funding,"[""funding"", ""investing"", ""investment evaluation"", ""income allocation"", ""financial policy""]",5,0.6386351585388184,False,True,True,True,1.0,1.0,0.5
topic-11441,investor behaviour,Investor psychology,llm_expansion_retrieval_llama3.2_3b_full,risk management,"[""risk management"", ""investment theory"", ""Investor psychology"", ""investing"", ""investment evaluation""]",5,0.6937015056610107,False,True,True,True,1.0,1.0,0.3333333333333333
topic-6461,mutual fund,investment fund,llm_expansion_retrieval_llama3.2_3b_full,investment fund,"[""investment fund"", ""investment funds"", ""investing"", ""investment theory"", ""investment evaluation""]",5,0.762089729309082,True,True,True,True,1.0,1.0000001192092896,1.0
topic-1331,policy evaluation,policy analysis,llm_expansion_retrieval_llama3.2_3b_full,policy analysis,"[""policy analysis"", ""oversight"", ""regulatory law"", ""internal oversight"", ""regulatory economics""]",5,0.7329933643341064,True,True,True,True,1.0,1.0,1.0
topic-4681,mediation,conflict resolution,llm_expansion_retrieval_llama3.2_3b_full,dispute resolution,"[""dispute resolution"", ""dispute arbitration"", ""conflict resolution"", ""negotiation"", ""disputes""]",5,0.6989455223083496,False,True,True,True,1.0,1.000000238418579,0.3333333333333333
topic-9022,assertive outreach,proactive engagement,llm_expansion_retrieval_llama3.2_3b_full,proactive engagement,"[""proactive engagement"", ""aggression"", ""communication channels"", ""group interactions"", ""hostility""]",5,0.6700930595397949,True,True,True,True,1.0,0.9999999403953552,1.0
topic-2541,berber language,Tamazight,llm_expansion_retrieval_llama3.2_3b_full,Tamazight,"[""Tamazight"", ""Arabian"", ""Sub-Saharan region"", ""ancient Hebrew"", ""ethnic groups""]",5,0.7153711318969727,True,True,True,True,1.0,1.000000238418579,1.0
topic-1997,occupational ethics,professional ethics,llm_expansion_retrieval_llama3.2_3b_full,professional ethics,"[""professional ethics"", ""corporate ethics"", ""conduct"", ""ethical management"", ""occupational health""]",5,0.761847734451294,True,True,True,True,1.0,1.0,1.0
topic-15902,Occupational ethics for ministers,ministerial ethics,llm_expansion_retrieval_llama3.2_3b_full,spiritual leadership,"[""spiritual leadership"", ""ministerial ethics"", ""Pastoral Counseling Psychology"", ""spiritual guidance"", ""Ecclesiastical leadership""]",5,0.7880690097808838,False,True,True,True,1.0,1.0000001192092896,0.5
topic-4353,occupational diseases,work-related illnesses,llm_expansion_retrieval_llama3.2_3b_full,work-related illnesses,"[""work-related illnesses"", ""occupational health"", ""health psychology"", ""health policy"", ""long-term illnesses""]",5,0.7156252861022949,True,True,True,True,1.0,1.0,1.0
topic-16804,protected species,endangered species,llm_expansion_retrieval_llama3.2_3b_full,endangered species,"[""endangered species"", ""risk management"", ""ecological management"", ""ecological criminal law"", ""natural diversity""]",5,0.7159221172332764,True,True,True,True,1.0,1.0000001192092896,1.0
topic-2542,decision theory,decision analysis,llm_expansion_retrieval_llama3.2_3b_full,decision process,"[""decision process"", ""evolving game theory"", ""collaborative game theory"", ""process optimization"", ""decision analysis""]",5,0.6959881782531738,False,True,False,True,1.0,1.0000001192092896,0.2
topic-2643,decision support systems,decision aid systems,llm_expansion_retrieval_llama3.2_3b_full,knowledge systems,"[""knowledge systems"", ""strategic planning"", ""decision process"", ""decision aid systems"", ""business analytics""]",5,0.7025587558746338,False,True,False,True,1.0,0.9999998807907104,0.25
topic-6807,decision making,decision process,llm_expansion_retrieval_llama3.2_3b_full,strategic planning,"[""strategic planning"", ""policy analysis"", ""business strategy"", ""strategic partnerships"", ""public policy""]",5,0.654057502746582,False,False,False,False,0.42105263157894735,0.4499463438987732,0.0
topic-1337,information management and technology,information systems management,llm_expansion_retrieval_llama3.2_3b_full,information systems management,"[""information systems management"", ""IT management"", ""data management"", ""information technology"", ""data management systems""]",5,0.6962518692016602,True,True,True,True,1.0,1.0000001192092896,1.0
topic-1338,administrative reform,bureaucratic reform,llm_expansion_retrieval_llama3.2_3b_full,policy analysis,"[""policy analysis"", ""reorganisation"", ""administrative organisation"", ""public policy"", ""bureaucratic reform""]",5,0.6896605491638184,False,True,False,True,1.0,1.0,0.2
topic-1340,management of non-profit organisations,non-profit management,llm_expansion_retrieval_llama3.2_3b_full,charitable organizations,"[""charitable organizations"", ""non-profit management"", ""charitable sector"", ""administration"", ""oversight""]",5,0.7404472827911377,False,True,True,True,1.0,1.0000001192092896,0.5
topic-1341,public administration,administrative organisation,llm_expansion_retrieval_llama3.2_3b_full,governance,"[""governance"", ""public management"", ""administrative organisation"", ""administration"", ""regional administration""]",5,0.6684575080871582,False,True,True,True,1.0,1.0000001192092896,0.3333333333333333
topic-3792,administrative procedural law,administrative litigation,llm_expansion_retrieval_llama3.2_3b_full,regulatory law,"[""regulatory law"", ""governance"", ""regulatory economics"", ""bureaucratic reform"", ""legal governance""]",5,0.7397174835205078,False,False,False,False,0.31818181818181823,0.5195858478546143,0.0
topic-1342,administrative law,regulatory law,llm_expansion_retrieval_llama3.2_3b_full,regulatory law,"[""regulatory law"", ""public policy"", ""regulatory economics"", ""financial regulation"", ""administrative litigation""]",5,0.6882796287536621,True,True,True,True,1.0,1.0,1.0
topic-8942,consciousness,awareness,llm_expansion_retrieval_llama3.2_3b_full,self-awareness,"[""self-awareness"", ""awareness"", ""cognitive psychology"", ""sight perception"", ""language cognition""]",5,0.6398963928222656,False,True,True,True,1.0,1.0,0.5
topic-2278,bible (studies),biblical studies,llm_expansion_retrieval_llama3.2_3b_full,biblical studies,"[""biblical studies"", ""Bible interpretation"", ""New Testament studies"", ""religious studies"", ""Christian cultural studies""]",5,0.7952466011047363,True,True,True,True,1.0,1.0,1.0
topic-2332,bible as literature,scriptural literature,llm_expansion_retrieval_llama3.2_3b_full,biblical studies,"[""biblical studies"", ""Hebrew Bible"", ""New Testament studies"", ""Christian Scriptures"", ""religious studies""]",5,0.7299342155456543,False,False,False,False,0.5365853658536586,0.40163731575012207,0.0
topic-16882,Bible and culture,scriptural influence on culture,llm_expansion_retrieval_llama3.2_3b_full,religious tradition,"[""religious tradition"", ""religious sociology"", ""Christian Scriptures"", ""scriptural influence on culture"", ""heritage and progress""]",5,0.7987451553344727,False,True,False,True,1.0,1.0000001192092896,0.25
topic-2330,bible translations,scripture translations,llm_expansion_retrieval_llama3.2_3b_full,Bible interpretation,"[""Bible interpretation"", ""Christian Scriptures"", ""early Christian texts"", ""theological literature"", ""interpretation""]",5,0.7085170745849609,False,False,False,False,0.5555555555555556,0.740384578704834,0.0
topic-1344,bible studies; exegesis,Bible interpretation,llm_expansion_retrieval_llama3.2_3b_full,Bible interpretation,"[""Bible interpretation"", ""scriptural literature"", ""interpretation"", ""theological literature"", ""scripture translations""]",5,0.7333848476409912,True,True,True,True,1.0,1.0,1.0
topic-1346,bible studies; new testament,New Testament studies,llm_expansion_retrieval_llama3.2_3b_full,Bible interpretation,"[""Bible interpretation"", ""Christian Scriptures"", ""New Testament studies"", ""scripture translations"", ""early Christian texts""]",5,0.7201342582702637,False,True,True,True,1.0,1.0000001192092896,0.3333333333333333
topic-1348,biodiversity,natural diversity,llm_expansion_retrieval_llama3.2_3b_full,natural diversity,"[""natural diversity"", ""diversity"", ""cultural diversity"", ""heritage and progress"", ""diverse society""]",5,0.6818406581878662,True,True,True,True,1.0,1.0000001192092896,1.0
topic-12123,"Blanchot, Maurice (1907-2003)",literary philosopher,llm_expansion_retrieval_llama3.2_3b_full,post-structuralism,"[""post-structuralism"", ""existential philosopher"", ""literary philosopher"", ""contemporary philosopher"", ""Scholastic philosopher""]",5,0.7591416835784912,False,True,True,True,1.0,1.0,0.3333333333333333
topic-1351,urban planning and building law,city planning regulations,llm_expansion_retrieval_llama3.2_3b_full,city planning regulations,"[""city planning regulations"", ""Municipal governance"", ""city planning"", ""local government law"", ""municipal finance""]",5,0.8303492069244385,True,True,True,True,1.0,0.9999999403953552,1.0
topic-1352,brabant,Brabant region,llm_expansion_retrieval_llama3.2_3b_full,Dutch language,"[""Dutch language"", ""local history"", ""Brabant region"", ""city history"", ""developing countries""]",5,0.6468110084533691,False,True,True,True,1.0,0.9999998807907104,0.3333333333333333
topic-1402,Letter of James,Epistle of James,llm_expansion_retrieval_llama3.2_3b_full,Epistle of James,"[""Epistle of James"", ""Hebrew Bible"", ""ancient Hebrew"", ""New Testament studies"", ""scripture translations""]",5,0.8900618553161621,True,True,True,True,1.0,1.0,1.0
topic-1356,law of civil procedure,civil litigation law,llm_expansion_retrieval_llama3.2_3b_full,civil litigation law,"[""civil litigation law"", ""civil law"", ""Civil law methodology"", ""disputes"", ""legal procedure""]",5,0.8350954055786133,True,True,True,True,1.0,1.0,1.0
topic-1357,civil law,non-criminal law,llm_expansion_retrieval_llama3.2_3b_full,criminal code,"[""criminal code"", ""South African legal system"", ""legal informatics"", ""legal governance"", ""global law""]",5,0.6851179599761963,False,False,False,False,0.6206896551724138,0.5483696460723877,0.0
topic-17103,Citizens Participation,public involvement,llm_expansion_retrieval_llama3.2_3b_full,Participatory governance,"[""Participatory governance"", ""governance"", ""public involvement"", ""civic community"", ""proactive engagement""]",5,0.6821048259735107,False,True,True,True,1.0,1.000000238418579,0.3333333333333333
topic-13521,citizenship,nationality,llm_expansion_retrieval_llama3.2_3b_full,nationality,"[""nationality"", ""immigration law"", ""ethnic groups"", ""immigrants"", ""promotion""]",5,0.611457347869873,True,True,True,True,1.0,1.0,1.0
topic-9901,burnout,exhaustion,llm_expansion_retrieval_llama3.2_3b_full,exhaustion,"[""exhaustion"", ""emotional exhaustion"", ""stress management"", ""tiredness"", ""stress control""]",5,0.6936690807342529,True,True,True,True,1.0,1.0000001192092896,1.0
topic-15463,Business Process Management,process optimization,llm_expansion_retrieval_llama3.2_3b_full,process optimization,"[""process optimization"", ""manufacturing process management"", ""organizational transformation"", ""adaptive organizations"", ""corporate management""]",5,0.6843855381011963,True,True,True,True,1.0,1.0,1.0
topic-9783,business transactions,commercial dealings,llm_expansion_retrieval_llama3.2_3b_full,commercial dealings,"[""commercial dealings"", ""financial instruments"", ""financial law"", ""financial management"", ""financial systems""]",5,0.6642520427703857,True,True,True,True,1.0,1.000000238418579,1.0
topic-2564,collective labour agreements,union contracts,llm_expansion_retrieval_llama3.2_3b_full,union contracts,"[""union contracts"", ""contract law"", ""employment law"", ""labor unions"", ""employment policy""]",5,0.7316312789916992,True,True,True,True,1.0,1.0000001192092896,1.0
topic-2570,central banks,monetary authority,llm_expansion_retrieval_llama3.2_3b_full,monetary authority,"[""monetary authority"", ""financial systems"", ""international financial institution"", ""regulatory law"", ""institutions""]",5,0.6706535816192627,True,True,True,True,1.0,0.9999999403953552,1.0
topic-6302,China,People's Republic of China,llm_expansion_retrieval_llama3.2_3b_full,People's Republic of China,"[""People's Republic of China"", ""East Europe"", ""Regional language and society"", ""Marxism"", ""Sub-Saharan region""]",5,0.7476599216461182,True,True,True,True,1.0,1.0,1.0
topic-12461,surgery,surgical procedure,llm_expansion_retrieval_llama3.2_3b_full,surgical procedure,"[""surgical procedure"", ""legal procedure"", ""recollection"", ""assistance"", ""operational analysis""]",5,0.6056914329528809,True,True,True,True,1.0,1.0,1.0
topic-11383,Christian creed,Christian statement of belief,llm_expansion_retrieval_llama3.2_3b_full,faith,"[""faith"", ""doctrine"", ""Christian statement of belief"", ""modern theological themes"", ""faith-based communication""]",5,0.6920199394226074,False,True,True,True,1.0,0.9999998807907104,0.3333333333333333
topic-4242,christian philosophy,Christian worldview,llm_expansion_retrieval_llama3.2_3b_full,applied theology,"[""applied theology"", ""faith-based communication"", ""theological literature"", ""faith-based groups"", ""religious philosophy""]",5,0.7783138751983643,False,False,False,False,0.3414634146341463,0.6448829174041748,0.0
topic-2304,christian liturgy,Christian worship,llm_expansion_retrieval_llama3.2_3b_full,Christian worship,"[""Christian worship"", ""current liturgical practice"", ""liturgical theology"", ""ritual analysis"", ""modern worship""]",5,0.7500438690185547,True,True,True,True,1.0,1.0,1.0
topic-16544,Christianity and Culture,Christian cultural studies,llm_expansion_retrieval_llama3.2_3b_full,Christian cultural studies,"[""Christian cultural studies"", ""cross-cultural theology"", ""faith"", ""applied theology"", ""religious studies""]",5,0.8237392902374268,True,True,True,True,1.0,1.0,1.0
topic-181,chronic heart failure,persistent heart failure,llm_expansion_retrieval_llama3.2_3b_full,persistent heart failure,"[""persistent heart failure"", ""cardiovascular diseases"", ""long-term illnesses"", ""well-being after cardiovascular diseases"", ""end-of-life care""]",5,0.737236738204956,True,True,True,True,1.0,1.0000001192092896,1.0
topic-17142,chronic diseases,long-term illnesses,llm_expansion_retrieval_llama3.2_3b_full,long-term illnesses,"[""long-term illnesses"", ""health policy"", ""psychological disorders"", ""work-related illnesses"", ""health psychology""]",5,0.7373454570770264,True,True,True,True,1.0,1.0,1.0
topic-2577,civil society,civic community,llm_expansion_retrieval_llama3.2_3b_full,civic community,"[""civic community"", ""non-profit management"", ""charitable sector"", ""charitable organizations"", ""government sector""]",5,0.6797304153442383,True,True,True,True,1.0,1.0,1.0
topic-2582,cognition,mental processes,llm_expansion_retrieval_llama3.2_3b_full,awareness,"[""awareness"", ""self-awareness"", ""sight perception"", ""hearing perception"", ""sensory awareness""]",5,0.6150119304656982,False,False,False,False,0.4242424242424242,0.4282141923904419,0.0
topic-4240,cognitive linguistics,language cognition,llm_expansion_retrieval_llama3.2_3b_full,psycholinguistics,"[""psycholinguistics"", ""language cognition"", ""language processing systems"", ""cognitive psychology"", ""mental science""]",5,0.7402961254119873,False,True,True,True,1.0,0.9999999403953552,0.5
topic-1936,cognitive neuropsychology,neurocognitive psychology,llm_expansion_retrieval_llama3.2_3b_full,mental processes,"[""mental processes"", ""cognitive psychology"", ""neurocognitive psychology"", ""cognitive studies"", ""brain-behavior science""]",5,0.7630441188812256,False,True,True,True,1.0,1.0000001192092896,0.3333333333333333
topic-6681,cognitive processes,mental processes,llm_expansion_retrieval_llama3.2_3b_full,brain-behavior science,"[""brain-behavior science"", ""mental processes"", ""physiological psychology"", ""theoretical psychology"", ""mental science""]",5,0.6763911247253418,False,True,True,True,1.0,1.0,0.5
topic-2584,cognitive science,cognitive studies,llm_expansion_retrieval_llama3.2_3b_full,computational modeling,"[""computational modeling"", ""information processing"", ""computational models"", ""machine intelligence"", ""cognitive psychology""]",5,0.6996877193450928,False,False,False,False,0.5945945945945945,0.8361703157424927,0.0
topic-6141,collective labour agreements,union contracts,llm_expansion_retrieval_llama3.2_3b_full,union contracts,"[""union contracts"", ""contract law"", ""employment law"", ""labor unions"", ""employment policy""]",5,0.7379665374755859,True,True,True,True,1.0,1.0000001192092896,1.0
topic-8941,coma,unconscious state,llm_expansion_retrieval_llama3.2_3b_full,unconscious state,"[""unconscious state"", ""brain injury"", ""brain bleed"", ""end-of-life care"", ""mercy killing""]",5,0.6837975978851318,True,True,True,True,1.0,1.0000001192092896,1.0
topic-13041,work-family confict,work-life conflict,llm_expansion_retrieval_llama3.2_3b_full,work-life conflict,"[""work-life conflict"", ""work-life balance"", ""professional ethics"", ""obligation of care"", ""quality of worklife""]",5,0.723289966583252,True,True,True,True,1.0,1.0,1.0
topic-2585,combinatorics,combinatorial mathematics,llm_expansion_retrieval_llama3.2_3b_full,combinatorial mathematics,"[""combinatorial mathematics"", ""mathematical foundations"", ""computational mathematics"", ""statistical mathematics"", ""constructivist mathematics""]",5,0.786229133605957,True,True,True,True,1.0,1.0,1.0
topic-1361,communication,information exchange,llm_expansion_retrieval_llama3.2_3b_full,group interactions,"[""group interactions"", ""interfaith dialogue"", ""textual interaction"", ""simplification"", ""information exchange""]",5,0.5816411972045898,False,True,False,True,1.0,1.000000238418579,0.2
topic-1364,communication skills,interpersonal skills,llm_expansion_retrieval_llama3.2_3b_full,interpersonal skills,"[""interpersonal skills"", ""interpersonal psychology"", ""collaborative work"", ""interpersonal process"", ""speech""]",5,0.6793191432952881,True,True,True,True,1.0,1.0,1.0
topic-10421,communitarianism,Community-based philosophy,llm_expansion_retrieval_llama3.2_3b_full,social unity,"[""social unity"", ""social ethics"", ""corporate ethics"", ""Cooperation"", ""Community-based philosophy""]",5,0.6861603260040283,False,True,False,True,1.0,1.0000001192092896,0.2
topic-16003,Competence development,Capability development,llm_expansion_retrieval_llama3.2_3b_full,skill development,"[""skill development"", ""skills training"", ""development"", ""organizational growth"", ""talent development""]",5,0.6453225612640381,False,False,False,False,0.75,0.6208651065826416,0.0
topic-2591,competition,rivalry,llm_expansion_retrieval_llama3.2_3b_full,rivalry,"[""rivalry"", ""ethnic groups"", ""disputes"", ""diversity"", ""minority cultures""]",5,0.6042389869689941,True,True,True,True,1.0,0.9999999403953552,1.0
topic-11944,computational semantics,machine semantics,llm_expansion_retrieval_llama3.2_3b_full,computational linguistics,"[""computational linguistics"", ""practical linguistics"", ""language learning"", ""social linguistics"", ""language processing systems""]",5,0.7324047088623047,False,False,False,False,0.4761904761904761,0.5920535326004028,0.0
topic-1368,computer crime,cybercrime,llm_expansion_retrieval_llama3.2_3b_full,cybercrime,"[""cybercrime"", ""cyberspace"", ""technology oversight"", ""tech ethics"", ""cyber culture""]",5,0.6822528839111328,True,True,True,True,1.0,1.0000001192092896,1.0
topic-5801,computer linguistics,computational linguistics,llm_expansion_retrieval_llama3.2_3b_full,information processing,"[""information processing"", ""computational linguistics"", ""machine intelligence"", ""practical linguistics"", ""social linguistics""]",5,0.6950886249542236,False,True,True,True,1.0,1.0,0.5
topic-2596,computer models,computational models,llm_expansion_retrieval_llama3.2_3b_full,computational models,"[""computational models"", ""computational modeling"", ""simulation"", ""statistical techniques"", ""statistical mathematics""]",5,0.7229149341583252,True,True,True,True,1.0,1.0,1.0
topic-2598,computer simulation,computational modeling,llm_expansion_retrieval_llama3.2_3b_full,computational modeling,"[""computational modeling"", ""computational models"", ""computational mathematics"", ""Systems modeling"", ""three-part model""]",5,0.6502971649169922,True,True,True,True,1.0,1.0000001192092896,1.0
topic-1372,computer systems,computing systems,llm_expansion_retrieval_llama3.2_3b_full,information technology,"[""information technology"", ""computing systems"", ""information systems management"", ""information and communication technology"", ""collaborative information systems""]",5,0.6899981498718262,False,True,True,True,1.0,1.0000001192092896,0.5
topic-8021,mediation,conflict resolution,llm_expansion_retrieval_llama3.2_3b_full,dispute resolution,"[""dispute resolution"", ""dispute arbitration"", ""conflict resolution"", ""negotiation"", ""disputes""]",5,0.687208890914917,False,True,True,True,1.0,1.000000238418579,0.3333333333333333
topic-2110,conflicts,disputes,llm_expansion_retrieval_llama3.2_3b_full,disputes,"[""disputes"", ""tension"", ""dispute resolution"", ""dispute arbitration"", ""conflict resolution""]",5,0.6407277584075928,True,True,True,True,1.0,1.0,1.0
topic-1376,constitutional law,fundamental law,llm_expansion_retrieval_llama3.2_3b_full,jurisprudence,"[""jurisprudence"", ""authority"", ""financial regulation"", ""regulatory law"", ""history of constitutional law""]",5,0.7197682857513428,False,False,False,False,0.5142857142857142,0.4463057816028595,0.0
topic-1377,constitutional law history,history of constitutional law,llm_expansion_retrieval_llama3.2_3b_full,history of constitutional law,"[""history of constitutional law"", ""jurisprudence"", ""constitutional challenges"", ""judiciary"", ""Empirical jurisprudence""]",5,0.8855071067810059,True,True,True,True,1.0,1.0,1.0
topic-3790,constitutional issues,constitutional challenges,llm_expansion_retrieval_llama3.2_3b_full,basic rights,"[""basic rights"", ""constitutional challenges"", ""legal philosophy"", ""legal governance"", ""legal theory""]",5,0.6781294345855713,False,True,True,True,1.0,1.0000001192092896,0.5
topic-1378,consumer behaviour,buying behavior,llm_expansion_retrieval_llama3.2_3b_full,consumer psychology,"[""consumer psychology"", ""buying behavior"", ""online retail"", ""behavioral economics"", ""market strategy""]",5,0.6943738460540771,False,True,True,True,1.0,0.9999999403953552,0.5
topic-2617,cooperative information systems,collaborative information systems,llm_expansion_retrieval_llama3.2_3b_full,collaborative work,"[""collaborative work"", ""collaborative systems"", ""collaborative information systems"", ""Collaborative Information Systems Development"", ""software applications""]",5,0.7352347373962402,False,True,True,True,1.0,1.0,0.3333333333333333
topic-2626,cooperative game theory,collaborative game theory,llm_expansion_retrieval_llama3.2_3b_full,collaborative game theory,"[""collaborative game theory"", ""Cooperation"", ""evolving game theory"", ""cooperative learning"", ""strategic interaction theory""]",5,0.7889518737792969,True,True,True,True,1.0,1.0,1.0
topic-9921,coping,stress management,llm_expansion_retrieval_llama3.2_3b_full,personnel management,"[""personnel management"", ""corporate management"", ""IT management"", ""public management"", ""administration""]",5,0.685309648513794,False,False,False,False,0.8,0.4077557325363159,0.0
topic-1383,corporate governance,corporate management,llm_expansion_retrieval_llama3.2_3b_full,organizational structure,"[""organizational structure"", ""corporate management"", ""business administration"", ""administration"", ""governance""]",5,0.6336305141448975,False,True,True,True,1.0,1.000000238418579,0.5
topic-1384,criminology,criminal science,llm_expansion_retrieval_llama3.2_3b_full,penal law,"[""penal law"", ""criminal science"", ""criminal psychology"", ""criminal code"", ""judiciary""]",5,0.6743283271789551,False,True,True,True,1.0,1.000000238418579,0.5
topic-1934,cross-cultural research,intercultural research,llm_expansion_retrieval_llama3.2_3b_full,intercultural research,"[""intercultural research"", ""intercultural research methods"", ""diversity"", ""intercultural psychology"", ""cultural diversity""]",5,0.7055907249450684,True,True,True,True,1.0,1.0,1.0
topic-1386,cross-cultural psychology,intercultural psychology,llm_expansion_retrieval_llama3.2_3b_full,intercultural psychology,"[""intercultural psychology"", ""intercultural research"", ""intercultural research methods"", ""philosophy of psychology"", ""minority cultures""]",5,0.7133023738861084,True,True,True,True,1.0,1.0000001192092896,1.0
topic-8882,cultural heritage,cultural legacy,llm_expansion_retrieval_llama3.2_3b_full,heritage and progress,"[""heritage and progress"", ""cultural practices"", ""religious tradition"", ""cultural economics"", ""sociology of culture""]",5,0.6962049007415771,False,False,False,False,0.6666666666666667,0.6419668793678284,0.0
topic-15542,Economics of art and culture,cultural economics,llm_expansion_retrieval_llama3.2_3b_full,cultural economics,"[""cultural economics"", ""arts instruction"", ""cultural practices"", ""corporate culture"", ""cultural philosophy""]",5,0.7169885635375977,True,True,True,True,1.0,1.0000001192092896,1.0
topic-2631,cultural diversity,cultural variety,llm_expansion_retrieval_llama3.2_3b_full,diversity,"[""diversity"", ""natural diversity"", ""ethnic groups"", ""diverse society"", ""nationality""]",5,0.6650145053863525,False,False,False,False,0.6666666666666667,0.5559569597244263,0.0
topic-3466,culture,cultural practices,llm_expansion_retrieval_llama3.2_3b_full,heritage and progress,"[""heritage and progress"", ""religious tradition"", ""cultural legacy"", ""Brabant heritage"", ""diverse society""]",5,0.6034274101257324,False,False,False,False,0.6666666666666667,0.6419668793678284,0.0
topic-1390,culture and internationalisation,global culture,llm_expansion_retrieval_llama3.2_3b_full,cultural diversity,"[""cultural diversity"", ""global culture"", ""cross-cultural psychology"", ""cross-cultural differences"", ""cross-cultural communication""]",5,0.7099332809448242,False,True,True,True,1.0,1.0,0.5
topic-1389,culture in brabant,Brabant heritage,llm_expansion_retrieval_llama3.2_3b_full,Brabant heritage,"[""Brabant heritage"", ""Brabant region"", ""Dutch language"", ""global culture"", ""Dutch language acquisition""]",5,0.7301921844482422,True,True,True,True,1.0,1.0,1.0
topic-1950,cultural and country differences,cross-cultural differences,llm_expansion_retrieval_llama3.2_3b_full,cross-cultural differences,"[""cross-cultural differences"", ""cultural variety"", ""global culture"", ""cross-cultural psychology"", ""cultural diversity""]",5,0.7923009395599365,True,True,True,True,1.0,1.000000238418579,1.0
topic-8881,cultural and social history,social and cultural history,llm_expansion_retrieval_llama3.2_3b_full,social and cultural history,"[""social and cultural history"", ""intercultural research"", ""cultural practices"", ""cultural economics"", ""Christian cultural studies""]",5,0.7203183174133301,True,True,True,True,1.0,1.0000001192092896,1.0
topic-1561,Art education,arts instruction,llm_expansion_retrieval_llama3.2_3b_full,arts instruction,"[""arts instruction"", ""aesthetics philosophy"", ""instructional psychology"", ""instructional materials"", ""educational technology""]",5,0.6817405223846436,True,True,True,True,1.0,0.9999998211860657,1.0
topic-1388,philosophy of culture,cultural philosophy,llm_expansion_retrieval_llama3.2_3b_full,cultural philosophy,"[""cultural philosophy"", ""intercultural research"", ""cultural practices"", ""cultural economics"", ""sociology of culture""]",5,0.688666820526123,True,True,True,True,1.0,1.000000238418579,1.0
topic-1392,cultural psychology,cross-cultural psychology,llm_expansion_retrieval_llama3.2_3b_full,cross-cultural psychology,"[""cross-cultural psychology"", ""intercultural psychology"", ""cross-cultural differences"", ""cross-cultural intelligence"", ""cross-cultural communication""]",5,0.737269401550293,True,True,True,True,1.0,1.0,1.0
topic-1393,cultural sociology,sociology of culture,llm_expansion_retrieval_llama3.2_3b_full,sociology of culture,"[""sociology of culture"", ""cultural practices"", ""social theories"", ""global culture"", ""cultural philosophy""]",5,0.810187578201294,True,True,True,True,1.0,1.0,1.0
topic-1928,cultureral differences,cultural diversity,llm_expansion_retrieval_llama3.2_3b_full,cross-cultural differences,"[""cross-cultural differences"", ""cultural variety"", ""global culture"", ""cross-cultural psychology"", ""cultural diversity""]",5,0.6870670318603516,False,True,False,True,1.0,1.0000001192092896,0.2
topic-2636,data mining,data analysis,llm_expansion_retrieval_llama3.2_3b_full,data analysis,"[""data analysis"", ""prediction"", ""decision analysis"", ""business analytics"", ""information processing""]",5,0.6589438915252686,True,True,True,True,1.0,0.9999999403953552,1.0
topic-2637,data warehouse,data repository,llm_expansion_retrieval_llama3.2_3b_full,data repository,"[""data repository"", ""data repositories"", ""data management"", ""business analytics"", ""data management systems""]",5,0.7002243995666504,True,True,True,True,1.0,1.0,1.0
topic-1395,databases,data repositories,llm_expansion_retrieval_llama3.2_3b_full,data management systems,"[""data management systems"", ""data management"", ""data repositories"", ""data repository"", ""information systems management""]",5,0.6275882720947266,False,True,True,True,1.0,1.0,0.3333333333333333
topic-1397,decentralization,devolution,llm_expansion_retrieval_llama3.2_3b_full,interconnected systems,"[""interconnected systems"", ""computing systems"", ""collaborative systems"", ""Systems modeling"", ""spatial economics""]",5,0.7179627418518066,False,False,False,False,0.3846153846153846,0.3368740677833557,0.0
topic-5637,deconstruction,critical analysis,llm_expansion_retrieval_llama3.2_3b_full,data analysis,"[""data analysis"", ""meaning analysis"", ""radical critique"", ""text analysis"", ""decision analysis""]",5,0.6449532508850098,False,False,False,False,0.7333333333333334,0.47631704807281494,0.0
topic-2327,dementia,cognitive decline,llm_expansion_retrieval_llama3.2_3b_full,cognitive decline,"[""cognitive decline"", ""cognitive studies"", ""attention deficit disorder"", ""cognitive psychology"", ""cognitive effort""]",5,0.7556793689727783,True,True,True,True,1.0,1.0,1.0
topic-1398,democracy,popular government,llm_expansion_retrieval_llama3.2_3b_full,governance,"[""governance"", ""governance crisis"", ""community governance"", ""legal governance"", ""self-governance""]",5,0.6451630592346191,False,False,False,False,0.5882352941176471,0.5294259786605835,0.0
topic-1399,demography,population studies,llm_expansion_retrieval_llama3.2_3b_full,population studies,"[""population studies"", ""population aging"", ""research methods and statistics"", ""economic statistics"", ""statistical mathematics""]",5,0.6710164546966553,True,True,True,True,1.0,0.9999998807907104,1.0
topic-7761,depression,melancholy,llm_expansion_retrieval_llama3.2_3b_full,melancholy,"[""melancholy"", ""psychological disorders"", ""baby mental health"", ""psychological care"", ""grieving""]",5,0.7487359046936035,True,True,True,True,1.0,1.0000001192092896,1.0
topic-1949,depression during pregnancy,prenatal depression,llm_expansion_retrieval_llama3.2_3b_full,prenatal depression,"[""prenatal depression"", ""baby mental health"", ""childbirth"", ""melancholy"", ""psychological disorders""]",5,0.84104323387146,True,True,True,True,1.0,0.9999999403953552,1.0
topic-1400,third world,developing countries,llm_expansion_retrieval_llama3.2_3b_full,developing countries,"[""developing countries"", ""emerging economies"", ""economic development"", ""development"", ""nationhood""]",5,0.714930534362793,True,True,True,True,1.0,1.0000001192092896,1.0
topic-2645,derivatives,financial instruments,llm_expansion_retrieval_llama3.2_3b_full,financial derivatives,"[""financial derivatives"", ""financial economics"", ""market analysis"", ""capital markets"", ""market strategy""]",5,0.7027645111083984,False,False,False,False,0.6666666666666667,0.5911729335784912,0.0
topic-4327,Derrida,Jacques Derrida,llm_expansion_retrieval_llama3.2_3b_full,Jacques Derrida,"[""Jacques Derrida"", ""linguistic philosophy"", ""language psychology"", ""language science"", ""language cognition""]",5,0.7430675029754639,True,True,True,True,1.0,1.0,1.0
topic-17143,Diabetic disease,blood sugar disorder,llm_expansion_retrieval_llama3.2_3b_full,blood sugar disorder,"[""blood sugar disorder"", ""disease study"", ""seizure disorder"", ""psychological disorders"", ""cardiovascular diseases""]",5,0.7125213146209717,True,True,True,True,1.0,1.0,1.0
topic-1403,dialect and society,Regional language and society,llm_expansion_retrieval_llama3.2_3b_full,social linguistics,"[""social linguistics"", ""linguistic behavior"", ""Regional language and society"", ""psycholinguistics"", ""linguistic evolution""]",5,0.8639287948608398,False,True,True,True,1.0,1.0000001192092896,0.3333333333333333
topic-16823,Didache and James's letter,early Christian texts,llm_expansion_retrieval_llama3.2_3b_full,early Christian texts,"[""early Christian texts"", ""theological literature"", ""Christian Scriptures"", ""Christian history"", ""early Christian teachings and Judaism""]",5,0.8054816722869873,True,True,True,True,1.0,1.0,1.0
topic-4742,Didache and Matthew's gospel,Didache and the Gospel of Matthew,llm_expansion_retrieval_llama3.2_3b_full,early Christian texts,"[""early Christian texts"", ""Didache and the Gospel of Matthew"", ""Christian Scriptures"", ""Patristic studies"", ""Matthew's Gospel""]",5,0.8022048473358154,False,True,True,True,1.0,1.000000238418579,0.5
topic-4741,didache and early judaism,early Christian teachings and Judaism,llm_expansion_retrieval_llama3.2_3b_full,early Christian teachings and Judaism,"[""early Christian teachings and Judaism"", ""modern Jewish history"", ""ancient Jewish religion"", ""contemporary Judaism"", ""religious philosophy""]",5,0.826256513595581,True,True,True,True,1.0,1.0,1.0
topic-16822,"Didache, Matthew's gospel and James's letter",early Christian texts,llm_expansion_retrieval_llama3.2_3b_full,early Christian texts,"[""early Christian texts"", ""Christian Scriptures"", ""Patristic studies"", ""scripture translations"", ""New Testament studies""]",5,0.7696468830108643,True,True,True,True,1.0,1.0,1.0
topic-2652,services marketing,service promotion,llm_expansion_retrieval_llama3.2_3b_full,marketing strategy,"[""marketing strategy"", ""market strategy"", ""service promotion"", ""business strategy"", ""health services management""]",5,0.7391376495361328,False,True,True,True,1.0,1.0000001192092896,0.3333333333333333
topic-6202,service industry,service sector,llm_expansion_retrieval_llama3.2_3b_full,leisure activities,"[""leisure activities"", ""government sector"", ""businesses"", ""service sector"", ""eco-friendly tourism""]",5,0.6646990776062012,False,True,False,True,1.0,1.0000001192092896,0.25
topic-4309,digital library,electronic library,llm_expansion_retrieval_llama3.2_3b_full,data repository,"[""data repository"", ""electronic library"", ""information search"", ""data repositories"", ""information modeling""]",5,0.6575562953948975,False,True,True,True,1.0,1.000000238418579,0.5
topic-1404,digital culture,cyber culture,llm_expansion_retrieval_llama3.2_3b_full,cyber culture,"[""cyber culture"", ""cyberspace"", ""online services"", ""online business"", ""cybercrime""]",5,0.6777901649475098,True,True,True,True,1.0,1.0000001192092896,1.0
topic-1405,discrete mathematics,combinatorial mathematics,llm_expansion_retrieval_llama3.2_3b_full,combinatorial mathematics,"[""combinatorial mathematics"", ""computational mathematics"", ""mathematical sciences"", ""mathematical foundations"", ""constructivist mathematics""]",5,0.7633726596832275,True,True,True,True,1.0,1.0,1.0
topic-5461,diversity in organisations,organizational inclusivity,llm_expansion_retrieval_llama3.2_3b_full,cultural diversity,"[""cultural diversity"", ""diversity"", ""diverse society"", ""diverse city"", ""organizational inclusivity""]",5,0.7217402458190918,False,True,False,True,1.0,1.0,0.2
topic-7961,diversity management,inclusion management,llm_expansion_retrieval_llama3.2_3b_full,inclusion management,"[""inclusion management"", ""diversity"", ""cultural diversity"", ""diverse society"", ""cultural practices""]",5,0.8328313827514648,True,True,True,True,1.0,1.0,1.0
topic-2662,dividend policy,profit distribution strategy,llm_expansion_retrieval_llama3.2_3b_full,investing,"[""investing"", ""investment theory"", ""capital markets"", ""market strategy"", ""investment evaluation""]",5,0.661865234375,False,False,False,False,0.5116279069767442,0.6587254405021667,0.0
topic-1407,document retrieval,document search,llm_expansion_retrieval_llama3.2_3b_full,document search,"[""document search"", ""information retrieval system"", ""information search"", ""information processing"", ""location data""]",5,0.6201252937316895,True,True,True,True,1.0,1.0,1.0
topic-11385,dogma,doctrine,llm_expansion_retrieval_llama3.2_3b_full,doctrine,"[""doctrine"", ""nationalist ideology"", ""Military doctrine"", ""legal doctrines"", ""religious philosophy""]",5,0.6141388416290283,True,True,True,True,1.0,1.0000001192092896,1.0
topic-1408,dogmatic theology,doctrinal theology,llm_expansion_retrieval_llama3.2_3b_full,applied theology,"[""applied theology"", ""doctrinal theology"", ""theological literature"", ""theological representations"", ""feminist theology""]",5,0.7422816753387451,False,True,True,True,1.0,1.0,0.5
topic-2318,fallacies and unfair methods of discussion,logical fallacies,llm_expansion_retrieval_llama3.2_3b_full,logical fallacies,"[""logical fallacies"", ""logical argumentation"", ""disputes"", ""reasoning"", ""dispute resolution""]",5,0.7370738983154297,True,True,True,True,1.0,1.0000001192092896,1.0
topic-5126,drugs addiction,substance dependence,llm_expansion_retrieval_llama3.2_3b_full,substance abuse treatment,"[""substance abuse treatment"", ""substance dependence"", ""alcohol dependence"", ""dependency"", ""psychological disorders""]",5,0.7300975322723389,False,True,True,True,1.0,1.0000001192092896,0.5
topic-1409,german,Teutonic,llm_expansion_retrieval_llama3.2_3b_full,Teutonic,"[""Teutonic"", ""East Europe"", ""eurozone"", ""Dutch language"", ""Latvian Republic""]",5,0.6532773971557617,True,True,True,True,1.0,1.000000238418579,1.0
topic-1411,sustainable tourism,eco-friendly tourism,llm_expansion_retrieval_llama3.2_3b_full,eco-tourism,"[""eco-tourism"", ""eco-friendly tourism"", ""travel industry"", ""ecological economics"", ""green development""]",5,0.7246873378753662,False,True,True,True,1.0,1.0000001192092896,0.5
topic-3382,sustainable development,green development,llm_expansion_retrieval_llama3.2_3b_full,human development,"[""human development"", ""green development"", ""ecological management"", ""ecological policy"", ""ecological economics""]",5,0.69919753074646,False,True,True,True,1.0,1.0,0.5
topic-2667,dynamic game theory,evolving game theory,llm_expansion_retrieval_llama3.2_3b_full,evolving game theory,"[""evolving game theory"", ""strategic planning"", ""collaborative game theory"", ""strategic interaction theory"", ""behavior modification""]",5,0.8196456432342529,True,True,True,True,1.0,1.000000238418579,1.0
topic-2669,e-business,online business,llm_expansion_retrieval_llama3.2_3b_full,online business,"[""online business"", ""e-commerce"", ""online services"", ""online retail"", ""online shopping""]",5,0.6427035331726074,True,True,True,True,1.0,1.0000001192092896,1.0
topic-2670,e-commerce,online retail,llm_expansion_retrieval_llama3.2_3b_full,online business,"[""online business"", ""online shopping"", ""internet shopping"", ""online retail"", ""online services""]",5,0.6471834182739258,False,True,False,True,1.0,1.0,0.25
topic-1413,econometrics,economic modeling,llm_expansion_retrieval_llama3.2_3b_full,economic modeling,"[""economic modeling"", ""economic statistics"", ""data-driven macroeconomics"", ""quantitative finance"", ""financial modeling""]",5,0.7330362796783447,True,True,True,True,1.0,1.0,1.0
topic-1414,economics,economic science,llm_expansion_retrieval_llama3.2_3b_full,financial management,"[""financial management"", ""economic science"", ""market analysis"", ""global commerce"", ""financial accounting""]",5,0.6337218284606934,False,True,True,True,1.0,1.0,0.5
topic-12881,economics of regulation,regulatory economics,llm_expansion_retrieval_llama3.2_3b_full,regulatory economics,"[""regulatory economics"", ""economic law"", ""regulatory law"", ""government economics"", ""public policy""]",5,0.7025878429412842,True,True,True,True,1.0,1.0000001192092896,1.0
topic-5101,economics of innovation,innovation economics,llm_expansion_retrieval_llama3.2_3b_full,innovation economics,"[""innovation economics"", ""economic development"", ""local economic growth"", ""business strategy"", ""industrial economics""]",5,0.7190887928009033,True,True,True,True,1.0,1.0000001192092896,1.0
topic-1282,general economics,economic theory,llm_expansion_retrieval_llama3.2_3b_full,economic theory,"[""economic theory"", ""economic science"", ""practical econometrics"", ""individual econometrics"", ""global economics""]",5,0.6785969734191895,True,True,True,True,1.0,1.0000001192092896,1.0
topic-3464,history of economic thought,economic history,llm_expansion_retrieval_llama3.2_3b_full,economic philosophy,"[""economic philosophy"", ""economic theory"", ""economic history"", ""economic development"", ""development theories""]",5,0.6960809230804443,False,True,True,True,1.0,0.9999997615814209,0.3333333333333333
topic-1416,economic geography,spatial economics,llm_expansion_retrieval_llama3.2_3b_full,spatial economics,"[""spatial economics"", ""local economics"", ""global economics"", ""ecological economics"", ""local economic growth""]",5,0.7392313480377197,True,True,True,True,1.0,1.000000238418579,1.0
topic-2689,economic growth,economic development,llm_expansion_retrieval_llama3.2_3b_full,financial management,"[""financial management"", ""financial economics"", ""economic development"", ""financial policy"", ""business finance""]",5,0.6718647480010986,False,True,True,True,1.0,1.0,0.3333333333333333
topic-1418,psychology of economic behaviour,behavioral economics,llm_expansion_retrieval_llama3.2_3b_full,behavioral economics,"[""behavioral economics"", ""Behavioral finance"", ""individual economics"", ""decision process"", ""economic science""]",5,0.7206244468688965,True,True,True,True,1.0,0.9999998807907104,1.0
topic-6221,economic situation,economic condition,llm_expansion_retrieval_llama3.2_3b_full,economic condition,"[""economic condition"", ""financial policy"", ""financial economics"", ""financial law"", ""economic development""]",5,0.6298391819000244,True,True,True,True,1.0,1.0,1.0
topic-2056,EEG,brainwave recording,llm_expansion_retrieval_llama3.2_3b_full,brain wave test,"[""brain wave test"", ""brainwave recording"", ""muscle electrical recording"", ""neural physiology"", ""electromyogram""]",5,0.8510434627532959,False,True,True,True,1.0,0.9999998807907104,0.5
topic-4032,securities law,financial regulation,llm_expansion_retrieval_llama3.2_3b_full,financial regulation,"[""financial regulation"", ""capital markets"", ""financial law"", ""corporate law"", ""regulatory economics""]",5,0.7166702747344971,True,True,True,True,1.0,1.0000001192092896,1.0
topic-2311,property rights,ownership rights,llm_expansion_retrieval_llama3.2_3b_full,ownership rights,"[""ownership rights"", ""welfare law"", ""basic rights"", ""responsibility law"", ""European welfare law""]",5,0.6582167148590088,True,True,True,True,1.0,1.0000001192092896,1.0
topic-7721,electroencephalogram,brain wave test,llm_expansion_retrieval_llama3.2_3b_full,brain wave test,"[""brain wave test"", ""brainwave recording"", ""bioelectricity"", ""muscle electrical recording"", ""neurobehavioral science""]",5,0.7542965412139893,True,True,True,True,1.0,1.0,1.0
topic-1938,electrophysiology,bioelectricity,llm_expansion_retrieval_llama3.2_3b_full,bioelectricity,"[""bioelectricity"", ""neural physiology"", ""physiological psychology"", ""brain-behavior science"", ""biological functions""]",5,0.8878812789916992,True,True,True,True,1.0,1.000000238418579,1.0
topic-2100,electromyography,muscle electrical recording,llm_expansion_retrieval_llama3.2_3b_full,muscle electrical recording,"[""muscle electrical recording"", ""electromyogram"", ""neural physiology"", ""conduct"", ""brain wave test""]",5,0.9325270652770996,True,True,True,True,1.0,1.000000238418579,1.0
topic-15464,Electronic Business,e-commerce,llm_expansion_retrieval_llama3.2_3b_full,e-commerce,"[""e-commerce"", ""online business"", ""online shopping"", ""internet shopping"", ""global commerce""]",5,0.6460714340209961,True,True,True,True,1.0,0.9999999403953552,1.0
topic-2701,electronic commerce,online shopping,llm_expansion_retrieval_llama3.2_3b_full,online shopping,"[""online shopping"", ""internet shopping"", ""online retail"", ""e-commerce"", ""online business""]",5,0.6480340957641602,True,True,True,True,1.0,1.0000001192092896,1.0
topic-7722,EMG,electromyogram,llm_expansion_retrieval_llama3.2_3b_full,electromyogram,"[""electromyogram"", ""muscle electrical recording"", ""neural physiology"", ""bioelectricity"", ""physiological psychology""]",5,0.7887167930603027,True,True,True,True,1.0,1.0,1.0
topic-1929,emotions,feelings,llm_expansion_retrieval_llama3.2_3b_full,feelings,"[""feelings"", ""tension"", ""melancholy"", ""emotional well-being"", ""sex""]",5,0.6334943771362305,True,True,True,True,1.0,1.0,1.0
topic-2067,emotions and health,emotional well-being,llm_expansion_retrieval_llama3.2_3b_full,health psychology,"[""health psychology"", ""psychological well-being"", ""emotional well-being"", ""well-being"", ""psychological care""]",5,0.7380061149597168,False,True,True,True,1.0,1.0000001192092896,0.3333333333333333
topic-2064,emotional exhaustion,burnout,llm_expansion_retrieval_llama3.2_3b_full,burnout,"[""burnout"", ""stress management"", ""stress control"", ""exhaustion"", ""tiredness""]",5,0.7199676036834717,True,True,True,True,1.0,0.9999997615814209,1.0
topic-2705,empirical finance,Experimental finance,llm_expansion_retrieval_llama3.2_3b_full,quantitative finance,"[""quantitative finance"", ""market analysis"", ""market strategy"", ""research methods"", ""financial modeling""]",5,0.7125742435455322,False,False,False,False,0.55,0.5935747027397156,0.0
topic-1426,empirical macroeconomics,data-driven macroeconomics,llm_expansion_retrieval_llama3.2_3b_full,behavioral economics,"[""behavioral economics"", ""practical econometrics"", ""Behavioral finance"", ""data-driven macroeconomics"", ""individual econometrics""]",5,0.7020604610443115,False,True,False,True,1.0,0.9999998211860657,0.25
topic-1042,Empirical legal studies,Empirical jurisprudence,llm_expansion_retrieval_llama3.2_3b_full,Empirical jurisprudence,"[""Empirical jurisprudence"", ""legal history"", ""legal theory"", ""legal sociology"", ""jurisprudence""]",5,0.7162504196166992,True,True,True,True,1.0,1.0000001192092896,1.0
topic-5321,jurisprudence,legal theory,llm_expansion_retrieval_llama3.2_3b_full,legal theory,"[""legal theory"", ""legal philosophy"", ""legal interpretation"", ""legal history"", ""legal comparison""]",5,0.6517314910888672,True,True,True,True,1.0,1.0000001192092896,1.0
topic-2712,energy economics,energy markets,llm_expansion_retrieval_llama3.2_3b_full,energy markets,"[""energy markets"", ""energy challenges"", ""ecological policy"", ""policy analysis"", ""economic modeling""]",5,0.7083964347839355,True,True,True,True,1.0,1.0,1.0
topic-2711,energy sources,power sources,llm_expansion_retrieval_llama3.2_3b_full,power sources,"[""power sources"", ""energy markets"", ""energy challenges"", ""ecological policy"", ""ecological economics""]",5,0.6496217250823975,True,True,True,True,1.0,0.9999999403953552,1.0
topic-1429,energy problems,energy challenges,llm_expansion_retrieval_llama3.2_3b_full,energy challenges,"[""energy challenges"", ""power sources"", ""energy markets"", ""constitutional challenges"", ""process optimization""]",5,0.6259889602661133,True,True,True,True,1.0,1.000000238418579,1.0
topic-1430,english,the English language,llm_expansion_retrieval_llama3.2_3b_full,the English language,"[""the English language"", ""social linguistics"", ""practical linguistics"", ""computational linguistics"", ""language science""]",5,0.613616943359375,True,True,True,True,1.0,1.0,1.0
topic-3666,epidemilogy,disease study,llm_expansion_retrieval_llama3.2_3b_full,disease study,"[""disease study"", ""health economics"", ""research methods and statistics"", ""health psychology"", ""health policy""]",5,0.7460513114929199,True,True,True,True,1.0,1.0000003576278687,1.0
topic-10401,epilepsy,seizure disorder,llm_expansion_retrieval_llama3.2_3b_full,seizure disorder,"[""seizure disorder"", ""brain injury"", ""cognitive decline"", ""brain bleed"", ""attention deficit disorder""]",5,0.7513167858123779,True,True,True,True,1.0,1.0000001192092896,1.0
topic-1431,law of succession,inheritance law,llm_expansion_retrieval_llama3.2_3b_full,inheritance law,"[""inheritance law"", ""heritage and progress"", ""governance"", ""legal governance"", ""financial regulation""]",5,0.6692917346954346,True,True,True,True,1.0,1.000000238418579,1.0
topic-2167,aesthetics,philosophy of beauty,llm_expansion_retrieval_llama3.2_3b_full,philosophy of beauty,"[""philosophy of beauty"", ""aesthetics philosophy"", ""feelings"", ""confidence"", ""arts instruction""]",5,0.6728448867797852,True,True,True,True,1.0,1.0,1.0
topic-1432,ethics,moral philosophy,llm_expansion_retrieval_llama3.2_3b_full,social ethics,"[""social ethics"", ""professional ethics"", ""corporate ethics"", ""ethical management"", ""moral philosophy""]",5,0.6704919338226318,False,True,False,True,1.0,0.9999998807907104,0.2
topic-7103,ethnic groups,cultural communities,llm_expansion_retrieval_llama3.2_3b_full,nationality,"[""nationality"", ""cultural communities"", ""minority communities"", ""minority cultures"", ""cultural variety""]",5,0.6681089401245117,False,True,True,True,1.0,1.0,0.5
topic-7102,ethnic minority groups,minority communities,llm_expansion_retrieval_llama3.2_3b_full,cultural communities,"[""cultural communities"", ""minority cultures"", ""minority communities"", ""cultural diversity"", ""ethnic groups""]",5,0.74544358253479,False,True,True,True,1.0,1.0000001192092896,0.3333333333333333
topic-1435,ethnic minority groups and culture,minority cultures,llm_expansion_retrieval_llama3.2_3b_full,minority cultures,"[""minority cultures"", ""cultural diversity"", ""ethnic groups"", ""diversity"", ""heritage and progress""]",5,0.6993386745452881,True,True,True,True,1.0,1.0,1.0
topic-13901,Ethnographic research,ethnographics,llm_expansion_retrieval_llama3.2_3b_full,social science,"[""social science"", ""cultural philosophy"", ""cultural practices"", ""cultural variety"", ""ethnographics""]",5,0.7138569355010986,False,True,False,True,1.0,1.0000001192092896,0.2
topic-5968,European Public Procurement Law,EU procurement regulations,llm_expansion_retrieval_llama3.2_3b_full,EU procurement regulations,"[""EU procurement regulations"", ""EU private law"", ""procurement management"", ""EU administrative law"", ""EU legislation""]",5,0.7635946273803711,True,True,True,True,1.0,0.9999999403953552,1.0
topic-1438,european tax law,EU tax regulations,llm_expansion_retrieval_llama3.2_3b_full,EU tax regulations,"[""EU tax regulations"", ""fiscal law"", ""EU legislation"", ""global tax law"", ""EU private law""]",5,0.762667179107666,True,True,True,True,1.0,1.0,1.0
topic-10221,European Administrative Law,EU administrative law,llm_expansion_retrieval_llama3.2_3b_full,EU private law,"[""EU private law"", ""principles of European legal development"", ""EU administrative law"", ""EU legislation"", ""EU environmental regulations""]",5,0.8056249618530273,False,True,True,True,1.0,1.000000238418579,0.3333333333333333
topic-1440,european environmental law,EU environmental regulations,llm_expansion_retrieval_llama3.2_3b_full,EU environmental regulations,"[""EU environmental regulations"", ""global environmental law"", ""environmental protection law"", ""EU private law"", ""EU legislation""]",5,0.7677557468414307,True,True,True,True,1.0,1.0,1.0
topic-1061,European Private Law,EU private law,llm_expansion_retrieval_llama3.2_3b_full,EU private law,"[""EU private law"", ""contract law"", ""EU administrative law"", ""civil law"", ""EU legislation""]",5,0.7441551685333252,True,True,True,True,1.0,1.0,1.0
topic-1441,european law,EU legislation,llm_expansion_retrieval_llama3.2_3b_full,EU legislation,"[""EU legislation"", ""transnational criminal law"", ""EU administrative law"", ""EU private law"", ""EU politics""]",5,0.7297484874725342,True,True,True,True,1.0,1.0,1.0
topic-1443,european social security law,European welfare law,llm_expansion_retrieval_llama3.2_3b_full,European welfare law,"[""European welfare law"", ""welfare law"", ""EU legislation"", ""global social security law"", ""EU private law""]",5,0.7851593494415283,True,True,True,True,1.0,1.0,1.0
topic-5561,european convention on human rights,European Human Rights Charter,llm_expansion_retrieval_llama3.2_3b_full,European Human Rights Charter,"[""European Human Rights Charter"", ""basic rights"", ""EU legislation"", ""EU private law"", ""principles of European legal development""]",5,0.808837890625,True,True,True,True,1.0,1.0,1.0
topic-6384,european monetary union,eurozone,llm_expansion_retrieval_llama3.2_3b_full,eurozone,"[""eurozone"", ""EU politics"", ""EU legislation"", ""East Europe"", ""European welfare law""]",5,0.690112829208374,True,True,True,True,1.0,1.0,1.0
topic-6764,european politics,EU politics,llm_expansion_retrieval_llama3.2_3b_full,EU politics,"[""EU politics"", ""eurozone"", ""EU legislation"", ""governance"", ""EU administrative law""]",5,0.6852247714996338,True,True,True,True,1.0,1.000000238418579,1.0
topic-8825,euthanasia,mercy killing,llm_expansion_retrieval_llama3.2_3b_full,mercy killing,"[""mercy killing"", ""end-of-life care"", ""assistance"", ""Teutonic"", ""Ecclesiasticus""]",5,0.7389791011810303,True,True,True,True,1.0,0.9999998807907104,1.0
topic-2329,gospels,good news,llm_expansion_retrieval_llama3.2_3b_full,Christian Scriptures,"[""Christian Scriptures"", ""New Testament studies"", ""early Christian texts"", ""scripture translations"", ""theological literature""]",5,0.7052688598632812,False,False,False,False,0.2666666666666667,0.06157522648572922,0.0
topic-2727,evolution,development,llm_expansion_retrieval_llama3.2_3b_full,development,"[""development"", ""cultural adaptation"", ""human development"", ""employee development"", ""development theories""]",5,0.5842421054840088,True,True,True,True,1.0,1.0,1.0
topic-11181,evs,European Values Study,llm_expansion_retrieval_llama3.2_3b_full,jurisprudence,"[""jurisprudence"", ""Catastrophes"", ""conditions"", ""disputes"", ""corporate law""]",5,0.5699019432067871,False,False,False,False,0.3529411764705882,0.1568107008934021,0.0
topic-1448,exegesis,interpretation,llm_expansion_retrieval_llama3.2_3b_full,interpretation,"[""interpretation"", ""data analysis"", ""meaning analysis"", ""legal interpretation"", ""Bible interpretation""]",5,0.6167876720428467,True,True,True,True,1.0,0.9999997615814209,1.0
topic-1449,experimental economics,behavioral economics,llm_expansion_retrieval_llama3.2_3b_full,behavioral economics,"[""behavioral economics"", ""Behavioral finance"", ""brain-behavior science"", ""Experimental finance"", ""economic science""]",5,0.7433812618255615,True,True,True,True,1.0,1.0,1.0
topic-1450,expert systems,knowledge systems,llm_expansion_retrieval_llama3.2_3b_full,knowledge systems,"[""knowledge systems"", ""decision aid systems"", ""machine intelligence"", ""decision process"", ""artificial neural networks""]",5,0.7390594482421875,True,True,True,True,1.0,1.0,1.0
topic-1452,external reporting,external disclosure,llm_expansion_retrieval_llama3.2_3b_full,external disclosure,"[""external disclosure"", ""governance"", ""corporate management"", ""government sector"", ""corporate law""]",5,0.6854169368743896,True,True,True,True,1.0,0.9999998807907104,1.0
topic-2735,extreme value theory,extreme value analysis,llm_expansion_retrieval_llama3.2_3b_full,extreme value analysis,"[""extreme value analysis"", ""European Values Study"", ""business valuation"", ""data analysis"", ""financial evaluation""]",5,0.7786984443664551,True,True,True,True,1.0,1.0000001192092896,1.0
topic-1453,family law,domestic relations law,llm_expansion_retrieval_llama3.2_3b_full,domestic relations law,"[""domestic relations law"", ""marital property law"", ""inheritance law"", ""civil law"", ""school law""]",5,0.7646393775939941,True,True,True,True,1.0,1.0,1.0
topic-1456,feminism,women's liberation,llm_expansion_retrieval_llama3.2_3b_full,feminist theology,"[""feminist theology"", ""women's liberation"", ""gender disparities"", ""gender theology"", ""basic rights""]",5,0.7106177806854248,False,True,True,True,1.0,0.9999999403953552,0.5
topic-1892,feminist theology,gender theology,llm_expansion_retrieval_llama3.2_3b_full,gender theology,"[""gender theology"", ""religious studies"", ""women's liberation"", ""Bible interpretation"", ""religious sociology""]",5,0.849686861038208,True,True,True,True,1.0,1.0000001192092896,1.0
topic-7941,film en literature,cinematic literature,llm_expansion_retrieval_llama3.2_3b_full,cinematic literature,"[""cinematic literature"", ""cinema studies"", ""literary analysis"", ""literary philosopher"", ""scriptural literature""]",5,0.6458113193511963,True,True,True,True,1.0,1.0,1.0
topic-1458,film studies,cinema studies,llm_expansion_retrieval_llama3.2_3b_full,cinema studies,"[""cinema studies"", ""cinematic literature"", ""cultural variety"", ""media comparison"", ""scriptural influence on culture""]",5,0.6736235618591309,True,True,True,True,1.0,0.9999999403953552,1.0
topic-1459,philosophy,wisdom,llm_expansion_retrieval_llama3.2_3b_full,nationalist ideology,"[""nationalist ideology"", ""critical analysis"", ""critical theorist"", ""organizational theory"", ""business frameworks""]",5,0.6172902584075928,False,False,False,False,0.3076923076923077,0.16948525607585907,0.0
topic-2025,philosophic and christian philosophy of life,Christian worldview philosophy,llm_expansion_retrieval_llama3.2_3b_full,Christian worldview,"[""Christian worldview"", ""religious philosophy"", ""Christian worldview philosophy"", ""existential philosopher"", ""religious psychology""]",5,0.7428357601165771,False,True,True,True,1.0,1.0,0.3333333333333333
topic-2113,philosophy of cognitive psychology,cognitive psychology theory,llm_expansion_retrieval_llama3.2_3b_full,cognitive psychology theory,"[""cognitive psychology theory"", ""philosophy of psychology"", ""mental philosophy"", ""cognitive psychology"", ""cognitive studies""]",5,0.7543034553527832,True,True,True,True,1.0,0.9999998211860657,1.0
topic-6481,philosophy of culture,cultural philosophy,llm_expansion_retrieval_llama3.2_3b_full,cultural philosophy,"[""cultural philosophy"", ""intercultural research"", ""cultural practices"", ""cultural economics"", ""sociology of culture""]",5,0.6975076198577881,True,True,True,True,1.0,1.000000238418579,1.0
topic-1460,philosophy of economy,economic philosophy,llm_expansion_retrieval_llama3.2_3b_full,economic theory,"[""economic theory"", ""economic philosophy"", ""economic science"", ""investment theory"", ""social science""]",5,0.6798019409179688,False,True,True,True,1.0,0.9999997615814209,0.5
topic-1462,philosophy of mind,mental philosophy,llm_expansion_retrieval_llama3.2_3b_full,mental philosophy,"[""mental philosophy"", ""cognitive psychology"", ""mental science"", ""cognitive studies"", ""cognitive psychology theory""]",5,0.7225100994110107,True,True,True,True,1.0,1.0,1.0
topic-2019,philosophy of ~the state,political theory,llm_expansion_retrieval_llama3.2_3b_full,social contract,"[""social contract"", ""public policy"", ""political theory"", ""political-economic ethics"", ""governance""]",5,0.6963629722595215,False,True,True,True,1.0,1.0,0.3333333333333333
topic-5602,philosophical psychology,philosophy of psychology,llm_expansion_retrieval_llama3.2_3b_full,mental philosophy,"[""mental philosophy"", ""existential philosopher"", ""cognitive psychology"", ""metaphysics"", ""philosophy of psychology""]",5,0.8133549690246582,False,True,False,True,1.0,0.9999998807907104,0.2
topic-16502,Financial reporting,financial statements,llm_expansion_retrieval_llama3.2_3b_full,financial statements,"[""financial statements"", ""financial auditing"", ""financial accounting"", ""external disclosure"", ""economic statistics""]",5,0.7391865253448486,True,True,True,True,1.0,1.0,1.0
topic-2744,financial intermediation,financial brokerage,llm_expansion_retrieval_llama3.2_3b_full,financial systems,"[""financial systems"", ""financial management"", ""financial partnerships"", ""financial instruments"", ""financial policy""]",5,0.6653807163238525,False,False,False,False,0.6666666666666667,0.6649444699287415,0.0
topic-2747,financial management,fiscal management,llm_expansion_retrieval_llama3.2_3b_full,financial policy,"[""financial policy"", ""oversight"", ""financial economics"", ""budgetary policy"", ""internal oversight""]",5,0.6406834125518799,False,False,False,False,0.4444444444444444,0.6854205131530762,0.0
topic-2753,financial analysis,financial evaluation,llm_expansion_retrieval_llama3.2_3b_full,investment evaluation,"[""investment evaluation"", ""market analysis"", ""financial evaluation"", ""risk management"", ""risk assessment models""]",5,0.6637928485870361,False,True,True,True,1.0,1.0,0.3333333333333333
topic-2755,financial crisis,economic meltdown,llm_expansion_retrieval_llama3.2_3b_full,economic meltdown,"[""economic meltdown"", ""economic condition"", ""market analysis"", ""market strategy"", ""capital markets""]",5,0.6858277320861816,True,True,True,True,1.0,1.0,1.0
topic-2756,financial econometrics,quantitative finance,llm_expansion_retrieval_llama3.2_3b_full,economic statistics,"[""economic statistics"", ""financial modeling"", ""quantitative finance"", ""financial economics"", ""practical econometrics""]",5,0.8212904930114746,False,True,True,True,1.0,1.0,0.3333333333333333
topic-5548,"financial economics, models",financial modeling,llm_expansion_retrieval_llama3.2_3b_full,financial modeling,"[""financial modeling"", ""financial economics"", ""economic theory"", ""economic modeling"", ""market analysis""]",5,0.7566022872924805,True,True,True,True,1.0,1.0000001192092896,1.0
topic-1467,financial markets,capital markets,llm_expansion_retrieval_llama3.2_3b_full,stock market,"[""stock market"", ""capital markets"", ""investing"", ""investment funds"", ""financial economics""]",5,0.6360273361206055,False,True,True,True,1.0,1.0,0.5
topic-2565,capital structure,financial composition,llm_expansion_retrieval_llama3.2_3b_full,financial structure,"[""financial structure"", ""financial composition"", ""financial systems"", ""investment evaluation"", ""investment theory""]",5,0.6361379623413086,False,True,True,True,1.0,1.0,0.5
topic-2762,financial mathematics,quantitative finance,llm_expansion_retrieval_llama3.2_3b_full,economic modeling,"[""economic modeling"", ""quantitative finance"", ""Actuarial science"", ""risk management"", ""financial economics""]",5,0.6953392028808594,False,True,True,True,1.0,1.0,0.5
topic-1469,finance,financial management,llm_expansion_retrieval_llama3.2_3b_full,investing,"[""investing"", ""economic science"", ""national economics"", ""government economics"", ""individual economics""]",5,0.5849919319152832,False,False,False,False,0.42105263157894735,0.5232523679733276,0.0
topic-1470,finance,funding,llm_expansion_retrieval_llama3.2_3b_full,investing,"[""investing"", ""economic science"", ""national economics"", ""government economics"", ""individual economics""]",5,0.5788726806640625,False,False,False,False,0.5,0.5184712409973145,0.0
topic-1471,corporate finance; international finance,business finance; global finance,llm_expansion_retrieval_llama3.2_3b_full,global finance,"[""global finance"", ""global financial institution"", ""financial management"", ""business finance; global finance"", ""global management""]",5,0.7304167747497559,False,True,False,True,1.0,0.9999999403953552,0.25
topic-2764,fiscal policy,budgetary policy,llm_expansion_retrieval_llama3.2_3b_full,public finance,"[""public finance"", ""regulatory economics"", ""financial regulation"", ""budgetary policy"", ""government finance""]",5,0.6674895286560059,False,True,False,True,1.0,1.0,0.25
topic-1474,fiscal economics,public finance,llm_expansion_retrieval_llama3.2_3b_full,public finance,"[""public finance"", ""budgetary policy"", ""government finance"", ""municipal finance"", ""government economics""]",5,0.6747047901153564,True,True,True,True,1.0,1.0000001192092896,1.0
topic-9661,flexicurity,flexible security,llm_expansion_retrieval_llama3.2_3b_full,work-life balance,"[""work-life balance"", ""work-life conflict"", ""quality of worklife"", ""social contract"", ""global social security law""]",5,0.6912429332733154,False,False,False,False,0.5581395348837209,0.2916453182697296,0.0
topic-1480,phonology,sound system study,llm_expansion_retrieval_llama3.2_3b_full,sound system study,"[""sound system study"", ""language processing systems"", ""speech-enabled computer"", ""linguistic morphology"", ""language science""]",5,0.6555120944976807,True,True,True,True,1.0,1.0,1.0
topic-581,forensic psychology,criminal psychology,llm_expansion_retrieval_llama3.2_3b_full,investigation,"[""investigation"", ""criminal science"", ""legal philosophy"", ""legal sociology"", ""criminal psychology""]",5,0.7020056247711182,False,True,False,True,1.0,1.0,0.2
topic-2103,fundamental research,basic research,llm_expansion_retrieval_llama3.2_3b_full,basic research,"[""basic research"", ""investigation"", ""research methods"", ""study methods"", ""research methods and statistics""]",5,0.7050046920776367,True,True,True,True,1.0,1.0000001192092896,1.0
topic-3000,mergers and acquisitions,corporate consolidation,llm_expansion_retrieval_llama3.2_3b_full,strategic partnerships,"[""strategic partnerships"", ""business strategy"", ""businesses"", ""strategic planning"", ""financial partnerships""]",5,0.7931990623474121,False,False,False,False,0.4390243902439024,0.4572204351425171,0.0
topic-1486,"mergers, acquisitions and protection",corporate consolidation,llm_expansion_retrieval_llama3.2_3b_full,corporate consolidation,"[""corporate consolidation"", ""strategic partnerships"", ""consolidations"", ""strategic interaction theory"", ""business strategy""]",5,0.7569043636322021,True,True,True,True,1.0,0.9999999403953552,1.0
topic-7704,physiology,biological functions,llm_expansion_retrieval_llama3.2_3b_full,biological functions,"[""biological functions"", ""physiological psychology"", ""neural physiology"", ""body language"", ""mental processes""]",5,0.7074103355407715,True,True,True,True,1.0,1.0,1.0
topic-2143,birth,childbirth,llm_expansion_retrieval_llama3.2_3b_full,conceptions of God,"[""conceptions of God"", ""origin myths"", ""evolving game theory"", ""development theories"", ""human development""]",5,0.5968947410583496,False,False,False,False,0.36363636363636365,0.37633368372917175,0.0
topic-16943,commemoration,remembrance,llm_expansion_retrieval_llama3.2_3b_full,remembrance,"[""remembrance"", ""religious observance and secularism"", ""ceremonies"", ""autonomous learning"", ""religious tradition""]",5,0.6264827251434326,True,True,True,True,1.0,1.000000238418579,1.0
topic-1488,behaviour,conduct,llm_expansion_retrieval_llama3.2_3b_full,conduct,"[""conduct"", ""behavior modification"", ""performance metrics"", ""action words"", ""philosophy of action""]",5,0.5677354335784912,True,True,True,True,1.0,0.9999999403953552,1.0
topic-2213,behaviour influence,behavior modification,llm_expansion_retrieval_llama3.2_3b_full,behavior modification,"[""behavior modification"", ""social unity"", ""organizational influence"", ""philosophy of action"", ""collective action problem""]",5,0.6873860359191895,True,True,True,True,1.0,1.0,1.0
topic-11301,behavioral economics,Behavioral finance,llm_expansion_retrieval_llama3.2_3b_full,Behavioral finance,"[""Behavioral finance"", ""decision process"", ""economic science"", ""economic theory"", ""individual economics""]",5,0.6739675998687744,True,True,True,True,1.0,1.0,1.0
topic-7741,mental health,psychological well-being,llm_expansion_retrieval_llama3.2_3b_full,psychological well-being,"[""psychological well-being"", ""emotional well-being"", ""well-being"", ""psychological care"", ""cognitive psychology""]",5,0.7333228588104248,True,True,True,True,1.0,1.0000001192092896,1.0
topic-3705,infant mental health,baby mental health,llm_expansion_retrieval_llama3.2_3b_full,baby mental health,"[""baby mental health"", ""psychological well-being"", ""emotional well-being"", ""well-being"", ""human development""]",5,0.7933409214019775,True,True,True,True,1.0,0.9999999403953552,1.0
topic-1489,mental health care,psychological care,llm_expansion_retrieval_llama3.2_3b_full,psychological care,"[""psychological care"", ""spiritual counseling"", ""Pastoral Counseling Psychology"", ""emotional well-being"", ""spiritual support""]",5,0.7439815998077393,True,True,True,True,1.0,0.9999999403953552,1.0
topic-1897,spiritual counseling,spiritual guidance,llm_expansion_retrieval_llama3.2_3b_full,spiritual guidance,"[""spiritual guidance"", ""mind-body medicine"", ""spiritual care"", ""spiritual support"", ""faith-based communication""]",5,0.7677466869354248,True,True,True,True,1.0,1.0,1.0
topic-11663,spiritual counseling / pastoral work / soul care,spiritual guidance,llm_expansion_retrieval_llama3.2_3b_full,spiritual guidance,"[""spiritual guidance"", ""faith-based communication"", ""spiritual counseling"", ""psychological care"", ""faith""]",5,0.7401704788208008,True,True,True,True,1.0,1.0,1.0
topic-5687,data banks,data repositories,llm_expansion_retrieval_llama3.2_3b_full,data repositories,"[""data repositories"", ""data repository"", ""knowledge systems"", ""data management"", ""online shopping""]",5,0.7047874927520752,True,True,True,True,1.0,1.0,1.0
topic-1490,memory,recollection,llm_expansion_retrieval_llama3.2_3b_full,recollection,"[""recollection"", ""remembrance"", ""historical study"", ""social and cultural history"", ""legal history""]",5,0.5910370349884033,True,True,True,True,1.0,1.0,1.0
topic-2099,facial expressions,facial cues,llm_expansion_retrieval_llama3.2_3b_full,facial cues,"[""facial cues"", ""body language"", ""feelings"", ""emotional well-being"", ""emotional exhaustion""]",5,0.808086633682251,True,True,True,True,1.0,1.000000238418579,1.0
topic-8141,literacy,reading and writing skills,llm_expansion_retrieval_llama3.2_3b_full,reading and writing skills,"[""reading and writing skills"", ""reading difficulties"", ""Reading studies"", ""language skills"", ""elementary education""]",5,0.6606931686401367,True,True,True,True,1.0,1.0,1.0
topic-7282,"gender studies, theology",feminist theology,llm_expansion_retrieval_llama3.2_3b_full,gender theology,"[""gender theology"", ""feminist theology"", ""religious studies"", ""mental health and spirituality"", ""religious sociology""]",5,0.7740135192871094,False,True,True,True,1.0,1.0,0.5
topic-1495,history,historical study,llm_expansion_retrieval_llama3.2_3b_full,heritage and progress,"[""heritage and progress"", ""cultural legacy"", ""Brabant heritage"", ""nationality"", ""local history""]",5,0.5906343460083008,False,False,False,False,0.5517241379310345,0.560318112373352,0.0
topic-10325,history Persian period,Achaemenid history,llm_expansion_retrieval_llama3.2_3b_full,Achaemenid history,"[""Achaemenid history"", ""medieval history"", ""Middle Ages theology"", ""Islamic studies"", ""Arabian""]",5,0.7711219787597656,True,True,True,True,1.0,1.0000001192092896,1.0
topic-1862,history of reformation,Reformation history,llm_expansion_retrieval_llama3.2_3b_full,Reformation history,"[""Reformation history"", ""Christian history"", ""early Christian texts"", ""modern Catholic history"", ""early Christian teachings and Judaism""]",5,0.8193213939666748,True,True,True,True,1.0,1.0,1.0
topic-16542,History of Christianity,Christian history,llm_expansion_retrieval_llama3.2_3b_full,Christian history,"[""Christian history"", ""early Christian texts"", ""early Christian teachings and Judaism"", ""Christian cultural studies"", ""modern Catholic history""]",5,0.7246685028076172,True,True,True,True,1.0,1.0000001192092896,1.0
topic-1569,history of church and theology,ecclesiastical history,llm_expansion_retrieval_llama3.2_3b_full,ecclesiastical history,"[""ecclesiastical history"", ""Bible interpretation"", ""religious studies"", ""biblical studies"", ""theological literature""]",5,0.7019004821777344,True,True,True,True,1.0,1.0,1.0
topic-9981,dispute resolution,conflict resolution,llm_expansion_retrieval_llama3.2_3b_full,conflict resolution,"[""conflict resolution"", ""negotiation"", ""dispute arbitration"", ""e-mediation"", ""disputes""]",5,0.7691574096679688,True,True,True,True,1.0,1.000000238418579,1.0
topic-13722,Communication Skills,interpersonal skills,llm_expansion_retrieval_llama3.2_3b_full,interpersonal skills,"[""interpersonal skills"", ""interpersonal psychology"", ""collaborative work"", ""interpersonal process"", ""speech""]",5,0.6785914897918701,True,True,True,True,1.0,1.0,1.0
topic-1497,violence,aggression,llm_expansion_retrieval_llama3.2_3b_full,aggression,"[""aggression"", ""hostility"", ""conflict resolution"", ""disputes"", ""rivalry""]",5,0.6405341625213623,True,True,True,True,1.0,1.000000238418579,1.0
topic-7222,families,households,llm_expansion_retrieval_llama3.2_3b_full,households,"[""households"", ""family sociology"", ""family economics"", ""ethnic groups"", ""family law""]",5,0.6591553688049316,True,True,True,True,1.0,1.0,1.0
topic-7221,sociology of the family,family sociology,llm_expansion_retrieval_llama3.2_3b_full,family sociology,"[""family sociology"", ""social science"", ""households"", ""domestic relations law"", ""family economics""]",5,0.7143731117248535,True,True,True,True,1.0,1.0000001192092896,1.0
topic-6741,health,well-being,llm_expansion_retrieval_llama3.2_3b_full,medical services,"[""medical services"", ""health care administration"", ""disease study"", ""health care quality"", ""Health Care Usage""]",5,0.6262402534484863,False,False,False,False,0.3076923076923077,0.21551600098609924,0.0
topic-1500,health law,medical law,llm_expansion_retrieval_llama3.2_3b_full,health policy,"[""health policy"", ""medical law"", ""jurisprudence"", ""regulatory law"", ""Health Care Usage""]",5,0.7583541870117188,False,True,True,True,1.0,1.0000001192092896,0.5
topic-2787,health care,medical services,llm_expansion_retrieval_llama3.2_3b_full,medical services,"[""medical services"", ""health care administration"", ""health policy"", ""health care quality"", ""assistance""]",5,0.6569356918334961,True,True,True,True,1.0,1.0,1.0
topic-7001,health care economics,health economics,llm_expansion_retrieval_llama3.2_3b_full,health economics,"[""health economics"", ""health policy"", ""business finance"", ""economic science"", ""government finance""]",5,0.7264466285705566,True,True,True,True,1.0,1.0,1.0
topic-7202,health care management,health services management,llm_expansion_retrieval_llama3.2_3b_full,health services management,"[""health services management"", ""health care administration"", ""medical services"", ""coordinated care"", ""administration""]",5,0.6815502643585205,True,True,True,True,1.0,1.0,1.0
topic-7201,health care organisation,health services management,llm_expansion_retrieval_llama3.2_3b_full,medical services,"[""medical services"", ""institution"", ""health services management"", ""health care administration"", ""facilities""]",5,0.6612780094146729,False,True,True,True,1.0,1.0,0.3333333333333333
topic-1502,health care strategy and management,health care administration,llm_expansion_retrieval_llama3.2_3b_full,health policy,"[""health policy"", ""health services management"", ""medical services"", ""health care administration"", ""Health Care Usage""]",5,0.8160631656646729,False,True,False,True,1.0,1.000000238418579,0.25
topic-9024,health care policy,health policy,llm_expansion_retrieval_llama3.2_3b_full,medical law,"[""medical law"", ""health policy"", ""public policy"", ""legal governance"", ""Health Care Usage""]",5,0.7718212604522705,False,True,True,True,1.0,1.0,0.5
topic-2792,globalisation,international integration,llm_expansion_retrieval_llama3.2_3b_full,international integration,"[""international integration"", ""Americanisation"", ""global culture"", ""global economics"", ""global commerce""]",5,0.7063965797424316,True,True,True,True,1.0,1.0000001192092896,1.0
topic-11664,images of god en men,theological representations,llm_expansion_retrieval_llama3.2_3b_full,theological representations,"[""theological representations"", ""divinity studies"", ""divine disclosure"", ""divine vocation"", ""modern worship""]",5,0.9326591491699219,True,True,True,True,1.0,1.0,1.0
topic-2083,images of god,conceptions of God,llm_expansion_retrieval_llama3.2_3b_full,theological representations,"[""theological representations"", ""divinity studies"", ""divine vocation"", ""conceptions of God"", ""divine disclosure""]",5,0.9369125366210938,False,True,False,True,1.0,0.9999999403953552,0.25
topic-1504,religion,faith,llm_expansion_retrieval_llama3.2_3b_full,faith,"[""faith"", ""cultural practices"", ""spiritual life"", ""mental health and spirituality"", ""Christian worldview""]",5,0.6669328212738037,True,True,True,True,1.0,1.0000001192092896,1.0
topic-1506,psychology of religion and pastoral psychology,religious psychology,llm_expansion_retrieval_llama3.2_3b_full,religious psychology,"[""religious psychology"", ""spiritual care"", ""Pastoral Counseling Psychology"", ""religious studies"", ""spiritual care theology""]",5,0.7234551906585693,True,True,True,True,1.0,0.9999998807907104,1.0
topic-1507,religion and pastoral sociology,religious sociology,llm_expansion_retrieval_llama3.2_3b_full,religious studies,"[""religious studies"", ""Pastoral Counseling Psychology"", ""religious sociology"", ""sociology of pastoral care"", ""Christian cultural studies""]",5,0.7672622203826904,False,True,True,True,1.0,1.0000001192092896,0.3333333333333333
topic-1505,religions; phenomenology,religious studies,llm_expansion_retrieval_llama3.2_3b_full,religious studies,"[""religious studies"", ""faith"", ""applied theology"", ""spiritual life"", ""Christian cultural studies""]",5,0.8323192596435547,True,True,True,True,1.0,1.0,1.0
topic-4251,philosophy of religion,religious philosophy,llm_expansion_retrieval_llama3.2_3b_full,moral philosophy,"[""moral philosophy"", ""applied theology"", ""faith"", ""theological literature"", ""doctrinal theology""]",5,0.726787805557251,False,False,False,False,0.7222222222222221,0.7021847367286682,0.0
topic-1508,pedagogy of religion,religious education theory,llm_expansion_retrieval_llama3.2_3b_full,religious education theory,"[""religious education theory"", ""religious studies"", ""applied theology"", ""faith-based communication"", ""doctrinal theology""]",5,0.8078789710998535,True,True,True,True,1.0,1.0,1.0
topic-1894,"divinity, contemporary themes of",modern theological themes,llm_expansion_retrieval_llama3.2_3b_full,applied theology,"[""applied theology"", ""modern theological themes"", ""doctrinal theology"", ""theological literature"", ""feminist theology""]",5,0.8538706302642822,False,True,True,True,1.0,1.0,0.5
topic-2046,gods call,divine vocation,llm_expansion_retrieval_llama3.2_3b_full,authority,"[""authority"", ""spiritual life"", ""moral philosophy"", ""sacred music"", ""ecclesiastical authority""]",5,0.7575638294219971,False,False,False,False,0.3076923076923077,0.4982982277870178,0.0
topic-2794,gambling,betting,llm_expansion_retrieval_llama3.2_3b_full,betting,"[""betting"", ""risk management"", ""risk assessment models"", ""compulsive gambling"", ""investing""]",5,0.6466913223266602,True,True,True,True,1.0,1.000000238418579,1.0
topic-1978,gambling addiction,compulsive gambling,llm_expansion_retrieval_llama3.2_3b_full,betting,"[""betting"", ""compulsive gambling"", ""psychological disorders"", ""attention deficit disorder"", ""seizure disorder""]",5,0.7279927730560303,False,True,True,True,1.0,1.000000238418579,0.5
topic-2091,gregorian,plainchant,llm_expansion_retrieval_llama3.2_3b_full,liturgical theology,"[""liturgical theology"", ""current liturgical practice"", ""ecclesiastical Latin"", ""ecclesiastical authority"", ""ecclesiastical history""]",5,0.6809871196746826,False,False,False,False,0.4,0.1870804727077484,0.0
topic-1510,greek,Koine Greek,llm_expansion_retrieval_llama3.2_3b_full,classical language,"[""classical language"", ""ancient Hebrew"", ""Koine Greek"", ""Anatolian"", ""linguistic morphology""]",5,0.6959018707275391,False,True,True,True,1.0,1.0000001192092896,0.3333333333333333
topic-1511,growth theories,development theories,llm_expansion_retrieval_llama3.2_3b_full,human development,"[""human development"", ""development theories"", ""development"", ""organizational growth"", ""business frameworks""]",5,0.7709002494812012,False,True,True,True,1.0,1.0,0.5
topic-2295,group dynamics,team dynamics,llm_expansion_retrieval_llama3.2_3b_full,interpersonal psychology,"[""interpersonal psychology"", ""team dynamics"", ""interpersonal process"", ""interpersonal skills"", ""collective action problem""]",5,0.7255785465240479,False,True,True,True,1.0,1.000000238418579,0.5
topic-2800,group support systems,collaborative systems,llm_expansion_retrieval_llama3.2_3b_full,collaborative systems,"[""collaborative systems"", ""collaborative work"", ""support services"", ""collaborative information systems"", ""collaborative networks""]",5,0.7230427265167236,True,True,True,True,1.0,1.0,1.0
topic-2146,group processes,group dynamics,llm_expansion_retrieval_llama3.2_3b_full,group interactions,"[""group interactions"", ""interpersonal process"", ""interpersonal psychology"", ""organizational structure"", ""collective action problem""]",5,0.7544238567352295,False,False,False,False,0.625,0.7588430047035217,0.0
topic-3789,fundamental rights,basic rights,llm_expansion_retrieval_llama3.2_3b_full,basic rights,"[""basic rights"", ""Civil Liberties"", ""ownership rights"", ""European Human Rights Charter"", ""authority""]",5,0.7164182662963867,True,True,True,True,1.0,1.0,1.0
topic-2315,foundations of mathematics,mathematical foundations,llm_expansion_retrieval_llama3.2_3b_full,mathematical foundations,"[""mathematical foundations"", ""computational mathematics"", ""mathematical sciences"", ""constructivist mathematics"", ""computing systems""]",5,0.8305168151855469,True,True,True,True,1.0,0.9999999403953552,1.0
topic-2079,fundamentals of psychology,basics of psychology,llm_expansion_retrieval_llama3.2_3b_full,basics of psychology,"[""basics of psychology"", ""philosophy of psychology"", ""instructional psychology"", ""theoretical psychology"", ""cognitive psychology theory""]",5,0.7885303497314453,True,True,True,True,1.0,0.9999998211860657,1.0
topic-2000,foundations of developments in european law,principles of European legal development,llm_expansion_retrieval_llama3.2_3b_full,principles of European legal development,"[""principles of European legal development"", ""international legal history"", ""legal history"", ""EU legislation"", ""EU private law""]",5,0.9387412071228027,True,True,True,True,1.0,1.000000238418579,1.0
topic-2187,habermas,critical theorist,llm_expansion_retrieval_llama3.2_3b_full,critical analysis,"[""critical analysis"", ""critical theorist"", ""social ethics"", ""social unity"", ""cultural philosophy""]",5,0.7369077205657959,False,True,True,True,1.0,1.0000001192092896,0.5
topic-3375,trade policy,commercial policy,llm_expansion_retrieval_llama3.2_3b_full,commercial policy,"[""commercial policy"", ""regulatory economics"", ""financial regulation"", ""regulatory law"", ""market analysis""]",5,0.7418034076690674,True,True,True,True,1.0,0.9999999403953552,1.0
topic-1514,commercial law,business law,llm_expansion_retrieval_llama3.2_3b_full,business law,"[""business law"", ""corporate law"", ""regulatory law"", ""regulatory economics"", ""commercial policy""]",5,0.645423173904419,True,True,True,True,1.0,1.0000001192092896,1.0
topic-2160,heart and vascular diseases,cardiovascular diseases,llm_expansion_retrieval_llama3.2_3b_full,cardiovascular diseases,"[""cardiovascular diseases"", ""persistent heart failure"", ""well-being after cardiovascular diseases"", ""disease study"", ""seizure disorder""]",5,0.8363988399505615,True,True,True,True,1.0,1.000000238418579,1.0
topic-1516,hebrew,ancient Hebrew,llm_expansion_retrieval_llama3.2_3b_full,Hebrew Bible,"[""Hebrew Bible"", ""contemporary Judaism"", ""ancient Hebrew"", ""ancient Jewish religion"", ""New Testament studies""]",5,0.7852668762207031,False,True,True,True,1.0,1.0,0.3333333333333333
topic-4237,hebrew bible,Tanakh,llm_expansion_retrieval_llama3.2_3b_full,Tanakh,"[""Tanakh"", ""Christian Scriptures"", ""New Testament studies"", ""ancient Hebrew"", ""scripture translations""]",5,0.7647664546966553,True,True,True,True,1.0,1.0,1.0
topic-12281,attachment,bonding,llm_expansion_retrieval_llama3.2_3b_full,bonding,"[""bonding"", ""industrial connections"", ""internet technology"", ""the web"", ""interconnected systems""]",5,0.6559865474700928,True,True,True,True,1.0,1.0,1.0
topic-1517,contemporary philosophy; history of,modern philosophy; historical development,llm_expansion_retrieval_llama3.2_3b_full,contemporary philosophy history,"[""contemporary philosophy history"", ""modern philosophy; historical development"", ""contemporary philosopher"", ""religious philosophy"", ""mental philosophy""]",5,0.9049842357635498,False,True,True,True,1.0,1.000000238418579,0.5
topic-15002,hedge funds,investment funds,llm_expansion_retrieval_llama3.2_3b_full,investment funds,"[""investment funds"", ""investment fund"", ""stock management"", ""investing"", ""retirement economics""]",5,0.848006010055542,True,True,True,True,1.0,1.0,1.0
topic-2184,hegel,Hegelian philosophy,llm_expansion_retrieval_llama3.2_3b_full,scientific philosophy,"[""scientific philosophy"", ""religious philosophy"", ""mental philosophy"", ""moral philosophy"", ""cultural philosophy""]",5,0.7098181247711182,False,False,False,False,0.7222222222222221,0.5919160842895508,0.0
topic-2045,Heidegger,existential philosopher,llm_expansion_retrieval_llama3.2_3b_full,existential philosopher,"[""existential philosopher"", ""Frankfurt School theorist"", ""Nietzschean philosophy"", ""philosophical texts"", ""contemporary philosopher""]",5,0.785841703414917,True,True,True,True,1.0,1.0,1.0
topic-4252,hermeneutics,interpretive theory,llm_expansion_retrieval_llama3.2_3b_full,critical analysis,"[""critical analysis"", ""linguistic philosophy"", ""interpretive theory"", ""interpretation"", ""Bible interpretation""]",5,0.7076466083526611,False,True,True,True,1.0,1.0,0.3333333333333333
topic-2326,cerebral/brain haemorrhage,brain bleed,llm_expansion_retrieval_llama3.2_3b_full,brain bleed,"[""brain bleed"", ""brain injury"", ""neuropharmacology"", ""head cooling"", ""mind-body medicine""]",5,1.0405993461608887,True,True,True,True,1.0,1.0,1.0
topic-7703,brain,cerebrum,llm_expansion_retrieval_llama3.2_3b_full,cerebrum,"[""cerebrum"", ""artificial neural networks"", ""cognitive psychology"", ""cognitive studies"", ""cognitive psychology theory""]",5,0.7365212440490723,True,True,True,True,1.0,0.9999998807907104,1.0
topic-2052,brain and behaviour,neurobehavioral science,llm_expansion_retrieval_llama3.2_3b_full,mental processes,"[""mental processes"", ""neural physiology"", ""cognitive psychology"", ""mental science"", ""cognitive studies""]",5,0.7123258113861084,False,False,False,False,0.5945945945945945,0.5860600471496582,0.0
topic-8944,brain damage,brain injury,llm_expansion_retrieval_llama3.2_3b_full,brain injury,"[""brain injury"", ""brain bleed"", ""seizure disorder"", ""cognitive decline"", ""learning disabilities""]",5,0.7303268909454346,True,True,True,True,1.0,0.9999998211860657,1.0
topic-15523,recovery (in long term psychiatry),rehabilitation,llm_expansion_retrieval_llama3.2_3b_full,recovery,"[""recovery"", ""psychological disorders"", ""rehabilitation"", ""health services management"", ""psychological care""]",5,0.7854046821594238,False,True,True,True,1.0,1.000000238418579,0.3333333333333333
topic-5044,scalp cooling,head cooling,llm_expansion_retrieval_llama3.2_3b_full,head cooling,"[""head cooling"", ""data management"", ""stress management"", ""ecological management"", ""personnel management""]",5,0.713324785232544,True,True,True,True,1.0,1.0,1.0
topic-5630,horkheimer,Frankfurt School theorist,llm_expansion_retrieval_llama3.2_3b_full,cultural philosophy,"[""cultural philosophy"", ""Marxist theory"", ""critical analysis"", ""Marxism"", ""critical theorist""]",5,0.7572219371795654,False,False,False,False,0.6190476190476191,0.5249985456466675,0.0
topic-7421,household economics,family economics,llm_expansion_retrieval_llama3.2_3b_full,family economics,"[""family economics"", ""households"", ""business finance"", ""financial economics"", ""financial policy""]",5,0.7845778465270996,True,True,True,True,1.0,1.0,1.0
topic-1519,assistance,support services,llm_expansion_retrieval_llama3.2_3b_full,humanitarian aid,"[""humanitarian aid"", ""service promotion"", ""support services"", ""service sector"", ""medical services""]",5,0.7568137645721436,False,True,True,True,1.0,1.0,0.3333333333333333
topic-9122,human resource development,talent development,llm_expansion_retrieval_llama3.2_3b_full,personnel management,"[""personnel management"", ""employee development"", ""talent development"", ""personnel sciences"", ""organizational growth""]",5,0.7291774749755859,False,True,True,True,1.0,1.0000001192092896,0.3333333333333333
topic-2264,human resource management,personnel management,llm_expansion_retrieval_llama3.2_3b_full,talent development,"[""talent development"", ""employee development"", ""personnel management"", ""organizational growth"", ""development""]",5,0.8165812492370605,False,True,True,True,1.0,1.0000001192092896,0.3333333333333333
topic-1898,humanitarian intervention,humanitarian aid,llm_expansion_retrieval_llama3.2_3b_full,humanitarian aid,"[""humanitarian aid"", ""conflict resolution"", ""dispute resolution"", ""charitable organizations"", ""disputes""]",5,0.7126045227050781,True,True,True,True,1.0,1.0,1.0
topic-1520,law governing matrimonial property rights,marital property law,llm_expansion_retrieval_llama3.2_3b_full,marital property law,"[""marital property law"", ""domestic relations law"", ""family law"", ""ownership rights"", ""inheritance law""]",5,0.8235440254211426,True,True,True,True,1.0,1.0000001192092896,1.0
topic-8461,hybrid organization,mixed organization,llm_expansion_retrieval_llama3.2_3b_full,mixed organization,"[""mixed organization"", ""collaborative work"", ""collaborative systems"", ""small enterprise management"", ""organizational structure""]",5,0.6977934837341309,True,True,True,True,1.0,1.000000238418579,1.0
topic-7321,hyperactivity,overactivity,llm_expansion_retrieval_llama3.2_3b_full,tiredness,"[""tiredness"", ""energy challenges"", ""exhaustion"", ""overactivity"", ""cognitive effort""]",5,0.7160747051239014,False,True,False,True,1.0,1.0000001192092896,0.25
topic-2814,ict,information and communication technology,llm_expansion_retrieval_llama3.2_3b_full,information technology,"[""information technology"", ""information and communication technology"", ""computing systems"", ""educational technology"", ""internet technology""]",5,0.6136007308959961,False,True,True,True,1.0,1.0000001192092896,0.5
topic-9641,ICT and labour,digital labor,llm_expansion_retrieval_llama3.2_3b_full,digital labor,"[""digital labor"", ""information technology"", ""information and communication technology"", ""occupational psychology"", ""employment economics""]",5,0.8168294429779053,True,True,True,True,1.0,1.0,1.0
topic-2815,ict in education,educational technology,llm_expansion_retrieval_llama3.2_3b_full,educational technology,"[""educational technology"", ""automated learning"", ""information technology"", ""technology oversight"", ""cooperative learning""]",5,0.6935553550720215,True,True,True,True,1.0,1.0,1.0
topic-5805,ict management,IT administration,llm_expansion_retrieval_llama3.2_3b_full,information systems management,"[""information systems management"", ""information technology"", ""IT management"", ""IT administration"", ""governance""]",5,0.6763029098510742,False,True,False,True,1.0,1.0000001192092896,0.25
topic-4165,identity,self-concept,llm_expansion_retrieval_llama3.2_3b_full,self-concept,"[""self-concept"", ""self-awareness"", ""individual economics"", ""self-control"", ""character""]",5,0.6243133544921875,True,True,True,True,1.0,1.0,1.0
topic-10263,identity management,IdM,llm_expansion_retrieval_llama3.2_3b_full,personnel management,"[""personnel management"", ""administration"", ""administrative organisation"", ""business administration"", ""personnel sciences""]",5,0.6561331748962402,False,False,False,False,0.23529411764705888,0.29450127482414246,0.0
topic-3401,imf,international financial institution,llm_expansion_retrieval_llama3.2_3b_full,global financial institution,"[""global financial institution"", ""international financial institution"", ""global finance"", ""investment fund"", ""business finance; global finance""]",5,0.7356479167938232,False,True,True,True,1.0,1.0000001192092896,0.5
topic-8002,inculturation,cultural adaptation,llm_expansion_retrieval_llama3.2_3b_full,cultural adaptation,"[""cultural adaptation"", ""intercultural research"", ""cross-cultural support"", ""international integration"", ""cultural communities""]",5,0.789644718170166,True,True,True,True,1.0,1.0,1.0
topic-2151,industrial networks,industrial connections,llm_expansion_retrieval_llama3.2_3b_full,supply chain management,"[""supply chain management"", ""facilities"", ""organizational structure"", ""organizational theory"", ""industrial economics""]",5,0.74503493309021,False,False,False,False,0.7619047619047619,0.5096850991249084,0.0
topic-1522,industrial organization,industrial economics,llm_expansion_retrieval_llama3.2_3b_full,business frameworks,"[""business frameworks"", ""business administration"", ""market strategy"", ""organizational theory"", ""organizational structure""]",5,0.6428918838500977,False,False,False,False,0.41860465116279066,0.43838977813720703,0.0
topic-5621,computer science and ethics,ethical computing,llm_expansion_retrieval_llama3.2_3b_full,technology oversight,"[""technology oversight"", ""tech ethics"", ""machine intelligence"", ""governance"", ""ethical computing""]",5,0.7854213714599609,False,True,False,True,1.0,1.0,0.2
topic-1525,computer science law,IT law,llm_expansion_retrieval_llama3.2_3b_full,IT law,"[""IT law"", ""tech ethics"", ""legal informatics"", ""information technology"", ""data law""]",5,0.6527121067047119,True,True,True,True,1.0,1.0000001192092896,1.0
topic-2340,information and communication technology in education,educational technology,llm_expansion_retrieval_llama3.2_3b_full,educational technology,"[""educational technology"", ""instructional materials"", ""learning techniques"", ""information technology"", ""elementary education""]",5,0.6713922023773193,True,True,True,True,1.0,1.0,1.0
topic-1526,information management,data management,llm_expansion_retrieval_llama3.2_3b_full,knowledge systems,"[""knowledge systems"", ""organizational knowledge acquisition"", ""information processing"", ""information exchange"", ""information technology""]",5,0.631218671798706,False,False,False,False,0.4,0.5637816190719604,0.0
topic-2827,information processes,information processing,llm_expansion_retrieval_llama3.2_3b_full,communication channels,"[""communication channels"", ""data management"", ""information exchange"", ""knowledge systems"", ""data management systems""]",5,0.627025842666626,False,False,False,False,0.7142857142857143,0.5637816190719604,0.0
topic-1527,information law,data law,llm_expansion_retrieval_llama3.2_3b_full,regulatory law,"[""regulatory law"", ""regulatory economics"", ""governance"", ""data law"", ""knowledge systems""]",5,0.7089235782623291,False,True,False,True,1.0,1.0000001192092896,0.25
topic-1528,information systems,data management systems,llm_expansion_retrieval_llama3.2_3b_full,computing systems,"[""computing systems"", ""information technology"", ""internet technology"", ""organizational structure"", ""information and communication technology""]",5,0.6333091259002686,False,False,False,False,0.55,0.5522964000701904,0.0
topic-16722,Information Systems Management,IT management,llm_expansion_retrieval_llama3.2_3b_full,IT management,"[""IT management"", ""IT administration"", ""technology oversight"", ""governance"", ""collaborative information systems""]",5,0.6936461925506592,True,True,True,True,1.0,1.0,1.0
topic-1529,information technology,IT,llm_expansion_retrieval_llama3.2_3b_full,computing systems,"[""computing systems"", ""educational technology"", ""internet technology"", ""legal informatics"", ""computational mathematics""]",5,0.617995023727417,False,False,False,False,0.21052631578947367,0.21399898827075958,0.0
topic-2054,data processing,information processing,llm_expansion_retrieval_llama3.2_3b_full,information processing,"[""information processing"", ""data analysis"", ""data management"", ""data management systems"", ""decision analysis""]",5,0.6865365505218506,True,True,True,True,1.0,1.0,1.0
topic-6183,information retrieval,information search,llm_expansion_retrieval_llama3.2_3b_full,information retrieval system,"[""information retrieval system"", ""information search"", ""document search"", ""information processing"", ""data management systems""]",5,0.656052827835083,False,True,True,True,1.0,1.0,0.5
topic-3109,infrastructure,facilities,llm_expansion_retrieval_llama3.2_3b_full,frameworks,"[""frameworks"", ""business frameworks"", ""organizational structure"", ""computing systems"", ""sentence structure""]",5,0.5596072673797607,False,False,False,False,0.4,0.39283156394958496,0.0
topic-16322,Indigenous peoples,native communities,llm_expansion_retrieval_llama3.2_3b_full,native communities,"[""native communities"", ""nationhood"", ""minority communities"", ""ethnic groups"", ""Community-based philosophy""]",5,0.6843161582946777,True,True,True,True,1.0,1.0,1.0
topic-8922,income inequality,income disparity,llm_expansion_retrieval_llama3.2_3b_full,social disparity,"[""social disparity"", ""income disparity"", ""gender disparities"", ""financial economics"", ""financial law""]",5,0.7965400218963623,False,True,True,True,1.0,1.0,0.5
topic-1532,income distribution,income allocation,llm_expansion_retrieval_llama3.2_3b_full,income disparity,"[""income disparity"", ""income allocation"", ""social disparity"", ""gender disparities"", ""earnings tax""]",5,0.7216610908508301,False,True,True,True,1.0,1.0000001192092896,0.5
topic-1533,income tax,earnings tax,llm_expansion_retrieval_llama3.2_3b_full,earnings tax,"[""earnings tax"", ""company tax"", ""value-added tax"", ""asset tax"", ""government finance""]",5,0.6956713199615479,True,True,True,True,1.0,1.0,1.0
topic-16602,Purchasing and supply management,procurement management,llm_expansion_retrieval_llama3.2_3b_full,procurement management,"[""procurement management"", ""supply chain management"", ""logistics management"", ""stock control"", ""EU procurement regulations""]",5,0.687077522277832,True,True,True,True,1.0,1.0,1.0
topic-2153,innovation,advancement,llm_expansion_retrieval_llama3.2_3b_full,development,"[""development"", ""advancement"", ""human development"", ""employee development"", ""development theories""]",5,0.6101963520050049,False,True,True,True,1.0,1.0,0.5
topic-1534,insolvency law,bankruptcy law,llm_expansion_retrieval_llama3.2_3b_full,bankruptcy law,"[""bankruptcy law"", ""financial law"", ""financial regulation"", ""corporate law"", ""governance""]",5,0.712526798248291,True,True,True,True,1.0,1.0,1.0
topic-6742,effort,exertion,llm_expansion_retrieval_llama3.2_3b_full,exertion,"[""exertion"", ""exhaustion"", ""assistance"", ""investigation"", ""faith""]",5,0.6451518535614014,True,True,True,True,1.0,1.0,1.0
topic-2845,institutional economics,institutional theory,llm_expansion_retrieval_llama3.2_3b_full,Institutional framework,"[""Institutional framework"", ""institutional theory"", ""managerial economics"", ""institutions"", ""institution""]",5,0.7162923812866211,False,True,True,True,1.0,1.000000238418579,0.5
topic-10967,institutional theory,Institutional framework,llm_expansion_retrieval_llama3.2_3b_full,organizational theory,"[""organizational theory"", ""social theories"", ""social hierarchy"", ""organizational structure"", ""organizational studies""]",5,0.7002661228179932,False,False,False,False,0.5454545454545454,0.5379545092582703,0.0
topic-1535,instructive texts (*),instructional materials,llm_expansion_retrieval_llama3.2_3b_full,instructional materials,"[""instructional materials"", ""learning techniques"", ""Reading studies"", ""instructional psychology"", ""educational technology""]",5,0.6943302154541016,True,True,True,True,1.0,1.000000238418579,1.0
topic-1536,intellectual property law,IP law,llm_expansion_retrieval_llama3.2_3b_full,IP law,"[""IP law"", ""corporate law"", ""contract law"", ""business law"", ""IT law""]",5,0.6761584281921387,True,True,True,True,1.0,1.0,1.0
topic-1537,intelligent interfaces,smart interfaces,llm_expansion_retrieval_llama3.2_3b_full,smart interfaces,"[""smart interfaces"", ""human-computer interaction"", ""computing systems"", ""collaborative systems"", ""textual interaction""]",5,0.6741867065429688,True,True,True,True,1.0,1.0,1.0
topic-1952,intelligence differences between cultures,cross-cultural intelligence,llm_expansion_retrieval_llama3.2_3b_full,cross-cultural intelligence,"[""cross-cultural intelligence"", ""cross-cultural psychology"", ""cross-cultural differences"", ""intercultural research methods"", ""intercultural research""]",5,0.9469029903411865,True,True,True,True,1.0,1.0,1.0
topic-1222,Inter-organizational networks,collaborative networks,llm_expansion_retrieval_llama3.2_3b_full,strategic partnerships,"[""strategic partnerships"", ""supply chain management"", ""financial partnerships"", ""strategic interaction theory"", ""Cooperation""]",5,0.6932752132415771,False,False,False,False,0.48484848484848486,0.44273173809051514,0.0
topic-8581,inter-organisational relationships,inter-firm relationships,llm_expansion_retrieval_llama3.2_3b_full,strategic partnerships,"[""strategic partnerships"", ""inter-firm relationships"", ""financial partnerships"", ""interconnected industries"", ""businesses""]",5,0.6903204917907715,False,True,True,True,1.0,1.0,0.5
topic-1538,interaction and communication skills,interpersonal skills,llm_expansion_retrieval_llama3.2_3b_full,interpersonal skills,"[""interpersonal skills"", ""interpersonal psychology"", ""collaborative work"", ""interpersonal process"", ""language skills""]",5,0.7068476676940918,True,True,True,True,1.0,1.0,1.0
topic-10942,interactive governance,Participatory governance,llm_expansion_retrieval_llama3.2_3b_full,Participatory governance,"[""Participatory governance"", ""governance"", ""community governance"", ""governance crisis"", ""self-governance""]",5,0.7237668037414551,True,True,True,True,1.0,1.0,1.0
topic-2109,intercultural negotiating,cross-cultural negotiation,llm_expansion_retrieval_llama3.2_3b_full,cross-cultural negotiation,"[""cross-cultural negotiation"", ""conflict resolution"", ""cross-cultural communication"", ""negotiation"", ""cross-cultural support""]",5,0.68235182762146,True,True,True,True,1.0,1.0000001192092896,1.0
topic-1540,intercultural communication,cross-cultural communication,llm_expansion_retrieval_llama3.2_3b_full,cross-cultural communication,"[""cross-cultural communication"", ""cross-cultural differences"", ""cross-cultural support"", ""cross-cultural psychology"", ""cross-cultural negotiation""]",5,0.6876115798950195,True,True,True,True,1.0,0.9999999403953552,1.0
topic-4941,intercultural assistance,cross-cultural support,llm_expansion_retrieval_llama3.2_3b_full,cross-cultural support,"[""cross-cultural support"", ""cross-cultural differences"", ""Cooperation"", ""cross-cultural psychology"", ""cross-cultural communication""]",5,0.7080292701721191,True,True,True,True,1.0,0.9999996423721313,1.0
topic-1895,intercultural theologie,cross-cultural theology,llm_expansion_retrieval_llama3.2_3b_full,cross-cultural theology,"[""cross-cultural theology"", ""interfaith dialogue"", ""applied theology"", ""Christian worldview"", ""Christian worldview philosophy""]",5,0.6958293914794922,True,True,True,True,1.0,1.0,1.0
topic-15422,intergenerational risk sharing,cross-generational risk distribution,llm_expansion_retrieval_llama3.2_3b_full,cross-generational risk distribution,"[""cross-generational risk distribution"", ""risk management"", ""family economics"", ""family law"", ""risk assessment models""]",5,0.8340044021606445,True,True,True,True,1.0,1.0,1.0
topic-1541,intergroup relationships,group interactions,llm_expansion_retrieval_llama3.2_3b_full,group dynamics,"[""group dynamics"", ""interpersonal process"", ""interpersonal psychology"", ""group interactions"", ""interpersonal skills""]",5,0.6494054794311523,False,True,False,True,1.0,1.0000001192092896,0.25
topic-16462,internal control,internal oversight,llm_expansion_retrieval_llama3.2_3b_full,governance,"[""governance"", ""risk management"", ""governance crisis"", ""regulatory law"", ""community governance""]",5,0.6429429054260254,False,False,False,False,0.45714285714285713,0.4977773427963257,0.0
topic-4348,international labour law,global employment law,llm_expansion_retrieval_llama3.2_3b_full,global employment law,"[""global employment law"", ""employment law"", ""global accounting standards"", ""global HR management"", ""employment policy""]",5,0.7407948970794678,True,True,True,True,1.0,1.0,1.0
topic-1542,international tax law,global tax law,llm_expansion_retrieval_llama3.2_3b_full,global tax law,"[""global tax law"", ""fiscal law"", ""global economics"", ""fiscal management"", ""company tax""]",5,0.756460428237915,True,True,True,True,1.0,1.0,1.0
topic-12781,international human resource management,global HR management,llm_expansion_retrieval_llama3.2_3b_full,global HR management,"[""global HR management"", ""global management"", ""personnel management"", ""talent development"", ""personnel sciences""]",5,0.7458572387695312,True,True,True,True,1.0,1.0,1.0
topic-1543,international management,global management,llm_expansion_retrieval_llama3.2_3b_full,global management,"[""global management"", ""business administration"", ""global commerce"", ""international financial institution"", ""cross-cultural support""]",5,0.7308571338653564,True,True,True,True,1.0,0.9999999403953552,1.0
topic-1544,international competition law,global antitrust law,llm_expansion_retrieval_llama3.2_3b_full,global accounting standards,"[""global accounting standards"", ""transnational criminal law"", ""dispute resolution"", ""global commerce"", ""global public law""]",5,0.7315046787261963,False,False,False,False,0.6486486486486487,0.6673597097396851,0.0
topic-1545,international environmental law,global environmental law,llm_expansion_retrieval_llama3.2_3b_full,global environmental law,"[""global environmental law"", ""environmental protection law"", ""EU environmental regulations"", ""ecological law"", ""ecological policy""]",5,0.7387747764587402,True,True,True,True,1.0,1.0,1.0
topic-6403,international monetary fund,global financial institution,llm_expansion_retrieval_llama3.2_3b_full,global financial institution,"[""global financial institution"", ""international financial institution"", ""global finance"", ""business finance; global finance"", ""global economics""]",5,0.7272963523864746,True,True,True,True,1.0,1.0000001192092896,1.0
topic-1547,international public law,global public law,llm_expansion_retrieval_llama3.2_3b_full,transnational criminal law,"[""transnational criminal law"", ""global public law"", ""governance"", ""global management"", ""global law""]",5,0.6978316307067871,False,True,True,True,1.0,0.9999998807907104,0.5
topic-1548,international law,global law,llm_expansion_retrieval_llama3.2_3b_full,global law,"[""global law"", ""global public law"", ""global environmental law"", ""governance"", ""international legal history""]",5,0.6957669258117676,True,True,True,True,1.0,1.0000001192092896,1.0
topic-12021,International Criminal Court,ICCt,llm_expansion_retrieval_llama3.2_3b_full,global public law,"[""global public law"", ""European Human Rights Charter"", ""transnational criminal law"", ""global employment law"", ""international financial institution""]",5,0.7748334407806396,False,False,False,False,0.19047619047619047,0.20633795857429504,0.0
topic-1549,international criminal law,transnational criminal law,llm_expansion_retrieval_llama3.2_3b_full,transnational criminal law,"[""transnational criminal law"", ""penal law"", ""international legal history"", ""global public law"", ""non-criminal law""]",5,0.7351589202880859,True,True,True,True,1.0,0.9999998807907104,1.0
topic-13701,International Financial Reporting Standards (IFRS),global accounting standards,llm_expansion_retrieval_llama3.2_3b_full,global accounting standards,"[""global accounting standards"", ""financial reporting"", ""financial accounting"", ""global finance"", ""global financial institution""]",5,0.7643632888793945,True,True,True,True,1.0,1.0000001192092896,1.0
topic-6223,international economics,global economics,llm_expansion_retrieval_llama3.2_3b_full,global finance,"[""global finance"", ""global economics"", ""international financial institution"", ""global commerce"", ""business finance; global finance""]",5,0.6843538284301758,False,True,True,True,1.0,1.0000001192092896,0.5
topic-1551,international finance,global finance,llm_expansion_retrieval_llama3.2_3b_full,global finance,"[""global finance"", ""business finance; global finance"", ""global economics"", ""international financial institution"", ""global financial institution""]",5,0.7310163974761963,True,True,True,True,1.0,1.0,1.0
topic-2870,international trade,global commerce,llm_expansion_retrieval_llama3.2_3b_full,global commerce,"[""global commerce"", ""global economics"", ""global management"", ""global finance"", ""e-commerce""]",5,0.6296243667602539,True,True,True,True,1.0,0.9999998807907104,1.0
topic-1552,internet,cyberspace,llm_expansion_retrieval_llama3.2_3b_full,cyberspace,"[""cyberspace"", ""the web"", ""cyber culture"", ""web design"", ""cybercrime""]",5,0.6057443618774414,True,True,True,True,1.0,0.9999999403953552,1.0
topic-5127,internet addiction,online dependency,llm_expansion_retrieval_llama3.2_3b_full,online dependency,"[""online dependency"", ""cyber culture"", ""dependency"", ""digital labor"", ""information processing""]",5,0.6788358688354492,True,True,True,True,1.0,1.0,1.0
topic-4882,interpolation,estimation,llm_expansion_retrieval_llama3.2_3b_full,prediction,"[""prediction"", ""estimation"", ""parameter estimation"", ""spatial interpolation"", ""autonomous learning""]",5,0.6273908615112305,False,True,True,True,1.0,1.0,0.5
topic-1868,inter-religious communication,interfaith dialogue,llm_expansion_retrieval_llama3.2_3b_full,interfaith dialogue,"[""interfaith dialogue"", ""cross-cultural communication"", ""diversity"", ""cross-cultural negotiation"", ""cross-cultural support""]",5,0.7116878032684326,True,True,True,True,1.0,0.9999998211860657,1.0
topic-16883,Intertextuality,textual interaction,llm_expansion_retrieval_llama3.2_3b_full,interconnected systems,"[""interconnected systems"", ""interconnected industries"", ""cultural communities"", ""cross-cultural negotiation"", ""cultural economics""]",5,0.7214961051940918,False,False,False,False,0.5333333333333333,0.2818755507469177,0.0
topic-4164,intuitionistic mathematics,constructivist mathematics,llm_expansion_retrieval_llama3.2_3b_full,constructivist mathematics,"[""constructivist mathematics"", ""mathematical sciences"", ""mathematical foundations"", ""computational mathematics"", ""classical language""]",5,0.7427680492401123,True,True,True,True,1.0,0.9999998807907104,1.0
topic-2887,investment under uncertainty,uncertain investments,llm_expansion_retrieval_llama3.2_3b_full,risk management,"[""risk management"", ""uncertain investments"", ""financial policy"", ""risk assessment models"", ""investment theory""]",5,0.8371586799621582,False,True,True,True,1.0,1.0,0.5
topic-3368,investment analysis,investment evaluation,llm_expansion_retrieval_llama3.2_3b_full,asset valuation,"[""asset valuation"", ""risk assessment models"", ""financial economics"", ""business valuation"", ""investment theory""]",5,0.6640913486480713,False,False,False,False,0.7222222222222221,0.6751066446304321,0.0
topic-2891,islam,Islamic studies,llm_expansion_retrieval_llama3.2_3b_full,Islamic studies,"[""Islamic studies"", ""faith"", ""religious tradition"", ""Arabian"", ""Christian unity""]",5,0.7636058330535889,True,True,True,True,1.0,1.0000001192092896,1.0
topic-1865,islam in the netherlands,Muslim Communities in the Netherlands,llm_expansion_retrieval_llama3.2_3b_full,Muslim Communities in the Netherlands,"[""Muslim Communities in the Netherlands"", ""Islamic studies"", ""religious studies"", ""Dutch language"", ""East Europe""]",5,0.7468669414520264,True,True,True,True,1.0,1.000000238418579,1.0
topic-7542,ivf,test-tube fertilization,llm_expansion_retrieval_llama3.2_3b_full,test-tube fertilization,"[""test-tube fertilization"", ""childbirth"", ""conceptions of God"", ""educational technology"", ""internet technology""]",5,0.7463271617889404,True,True,True,True,1.0,1.0000001192092896,1.0
topic-5883,annual reporting,Yearly report,llm_expansion_retrieval_llama3.2_3b_full,external disclosure,"[""external disclosure"", ""financial reporting"", ""financial statements"", ""regulatory law"", ""financial accounting""]",5,0.6887650489807129,False,False,False,False,0.5625,0.5790170431137085,0.0
topic-13641,"Jacobi, F.H.",Friedrich Heinrich Jacobi,llm_expansion_retrieval_llama3.2_3b_full,Friedrich Heinrich Jacobi,"[""Friedrich Heinrich Jacobi"", ""Jacob"", ""Jacques Derrida"", ""Frankfurt School theorist"", ""literary philosopher""]",5,0.8651905059814453,True,True,True,True,1.0,1.0000001192092896,1.0
topic-17063,James,Jacob,llm_expansion_retrieval_llama3.2_3b_full,Christian worship,"[""Christian worship"", ""Christian history"", ""Christian unity"", ""Christian cultural studies"", ""Christian worldview""]",5,0.6205463409423828,False,False,False,False,0.18181818181818177,0.2817230224609375,0.0
topic-15562,The Book of Ben Sira,Ecclesiasticus,llm_expansion_retrieval_llama3.2_3b_full,wisdom,"[""wisdom"", ""literary philosopher"", ""scriptural literature"", ""Epistle of James"", ""Scholastic philosopher""]",5,0.8521595001220703,False,False,False,False,0.4444444444444444,0.3797574043273926,0.0
topic-1556,youth assistance,youth support,llm_expansion_retrieval_llama3.2_3b_full,youth support,"[""youth support"", ""welfare system"", ""welfare"", ""welfare payments"", ""support services""]",5,0.7248737812042236,True,True,True,True,1.0,1.0,1.0
topic-2331,jesus,Christ,llm_expansion_retrieval_llama3.2_3b_full,Christ,"[""Christ"", ""Christian unity"", ""Matthew's Gospel"", ""contemporary Judaism"", ""rebirth""]",5,0.5981349945068359,True,True,True,True,1.0,0.9999999403953552,1.0
topic-2287,"judaism and christianity, relationship between",interfaith relations,llm_expansion_retrieval_llama3.2_3b_full,early Christian teachings and Judaism,"[""early Christian teachings and Judaism"", ""Judeo-Christian relations"", ""contemporary Judaism"", ""ancient Jewish religion"", ""Christian worship""]",5,0.825211763381958,False,False,False,False,0.6222222222222222,0.49462735652923584,0.0
topic-14882,Jews in modernity,modern Jewish history,llm_expansion_retrieval_llama3.2_3b_full,contemporary Judaism,"[""contemporary Judaism"", ""modern Jewish history"", ""ancient Jewish religion"", ""early Christian teachings and Judaism"", ""contemporary philosopher""]",5,0.9160313606262207,False,True,True,True,1.0,0.9999999403953552,0.5
topic-862,"Judaism, modern",contemporary Judaism,llm_expansion_retrieval_llama3.2_3b_full,contemporary Judaism,"[""contemporary Judaism"", ""ancient Jewish religion"", ""modern Jewish history"", ""early Christian teachings and Judaism"", ""religious tradition""]",5,0.7361578941345215,True,True,True,True,1.0,1.0,1.0
topic-1914,"judaism, early/ancient",ancient Jewish religion,llm_expansion_retrieval_llama3.2_3b_full,ancient Hebrew,"[""ancient Hebrew"", ""modern Jewish history"", ""ancient Jewish religion"", ""early Christian teachings and Judaism"", ""contemporary Judaism""]",5,0.7666966915130615,False,True,True,True,1.0,1.0000001192092896,0.3333333333333333
topic-1884,johannes,John the Apostle,llm_expansion_retrieval_llama3.2_3b_full,Christ,"[""Christ"", ""Christian worship"", ""religious philosophy"", ""Christian unity"", ""Christian worldview""]",5,0.6475777626037598,False,False,False,False,0.34285714285714286,0.4016339182853699,0.0
topic-3523,youth and pastoral care,youth ministry,llm_expansion_retrieval_llama3.2_3b_full,youth support,"[""youth support"", ""youth ministry"", ""welfare"", ""welfare payments"", ""Pastoral Counseling Psychology""]",5,0.8457398414611816,False,True,True,True,1.0,0.9999998211860657,0.5
topic-3983,legal skills,legal competencies,llm_expansion_retrieval_llama3.2_3b_full,jurisprudence,"[""jurisprudence"", ""Empirical jurisprudence"", ""legal competencies"", ""judiciary"", ""legal philosophy""]",5,0.6644761562347412,False,True,True,True,1.0,1.0,0.3333333333333333
topic-10741,cancer,malignant neoplasm,llm_expansion_retrieval_llama3.2_3b_full,malignant neoplasm,"[""malignant neoplasm"", ""cancer psychology"", ""surgical procedure"", ""disease study"", ""polyglotism""]",5,0.7004928588867188,True,True,True,True,1.0,1.0,1.0
topic-2174,catholic church in the 19th and 20th century,modern Catholic history,llm_expansion_retrieval_llama3.2_3b_full,modern Catholic history,"[""modern Catholic history"", ""ecclesiastical history"", ""Reformation history"", ""Second Vatican Council"", ""ecclesiastical authority""]",5,1.4293508529663086,True,True,True,True,1.0,1.0,1.0
topic-1847,epistemology,theory of knowledge,llm_expansion_retrieval_llama3.2_3b_full,theory of knowledge,"[""theory of knowledge"", ""cognitive studies"", ""cognitive psychology"", ""knowledge systems"", ""cognitive psychology theory""]",5,0.7639966011047363,True,True,True,True,1.0,1.0000001192092896,1.0
topic-1566,knowledge representation,information modeling,llm_expansion_retrieval_llama3.2_3b_full,information modeling,"[""information modeling"", ""ontology"", ""machine semantics"", ""cognitive psychology"", ""information processing""]",5,0.6630380153656006,True,True,True,True,1.0,1.0,1.0
topic-1567,knowledge technology,information technology,llm_expansion_retrieval_llama3.2_3b_full,information technology,"[""information technology"", ""information and communication technology"", ""information systems management"", ""internet technology"", ""automated learning""]",5,0.7055661678314209,True,True,True,True,1.0,1.0000001192092896,1.0
topic-11381,church,congregation,llm_expansion_retrieval_llama3.2_3b_full,Christian worship,"[""Christian worship"", ""modern worship"", ""congregation"", ""contemporary Judaism"", ""liturgical theology""]",5,0.6586427688598633,False,True,True,True,1.0,1.0,0.3333333333333333
topic-3791,church state relations,church-state interaction,llm_expansion_retrieval_llama3.2_3b_full,ecclesiastical authority,"[""ecclesiastical authority"", ""church-state interaction"", ""Ecclesiastical leadership"", ""ecclesiastical history"", ""ecclesiastical Latin""]",5,0.7789347171783447,False,True,True,True,1.0,1.000000238418579,0.5
topic-11382,ministry,Clergy,llm_expansion_retrieval_llama3.2_3b_full,authority,"[""authority"", ""institution"", ""institutions"", ""employee council"", ""monetary authority""]",5,0.5665996074676514,False,False,False,False,0.2666666666666667,0.43051964044570923,0.0
topic-4236,church authority,ecclesiastical authority,llm_expansion_retrieval_llama3.2_3b_full,ecclesiastical authority,"[""ecclesiastical authority"", ""Clergy"", ""spiritual leadership"", ""governance"", ""Institutional framework""]",5,0.7103776931762695,True,True,True,True,1.0,1.0000001192092896,1.0
topic-11384,ecclesial leadership,Ecclesiastical leadership,llm_expansion_retrieval_llama3.2_3b_full,ecclesiastical authority,"[""ecclesiastical authority"", ""Ecclesiastical leadership"", ""ministerial ethics"", ""sociology of pastoral care"", ""spiritual guidance""]",5,0.7250897884368896,False,True,True,True,1.0,0.9999998211860657,0.5
topic-2086,devotion/piety and non-practising,religious observance and secularism,llm_expansion_retrieval_llama3.2_3b_full,faith,"[""faith"", ""contemporary piety"", ""faith marketplace"", ""spiritual care"", ""mental health and spirituality""]",5,0.7762172222137451,False,False,False,False,0.4307692307692308,0.5260220170021057,0.0
topic-2092,church music,sacred music,llm_expansion_retrieval_llama3.2_3b_full,sacred music,"[""sacred music"", ""liturgical theology"", ""current liturgical practice"", ""Christian worship"", ""modern theological themes""]",5,0.7386672496795654,True,True,True,True,1.0,1.000000238418579,1.0
topic-1915,"church fathers, ancient",early theologians,llm_expansion_retrieval_llama3.2_3b_full,early theologians,"[""early theologians"", ""early Christian texts"", ""Patristic studies"", ""Ecclesiastical leadership"", ""theological literature""]",5,0.7774784564971924,True,True,True,True,1.0,1.000000238418579,1.0
topic-16565,Integrated care,coordinated care,llm_expansion_retrieval_llama3.2_3b_full,coordinated care,"[""coordinated care"", ""care models"", ""obligation of care"", ""spiritual care"", ""health care administration""]",5,0.7096467018127441,True,True,True,True,1.0,0.9999999403953552,1.0
topic-1991,voting mechanisms,electoral methods,llm_expansion_retrieval_llama3.2_3b_full,electoral methods,"[""electoral methods"", ""voting system"", ""tactical voting"", ""Consensus-based democracy"", ""decision process""]",5,0.7686164379119873,True,True,True,True,1.0,1.0000001192092896,1.0
topic-4661,electoral systems,voting system,llm_expansion_retrieval_llama3.2_3b_full,voting system,"[""voting system"", ""electoral methods"", ""tactical voting"", ""government sector"", ""welfare system""]",5,0.6865758895874023,True,True,True,True,1.0,1.0,1.0
topic-1572,clinical neuropsychology,neuropsychological therapy,llm_expansion_retrieval_llama3.2_3b_full,brain-behavior science,"[""brain-behavior science"", ""cognitive psychology"", ""neuropsychological therapy"", ""neurocognitive psychology"", ""neurobehavioral science""]",5,0.8210644721984863,False,True,True,True,1.0,1.0000001192092896,0.3333333333333333
topic-1574,credit systems,credit infrastructure,llm_expansion_retrieval_llama3.2_3b_full,assessment,"[""assessment"", ""credit infrastructure"", ""financial evaluation"", ""systems analysis"", ""decision aid systems""]",5,0.6285359859466553,False,True,True,True,1.0,1.0,0.5
topic-4886,Kriging,spatial interpolation,llm_expansion_retrieval_llama3.2_3b_full,spatial interpolation,"[""spatial interpolation"", ""computational modeling"", ""spatial economics"", ""computational models"", ""Systems modeling""]",5,0.6941323280334473,True,True,True,True,1.0,1.0000001192092896,1.0
topic-15982,Kriging,spatial interpolation,llm_expansion_retrieval_llama3.2_3b_full,spatial interpolation,"[""spatial interpolation"", ""computational modeling"", ""spatial economics"", ""computational models"", ""Systems modeling""]",5,0.6828112602233887,True,True,True,True,1.0,1.0000001192092896,1.0
topic-4149,critical theory,radical critique,llm_expansion_retrieval_llama3.2_3b_full,critical analysis,"[""critical analysis"", ""Marxist theory"", ""Marxism"", ""interpretive theory"", ""intercultural research""]",5,0.7206206321716309,False,False,False,False,0.4242424242424242,0.3618811368942261,0.0
topic-4881,splines,curves,llm_expansion_retrieval_llama3.2_3b_full,curves,"[""curves"", ""spatial interpolation"", ""parameter estimation"", ""simulation"", ""glottogony""]",5,0.6920115947723389,True,True,True,True,1.0,0.9999997615814209,1.0
topic-6501,philosophy of art,aesthetics philosophy,llm_expansion_retrieval_llama3.2_3b_full,aesthetics philosophy,"[""aesthetics philosophy"", ""cultural philosophy"", ""arts instruction"", ""literary philosopher"", ""philosophy of beauty""]",5,0.6482522487640381,True,True,True,True,1.0,1.0000001192092896,1.0
topic-1575,artificial intelligence,machine intelligence,llm_expansion_retrieval_llama3.2_3b_full,machine intelligence,"[""machine intelligence"", ""autonomous learning"", ""automated learning"", ""artificial neural networks"", ""mental science""]",5,0.7210836410522461,True,True,True,True,1.0,1.0000003576278687,1.0
topic-12641,quality of work,work quality,llm_expansion_retrieval_llama3.2_3b_full,work quality,"[""work quality"", ""quality of worklife"", ""professional ethics"", ""performance metrics"", ""life quality""]",5,0.6244993209838867,True,True,True,True,1.0,1.0,1.0
topic-2061,quality of life,well-being,llm_expansion_retrieval_llama3.2_3b_full,well-being,"[""well-being"", ""emotional well-being"", ""psychological well-being"", ""life quality"", ""well-being after cardiovascular diseases""]",5,0.6482579708099365,True,True,True,True,1.0,1.0000001192092896,1.0
topic-121,Quality of life,life quality,llm_expansion_retrieval_llama3.2_3b_full,well-being,"[""well-being"", ""emotional well-being"", ""psychological well-being"", ""life quality"", ""health psychology""]",5,0.6433064937591553,False,True,False,True,1.0,1.0000001192092896,0.25
topic-9461,quality of the judiciary,judicial performance,llm_expansion_retrieval_llama3.2_3b_full,judicial performance,"[""judicial performance"", ""judiciary"", ""ethical accountability"", ""jurisprudence"", ""legal governance""]",5,0.6884691715240479,True,True,True,True,1.0,1.0000001192092896,1.0
topic-11701,quality of care,health care quality,llm_expansion_retrieval_llama3.2_3b_full,care models,"[""care models"", ""obligation of care"", ""coordinated care"", ""health care quality"", ""health policy""]",5,0.6611900329589844,False,True,False,True,1.0,1.000000238418579,0.25
topic-1577,agriculture,farming,llm_expansion_retrieval_llama3.2_3b_full,farming,"[""farming"", ""city planning"", ""economic development"", ""agricultural economics"", ""developing countries""]",5,0.6701376438140869,True,True,True,True,1.0,1.0000001192092896,1.0
topic-1578,latin,classical language,llm_expansion_retrieval_llama3.2_3b_full,classical language,"[""classical language"", ""ancient Hebrew"", ""sex"", ""nationality"", ""ancient Jewish religion""]",5,0.6143286228179932,True,True,True,True,1.0,1.0,1.0
topic-1579,lifestyle,way of life,llm_expansion_retrieval_llama3.2_3b_full,way of life,"[""way of life"", ""leisure activities"", ""behavior modification"", ""brain-behavior science"", ""self-control""]",5,0.6373798847198486,True,True,True,True,1.0,1.0000001192092896,1.0
topic-9121,learning styles,study methods,llm_expansion_retrieval_llama3.2_3b_full,learning techniques,"[""learning techniques"", ""instructional materials"", ""instructional psychology"", ""study methods"", ""automated learning""]",5,0.715900182723999,False,True,False,True,1.0,1.000000238418579,0.25
topic-7283,learning disorders,learning disabilities,llm_expansion_retrieval_llama3.2_3b_full,learning disabilities,"[""learning disabilities"", ""cognitive decline"", ""cognitive psychology"", ""cognitive studies"", ""cognitive effort""]",5,0.7703125476837158,True,True,True,True,1.0,1.0,1.0
topic-10601,reading research,Reading studies,llm_expansion_retrieval_llama3.2_3b_full,Reading studies,"[""Reading studies"", ""text analysis"", ""literary analysis"", ""textual history"", ""textual interaction""]",5,0.6875362396240234,True,True,True,True,1.0,1.000000238418579,1.0
topic-1581,reading disorders,reading difficulties,llm_expansion_retrieval_llama3.2_3b_full,reading difficulties,"[""reading difficulties"", ""learning disabilities"", ""Reading studies"", ""reading and writing skills"", ""intellectually disabled persons""]",5,0.7491307258605957,True,True,True,True,1.0,1.0000001192092896,1.0
topic-1582,leadership,guidance,llm_expansion_retrieval_llama3.2_3b_full,guidance,"[""guidance"", ""corporate management"", ""personnel management"", ""IT management"", ""public management""]",5,0.596097469329834,True,True,True,True,1.0,1.0,1.0
topic-8101,organisational learning,organizational knowledge acquisition,llm_expansion_retrieval_llama3.2_3b_full,institutional theory,"[""institutional theory"", ""employee development"", ""improvement"", ""Institutional framework"", ""organizational growth""]",5,0.7019295692443848,False,False,False,False,0.631578947368421,0.5360302925109863,0.0
topic-2941,machine learning,automated learning,llm_expansion_retrieval_llama3.2_3b_full,data analysis,"[""data analysis"", ""machine intelligence"", ""computational mathematics"", ""prediction"", ""statistical techniques""]",5,0.6625466346740723,False,False,False,False,0.4516129032258065,0.569157600402832,0.0
topic-3102,learning organisations,adaptive organizations,llm_expansion_retrieval_llama3.2_3b_full,corporate culture,"[""corporate culture"", ""employee development"", ""organizational growth"", ""development"", ""knowledge systems""]",5,0.7382309436798096,False,False,False,False,0.5581395348837209,0.58106929063797,0.0
topic-8362,Latvia,Latvian Republic,llm_expansion_retrieval_llama3.2_3b_full,East Europe,"[""East Europe"", ""Latvian Republic"", ""EU politics"", ""EU legislation"", ""EU administrative law""]",5,0.734100341796875,False,True,True,True,1.0,0.9999999403953552,0.5
topic-2162,quality of life after heart and vascular diseases,well-being after cardiovascular diseases,llm_expansion_retrieval_llama3.2_3b_full,well-being after cardiovascular diseases,"[""well-being after cardiovascular diseases"", ""persistent heart failure"", ""cardiovascular diseases"", ""psychological well-being"", ""quality of life""]",5,0.9114012718200684,True,True,True,True,1.0,1.0000001192092896,1.0
topic-5631,levinas,Levinasian philosophy,llm_expansion_retrieval_llama3.2_3b_full,automated parsing,"[""automated parsing"", ""performance metrics"", ""language processing systems"", ""information processing"", ""chronological data""]",5,0.6605865955352783,False,False,False,False,0.41860465116279066,0.08657605946063995,0.0
topic-5181,liberalisation,deregulation,llm_expansion_retrieval_llama3.2_3b_full,deregulation,"[""deregulation"", ""global culture"", ""global economics"", ""global commerce"", ""global management""]",5,0.6775832176208496,True,True,True,True,1.0,1.0,1.0
topic-2015,liberalism and political philosophy,liberal political theory,llm_expansion_retrieval_llama3.2_3b_full,political theory,"[""political theory"", ""economic philosophy"", ""nationalist ideology"", ""liberal political theory"", ""Political Groups""]",5,0.7013280391693115,False,True,False,True,1.0,1.0000001192092896,0.25
topic-2280,literary-historical aspects,textual history,llm_expansion_retrieval_llama3.2_3b_full,literary analysis,"[""literary analysis"", ""interpretation"", ""Bible interpretation"", ""text analysis"", ""scriptural literature""]",5,0.7971186637878418,False,False,False,False,0.5714285714285714,0.4960366487503052,0.0
topic-1585,literature,written works,llm_expansion_retrieval_llama3.2_3b_full,text design,"[""text design"", ""writing strategies"", ""written works"", ""reading and writing skills"", ""Reading studies""]",5,0.5887374877929688,False,True,True,True,1.0,1.0,0.3333333333333333
topic-1893,literature and theology,theological literature,llm_expansion_retrieval_llama3.2_3b_full,biblical studies,"[""biblical studies"", ""New Testament studies"", ""religious studies"", ""theological literature"", ""Christian cultural studies""]",5,0.7548754215240479,False,True,False,True,1.0,1.0000001192092896,0.25
topic-1586,study of literature,literary analysis,llm_expansion_retrieval_llama3.2_3b_full,literary analysis,"[""literary analysis"", ""Reading studies"", ""interpretation"", ""Bible interpretation"", ""text analysis""]",5,0.725184440612793,True,True,True,True,1.0,0.9999999403953552,1.0
topic-2189,liturgy (contemporary),modern worship,llm_expansion_retrieval_llama3.2_3b_full,current liturgical practice,"[""current liturgical practice"", ""modern worship"", ""liturgical theology"", ""religious ceremonies"", ""ritual analysis""]",5,0.7873537540435791,False,True,True,True,1.0,1.0000001192092896,0.5
topic-1587,liturgical studies,liturgical theology,llm_expansion_retrieval_llama3.2_3b_full,ecclesiastical history,"[""ecclesiastical history"", ""applied theology"", ""Christian worship"", ""theological literature"", ""doctrinal theology""]",5,0.7234854698181152,False,False,False,False,0.7567567567567568,0.6535449028015137,0.0
topic-5361,liturgical latin,ecclesiastical Latin,llm_expansion_retrieval_llama3.2_3b_full,ecclesiastical Latin,"[""ecclesiastical Latin"", ""liturgical theology"", ""current liturgical practice"", ""ecclesiastical history"", ""ritual analysis""]",5,0.7492272853851318,True,True,True,True,1.0,1.0,1.0
topic-1920,liturgic celebrations,religious ceremonies,llm_expansion_retrieval_llama3.2_3b_full,liturgical theology,"[""liturgical theology"", ""current liturgical practice"", ""religious ceremonies"", ""ritual analysis"", ""modern worship""]",5,0.7999057769775391,False,True,True,True,1.0,0.9999998211860657,0.3333333333333333
topic-2090,liturgic music,sacred music,llm_expansion_retrieval_llama3.2_3b_full,sacred music,"[""sacred music"", ""liturgical theology"", ""current liturgical practice"", ""Christian worship"", ""modern worship""]",5,0.7730610370635986,True,True,True,True,1.0,1.000000238418579,1.0
topic-5632,locke,John Locke,llm_expansion_retrieval_llama3.2_3b_full,John Locke,"[""John Locke"", ""social contract"", ""social theories"", ""contract law"", ""union contracts""]",5,0.6964447498321533,True,True,True,True,1.0,1.000000238418579,1.0
topic-2314,logic,reasoning,llm_expansion_retrieval_llama3.2_3b_full,reasoning,"[""reasoning"", ""logical argumentation"", ""scientific philosophy"", ""religious philosophy"", ""mental philosophy""]",5,0.6397264003753662,True,True,True,True,1.0,1.0000001192092896,1.0
topic-1588,logic and philosophy of language,analytical philosophy,llm_expansion_retrieval_llama3.2_3b_full,linguistic philosophy,"[""linguistic philosophy"", ""language science"", ""machine semantics"", ""language psychology"", ""linguistic evolution""]",5,0.824432373046875,False,False,False,False,0.7142857142857143,0.39332711696624756,0.0
topic-1589,logistics,supply chain management,llm_expansion_retrieval_llama3.2_3b_full,supply chain management,"[""supply chain management"", ""procurement management"", ""logistics management"", ""stock control"", ""EU procurement regulations""]",5,0.6406641006469727,True,True,True,True,1.0,0.9999999403953552,1.0
topic-1590,logistics management,supply chain management,llm_expansion_retrieval_llama3.2_3b_full,supply chain management,"[""supply chain management"", ""procurement management"", ""stock control"", ""profit distribution strategy"", ""personnel management""]",5,0.6476786136627197,True,True,True,True,1.0,0.9999999403953552,1.0
topic-17162,Local Democracy,community governance,llm_expansion_retrieval_llama3.2_3b_full,community governance,"[""community governance"", ""governance"", ""Participatory governance"", ""Municipal governance"", ""self-governance""]",5,0.7628288269042969,True,True,True,True,1.0,1.0000001192092896,1.0
topic-1591,tax on wages/income tax,income tax,llm_expansion_retrieval_llama3.2_3b_full,earnings tax,"[""earnings tax"", ""income tax"", ""company tax"", ""value-added tax"", ""asset tax""]",5,0.6853351593017578,False,True,True,True,1.0,1.0,0.5
topic-2169,lyotard,postmodern theorist,llm_expansion_retrieval_llama3.2_3b_full,postmodern theorist,"[""postmodern theorist"", ""metaphysics"", ""metaphysical study"", ""post-structuralism"", ""scientific philosophy""]",5,0.7770829200744629,True,True,True,True,1.0,1.0000001192092896,1.0
topic-1201,corporate social responsibility,corporate conscience,llm_expansion_retrieval_llama3.2_3b_full,corporate ethics,"[""corporate ethics"", ""ethical management"", ""professional ethics"", ""ethical marketing"", ""corporate communication ethics""]",5,0.6745424270629883,False,False,False,False,0.68,0.7863756418228149,0.0
topic-5633,machiavelli,political strategist,llm_expansion_retrieval_llama3.2_3b_full,strategic planning,"[""strategic planning"", ""political theory"", ""strategic interaction theory"", ""Political Groups"", ""tactical voting""]",5,0.7094559669494629,False,False,False,False,0.6666666666666667,0.5518953204154968,0.0
topic-1593,power,authority,llm_expansion_retrieval_llama3.2_3b_full,authority,"[""authority"", ""monetary authority"", ""ecclesiastical authority"", ""governance"", ""administration""]",5,0.559624195098877,True,True,True,True,1.0,0.9999998211860657,1.0
topic-2148,power in organisations,organizational influence,llm_expansion_retrieval_llama3.2_3b_full,organizational influence,"[""organizational influence"", ""authority"", ""institutional theory"", ""corporate management"", ""Institutional framework""]",5,0.6911942958831787,True,True,True,True,1.0,0.9999997615814209,1.0
topic-1595,macroeconomics,national economics,llm_expansion_retrieval_llama3.2_3b_full,global economics,"[""global economics"", ""economic theory"", ""global commerce"", ""government economics"", ""policy analysis""]",5,0.6978821754455566,False,False,False,False,0.7647058823529411,0.7784318923950195,0.0
topic-1596,management,administration,llm_expansion_retrieval_llama3.2_3b_full,governance,"[""governance"", ""administration"", ""governance crisis"", ""business administration"", ""IT administration""]",5,0.5953102111816406,False,True,True,True,1.0,1.0,0.5
topic-1598,management and ethics,ethical management,llm_expansion_retrieval_llama3.2_3b_full,corporate ethics,"[""corporate ethics"", ""ethical management"", ""governance"", ""professional ethics"", ""ethical marketing""]",5,0.6905598640441895,False,True,True,True,1.0,1.0,0.5
topic-2968,management games,business simulations,llm_expansion_retrieval_llama3.2_3b_full,business strategy,"[""business strategy"", ""business simulations"", ""strategic planning"", ""organizational studies"", ""corporate management""]",5,0.7456753253936768,False,True,True,True,1.0,1.0,0.5
topic-3168,small business management,small enterprise management,llm_expansion_retrieval_llama3.2_3b_full,business administration,"[""business administration"", ""corporate management"", ""small businesses"", ""logistics management"", ""small enterprise management""]",5,0.7319831848144531,False,True,False,True,1.0,1.0000001192092896,0.2
topic-1599,marketing,market strategy,llm_expansion_retrieval_llama3.2_3b_full,promotion,"[""promotion"", ""service promotion"", ""advertising psychology"", ""marketing strategy"", ""commercial policy""]",5,0.6218044757843018,False,False,False,False,0.9090909090909091,0.8556030988693237,0.0
topic-2979,marketing management,marketing strategy,llm_expansion_retrieval_llama3.2_3b_full,marketing strategy,"[""marketing strategy"", ""promotion"", ""market strategy"", ""service promotion"", ""business strategy""]",5,0.6401362419128418,True,True,True,True,1.0,1.0,1.0
topic-1602,services marketing,service promotion,llm_expansion_retrieval_llama3.2_3b_full,marketing strategy,"[""marketing strategy"", ""market strategy"", ""service promotion"", ""business strategy"", ""health services management""]",5,0.735816240310669,False,True,True,True,1.0,1.0000001192092896,0.3333333333333333
topic-1603,market research,market analysis,llm_expansion_retrieval_llama3.2_3b_full,market analysis,"[""market analysis"", ""consumer psychology"", ""market strategy"", ""business analytics"", ""investigation""]",5,0.6363582611083984,True,True,True,True,1.0,1.0,1.0
topic-262,Marx,Marxism,llm_expansion_retrieval_llama3.2_3b_full,economic theory,"[""economic theory"", ""economic science"", ""investment theory"", ""economic philosophy"", ""Marxism""]",5,0.6777775287628174,False,True,False,True,1.0,1.0000001192092896,0.2
topic-161,marxism,Marxist theory,llm_expansion_retrieval_llama3.2_3b_full,welfare,"[""welfare"", ""economic theory"", ""welfare system"", ""economic philosophy"", ""economic science""]",5,0.6780157089233398,False,False,False,False,0.6206896551724138,0.598732590675354,0.0
topic-1605,substantive criminal law,criminal code,llm_expansion_retrieval_llama3.2_3b_full,penal law,"[""penal law"", ""criminal procedural law"", ""non-criminal law"", ""criminal code"", ""criminal science""]",5,0.7189948558807373,False,True,False,True,1.0,1.0,0.25
topic-1606,mathematical statistics,statistical mathematics,llm_expansion_retrieval_llama3.2_3b_full,data analysis,"[""data analysis"", ""statistical techniques"", ""statistical mathematics"", ""research methods and statistics"", ""reasoning""]",5,0.6832482814788818,False,True,True,True,1.0,1.0,0.3333333333333333
topic-17064,Matthew-James-Didache,"Matthew, James, and Didache",llm_expansion_retrieval_llama3.2_3b_full,Didache and the Gospel of Matthew,"[""Didache and the Gospel of Matthew"", ""Matthew's Gospel"", ""Matthew, James, and Didache"", ""Christian Scriptures"", ""early Christian texts""]",5,0.7280805110931396,False,True,True,True,1.0,1.0000001192092896,0.3333333333333333
topic-1916,mathew,Matthew's Gospel,llm_expansion_retrieval_llama3.2_3b_full,Matthew's Gospel,"[""Matthew's Gospel"", ""John the Apostle"", ""New Testament studies"", ""Matthew, James, and Didache"", ""St. Augustine""]",5,0.7303669452667236,True,True,True,True,1.0,0.9999999403953552,1.0
topic-8683,competition policy,antitrust policy,llm_expansion_retrieval_llama3.2_3b_full,antitrust law,"[""antitrust law"", ""antitrust policy"", ""global antitrust law"", ""governance"", ""financial regulation""]",5,0.6518664360046387,False,True,True,True,1.0,1.0,0.5
topic-1607,competition law,antitrust law,llm_expansion_retrieval_llama3.2_3b_full,antitrust law,"[""antitrust law"", ""antitrust policy"", ""global antitrust law"", ""regulatory economics"", ""financial regulation""]",5,0.7110440731048584,True,True,True,True,1.0,1.0000001192092896,1.0
topic-13401,codetermination,worker participation,llm_expansion_retrieval_llama3.2_3b_full,worker participation,"[""worker participation"", ""employment participation"", ""union contracts"", ""labor unions"", ""strategic partnerships""]",5,0.6970205307006836,True,True,True,True,1.0,1.0000001192092896,1.0
topic-1286,Media,communication channels,llm_expansion_retrieval_llama3.2_3b_full,communication channels,"[""communication channels"", ""information search"", ""cross-cultural communication"", ""speech"", ""body language""]",5,0.5806865692138672,True,True,True,True,1.0,1.0,1.0
topic-1608,media,communication channels,llm_expansion_retrieval_llama3.2_3b_full,communication channels,"[""communication channels"", ""information search"", ""publishing houses"", ""information and communication technology"", ""information modeling""]",5,0.5769984722137451,True,True,True,True,1.0,1.0,1.0
topic-2085,media ethics,journalistic ethics,llm_expansion_retrieval_llama3.2_3b_full,corporate communication ethics,"[""corporate communication ethics"", ""journalistic ethics"", ""social ethics"", ""professional ethics"", ""information exchange""]",5,0.6820113658905029,False,True,True,True,1.0,1.0,0.5
topic-10841,mediation,dispute resolution,llm_expansion_retrieval_llama3.2_3b_full,dispute resolution,"[""dispute resolution"", ""dispute arbitration"", ""conflict resolution"", ""negotiation"", ""disputes""]",5,0.6936256885528564,True,True,True,True,1.0,1.0000001192092896,1.0
topic-1609,medical ethics,healthcare ethics,llm_expansion_retrieval_llama3.2_3b_full,healthcare ethics,"[""healthcare ethics"", ""professional ethics"", ""medical law"", ""responsibility law"", ""conduct""]",5,0.6607215404510498,True,True,True,True,1.0,1.0000001192092896,1.0
topic-9361,medical psychology,health psychology,llm_expansion_retrieval_llama3.2_3b_full,health psychology,"[""health psychology"", ""psychological care"", ""psychological disorders"", ""physiological psychology"", ""philosophy of psychology""]",5,0.6682238578796387,True,True,True,True,1.0,1.0000001192092896,1.0
topic-2994,multilingualism,polyglotism,llm_expansion_retrieval_llama3.2_3b_full,language skills,"[""language skills"", ""dual language proficiency"", ""multiple language proficiency"", ""cross-cultural communication"", ""intercultural research""]",5,0.6911587715148926,False,False,False,False,0.3076923076923077,0.18694093823432922,0.0
topic-3901,man-machine interaction,human-computer interaction,llm_expansion_retrieval_llama3.2_3b_full,human-computer interaction,"[""human-computer interaction"", ""smart interfaces"", ""collaborative systems"", ""textual interaction"", ""computing systems""]",5,0.6720337867736816,True,True,True,True,1.0,1.0000001192092896,1.0
topic-2002,human evolution,human development,llm_expansion_retrieval_llama3.2_3b_full,ethnographics,"[""ethnographics"", ""human development"", ""natural diversity"", ""cultural communities"", ""linguistic evolution""]",5,0.7249796390533447,False,True,True,True,1.0,1.0,0.5
topic-1610,human rights,Civil Liberties,llm_expansion_retrieval_llama3.2_3b_full,Civil Liberties,"[""Civil Liberties"", ""social ethics"", ""basic rights"", ""equitable justice"", ""social unity""]",5,0.6548252105712891,True,True,True,True,1.0,0.9999998211860657,1.0
topic-2102,mental effort,cognitive effort,llm_expansion_retrieval_llama3.2_3b_full,cognitive effort,"[""cognitive effort"", ""exertion"", ""mental science"", ""mental processes"", ""cognitive psychology""]",5,0.6847701072692871,True,True,True,True,1.0,1.0000001192092896,1.0
topic-3521,metaphors,allegories,llm_expansion_retrieval_llama3.2_3b_full,linguistic behavior,"[""linguistic behavior"", ""linguistic morphology"", ""cognitive psychology"", ""linguistic philosophy"", ""cognitive studies""]",5,0.7309529781341553,False,False,False,False,0.2962962962962963,0.3392251133918762,0.0
topic-1611,metaphysics,ontology,llm_expansion_retrieval_llama3.2_3b_full,ontology,"[""ontology"", ""existential philosopher"", ""mental philosophy"", ""scientific philosophy"", ""religious philosophy""]",5,0.7067797183990479,True,True,True,True,1.0,1.0,1.0
topic-2008,metaphysics of reason and action,philosophy of action,llm_expansion_retrieval_llama3.2_3b_full,moral philosophy,"[""moral philosophy"", ""limited rationality"", ""cognitive psychology theory"", ""social ethics"", ""corporate ethics""]",5,0.7800467014312744,False,False,False,False,0.5555555555555556,0.5457285642623901,0.0
topic-4885,meta models,higher-order models,llm_expansion_retrieval_llama3.2_3b_full,frameworks,"[""frameworks"", ""business frameworks"", ""constructivist mathematics"", ""higher-order models"", ""computational modeling""]",5,0.6765921115875244,False,True,False,True,1.0,1.000000238418579,0.25
topic-1954,cross-cultural research methodology,intercultural research methods,llm_expansion_retrieval_llama3.2_3b_full,ethnographics,"[""ethnographics"", ""intercultural research methods"", ""intercultural research"", ""intercultural psychology"", ""cross-cultural support""]",5,0.756678581237793,False,True,True,True,1.0,1.000000238418579,0.5
topic-1658,methodology and statistics,research methods and statistics,llm_expansion_retrieval_llama3.2_3b_full,statistical techniques,"[""statistical techniques"", ""research methods and statistics"", ""research methods"", ""frameworks"", ""statistical mathematics""]",5,0.72617506980896,False,True,True,True,1.0,1.0000001192092896,0.5
topic-1613,methodology,research methods,llm_expansion_retrieval_llama3.2_3b_full,frameworks,"[""frameworks"", ""business frameworks"", ""IT strategy"", ""business strategy"", ""strategic planning""]",5,0.5592119693756104,False,False,False,False,0.4615384615384615,0.36179035902023315,0.0
topic-101,Methodology of civil law,Civil law methodology,llm_expansion_retrieval_llama3.2_3b_full,civil law,"[""civil law"", ""civil litigation law"", ""Civil law methodology"", ""jurisprudence"", ""legal theory""]",5,0.7830591201782227,False,True,True,True,1.0,1.0,0.3333333333333333
topic-3008,micro-econometrics,individual econometrics,llm_expansion_retrieval_llama3.2_3b_full,practical econometrics,"[""practical econometrics"", ""economic modeling"", ""individual econometrics"", ""quantitative finance"", ""economic science""]",5,0.7317402362823486,False,True,True,True,1.0,1.0000001192092896,0.3333333333333333
topic-1614,microeconomics,individual economics,llm_expansion_retrieval_llama3.2_3b_full,market analysis,"[""market analysis"", ""economic theory"", ""economic science"", ""market strategy"", ""decision process""]",5,0.7252449989318848,False,False,False,False,0.5,0.6665505766868591,0.0
topic-1615,medieval philosophy; history of,medieval thought,llm_expansion_retrieval_llama3.2_3b_full,medieval thought,"[""medieval thought"", ""modern philosophy; historical development"", ""contemporary philosophy history"", ""Middle Ages theology"", ""contemporary philosopher""]",5,0.8261895179748535,True,True,True,True,1.0,1.0,1.0
topic-3601,history of middle ages,medieval history,llm_expansion_retrieval_llama3.2_3b_full,medieval history,"[""medieval history"", ""Middle Ages theology"", ""medieval thought"", ""modern Catholic history"", ""Reformation history""]",5,0.8454146385192871,True,True,True,True,1.0,1.0000001192092896,1.0
topic-13602,medieval theology,Middle Ages theology,llm_expansion_retrieval_llama3.2_3b_full,Middle Ages theology,"[""Middle Ages theology"", ""Patristic studies"", ""theological literature"", ""ecclesiastical history"", ""applied theology""]",5,0.9244623184204102,True,True,True,True,1.0,1.0,1.0
topic-1617,small and medium-sized enterprises,small businesses,llm_expansion_retrieval_llama3.2_3b_full,small businesses,"[""small businesses"", ""businesses"", ""small enterprise management"", ""mixed organization"", ""business creation""]",5,0.7173388004302979,True,True,True,True,1.0,1.0,1.0
topic-1618,migrants,immigrants,llm_expansion_retrieval_llama3.2_3b_full,refugees,"[""refugees"", ""immigrants"", ""asylum seekers"", ""Turkish immigrants"", ""immigration law""]",5,0.6634132862091064,False,True,True,True,1.0,1.0,0.5
topic-15302,Migration Law,immigration law,llm_expansion_retrieval_llama3.2_3b_full,immigration law,"[""immigration law"", ""Asylum law"", ""refugees"", ""asylum seekers"", ""immigrants""]",5,0.755657434463501,True,True,True,True,1.0,1.0,1.0
topic-3013,environmental economics,ecological economics,llm_expansion_retrieval_llama3.2_3b_full,ecological policy,"[""ecological policy"", ""ecological economics"", ""ecological management"", ""financial economics"", ""global economics""]",5,0.6659648418426514,False,True,True,True,1.0,1.0,0.5
topic-1619,environmental policy,ecological policy,llm_expansion_retrieval_llama3.2_3b_full,policy analysis,"[""policy analysis"", ""ecological policy"", ""regulatory law"", ""governance"", ""ecological management""]",5,0.6629219055175781,False,True,True,True,1.0,1.0000001192092896,0.5
topic-1621,environmental impact study,environmental assessment,llm_expansion_retrieval_llama3.2_3b_full,environmental assessment,"[""environmental assessment"", ""ecological management"", ""ecological economics"", ""ecological policy"", ""assessment""]",5,0.7081403732299805,True,True,True,True,1.0,1.0,1.0
topic-1625,environmental management,ecological management,llm_expansion_retrieval_llama3.2_3b_full,ecological policy,"[""ecological policy"", ""regulatory economics"", ""governance"", ""ecological management"", ""ecological economics""]",5,0.7483701705932617,False,True,False,True,1.0,1.0,0.25
topic-1626,environmental law,ecological law,llm_expansion_retrieval_llama3.2_3b_full,ecological policy,"[""ecological policy"", ""EU environmental regulations"", ""environmental protection law"", ""governance"", ""ecological management""]",5,0.7245850563049316,False,False,False,False,0.7741935483870968,0.7161805033683777,0.0
topic-1627,environmental criminal law,ecological criminal law,llm_expansion_retrieval_llama3.2_3b_full,ecological criminal law,"[""ecological criminal law"", ""ecological law"", ""economic law"", ""ecological economics"", ""equitable justice""]",5,0.728245735168457,True,True,True,True,1.0,1.0,1.0
topic-11621,doctrines of war,Military doctrine,llm_expansion_retrieval_llama3.2_3b_full,conflict resolution,"[""conflict resolution"", ""Military doctrine"", ""legal doctrines"", ""doctrine"", ""disputes""]",5,0.6665544509887695,False,True,True,True,1.0,1.0,0.5
topic-1629,minorities,ethnic groups,llm_expansion_retrieval_llama3.2_3b_full,diversity,"[""diversity"", ""diverse society"", ""natural diversity"", ""cultural diversity"", ""marginalization""]",5,0.7410728931427002,False,False,False,False,0.2727272727272727,0.5609437823295593,0.0
topic-5821,modeling,simulation,llm_expansion_retrieval_llama3.2_3b_full,simulation,"[""simulation"", ""interpretation"", ""data analysis"", ""meaning analysis"", ""legal interpretation""]",5,0.5765025615692139,True,True,True,True,1.0,1.0,1.0
topic-6441,models,frameworks,llm_expansion_retrieval_llama3.2_3b_full,frameworks,"[""frameworks"", ""business frameworks"", ""research methods"", ""study methods"", ""guidance""]",5,0.6530249118804932,True,True,True,True,1.0,0.9999999403953552,1.0
topic-1863,modern devotion,contemporary piety,llm_expansion_retrieval_llama3.2_3b_full,contemporary piety,"[""contemporary piety"", ""modern worship"", ""Christian worship"", ""spiritual life"", ""religious tradition""]",5,0.7203671932220459,True,True,True,True,1.0,1.0,1.0
topic-2041,modern philosophy; history of,contemporary philosophy history,llm_expansion_retrieval_llama3.2_3b_full,contemporary philosopher,"[""contemporary philosopher"", ""contemporary philosophy history"", ""modern philosophy; historical development"", ""philosophical texts"", ""medieval thought""]",5,0.8317451477050781,False,True,True,True,1.0,1.000000238418579,0.5
topic-11961,modernisation,modernisation,llm_expansion_retrieval_llama3.2_3b_full,innovation economics,"[""innovation economics"", ""bureaucratic reform"", ""reorganisation"", ""organizational transformation"", ""transformation economics""]",5,0.6375155448913574,False,False,False,False,0.7407407407407408,0.5010381937026978,0.0
topic-1632,mother tongue; education,native language education,llm_expansion_retrieval_llama3.2_3b_full,native language education,"[""native language education"", ""dual language proficiency"", ""language learning"", ""multiple language proficiency"", ""linguistic education""]",5,0.7436861991882324,True,True,True,True,1.0,0.9999999403953552,1.0
topic-3388,monetary policy,financial policy,llm_expansion_retrieval_llama3.2_3b_full,regulatory economics,"[""regulatory economics"", ""fiscal management"", ""financial regulation"", ""budgetary policy"", ""fiscal law""]",5,0.7054121494293213,False,False,False,False,0.6666666666666667,0.7626862525939941,0.0
topic-1633,monetary economics,financial economics,llm_expansion_retrieval_llama3.2_3b_full,financial economics,"[""financial economics"", ""investment theory"", ""financial management"", ""economic theory"", ""financial systems""]",5,0.6611452102661133,True,True,True,True,1.0,0.9999997615814209,1.0
topic-12941,moral responsibility,ethical accountability,llm_expansion_retrieval_llama3.2_3b_full,ethical accountability,"[""ethical accountability"", ""social ethics"", ""professional ethics"", ""corporate ethics"", ""egoism and guilt""]",5,0.6328692436218262,True,True,True,True,1.0,1.0000001192092896,1.0
topic-10441,morphology,linguistic morphology,llm_expansion_retrieval_llama3.2_3b_full,linguistic behavior,"[""linguistic behavior"", ""linguistic morphology"", ""organizational structure"", ""linguistic philosophy"", ""linguistic evolution""]",5,0.6637406349182129,False,True,True,True,1.0,1.0,0.5
topic-7882,muslims - christians dialogue,interfaith dialogue,llm_expansion_retrieval_llama3.2_3b_full,interfaith relations,"[""interfaith relations"", ""faith-based communication"", ""faith marketplace"", ""faith-based groups"", ""interfaith dialogue""]",5,0.9653918743133545,False,True,False,True,1.0,0.9999997615814209,0.2
topic-3794,motivation,drive,llm_expansion_retrieval_llama3.2_3b_full,drive,"[""drive"", ""promotion"", ""service promotion"", ""behavioral economics"", ""work motivation""]",5,0.6234760284423828,True,True,True,True,1.0,1.0,1.0
topic-9201,multi level analysis,hierarchical analysis,llm_expansion_retrieval_llama3.2_3b_full,hierarchical analysis,"[""hierarchical analysis"", ""social hierarchy"", ""data analysis"", ""three-part model"", ""computational modeling""]",5,0.6860616207122803,True,True,True,True,1.0,1.0,1.0
topic-3039,multiculturalism,cultural diversity,llm_expansion_retrieval_llama3.2_3b_full,diversity,"[""diversity"", ""cultural diversity"", ""natural diversity"", ""diverse society"", ""ethnic groups""]",5,0.6775989532470703,False,True,True,True,1.0,1.000000238418579,0.5
topic-1951,multicultural society,diverse society,llm_expansion_retrieval_llama3.2_3b_full,diverse society,"[""diverse society"", ""cultural diversity"", ""diversity"", ""diverse city"", ""minority communities""]",5,0.7370781898498535,True,True,True,True,1.0,1.0,1.0
topic-1956,multicultural city,diverse city,llm_expansion_retrieval_llama3.2_3b_full,diverse city,"[""diverse city"", ""diversity"", ""cultural diversity"", ""natural diversity"", ""diverse society""]",5,0.724949836730957,True,True,True,True,1.0,1.0000001192092896,1.0
topic-1635,multimedia,mixed media,llm_expansion_retrieval_llama3.2_3b_full,mixed media,"[""mixed media"", ""media comparison"", ""interfaith relations"", ""interfaith dialogue"", ""inter-firm relationships""]",5,0.6661067008972168,True,True,True,True,1.0,1.0,1.0
topic-12122,"Nancy, Jean-Luc (1940-)",contemporary philosopher,llm_expansion_retrieval_llama3.2_3b_full,linguistic philosophy,"[""linguistic philosophy"", ""existential philosopher"", ""literary philosopher"", ""language psychology"", ""contemporary philosopher""]",5,0.7490777969360352,False,True,False,True,1.0,1.0000003576278687,0.2
topic-10901,nanotechnology,Nanoengineering,llm_expansion_retrieval_llama3.2_3b_full,Nanoengineering,"[""Nanoengineering"", ""internet technology"", ""information technology"", ""physical science"", ""small businesses""]",5,0.6861581802368164,True,True,True,True,1.0,1.0000001192092896,1.0
topic-1887,narcissism and shame,egoism and guilt,llm_expansion_retrieval_llama3.2_3b_full,egoism and guilt,"[""egoism and guilt"", ""self-concept"", ""self-control"", ""remorse"", ""internal oversight""]",5,0.7090234756469727,True,True,True,True,1.0,1.000000238418579,1.0
topic-2142,natality/birth rate,birth rate,llm_expansion_retrieval_llama3.2_3b_full,birth rate,"[""birth rate"", ""population studies"", ""population aging"", ""local economic growth"", ""organizational growth""]",5,0.7108376026153564,True,True,True,True,1.0,1.0000001192092896,1.0
topic-4167,nationalism,nationalist ideology,llm_expansion_retrieval_llama3.2_3b_full,ethnographics,"[""ethnographics"", ""nationalist ideology"", ""nationhood"", ""civic community"", ""global law""]",5,0.7379114627838135,False,True,True,True,1.0,1.0000001192092896,0.5
topic-421,Nature Protection Law,environmental protection law,llm_expansion_retrieval_llama3.2_3b_full,environmental protection law,"[""environmental protection law"", ""ecological policy"", ""global environmental law"", ""governance"", ""ecological management""]",5,0.7242028713226318,True,True,True,True,1.0,1.000000238418579,1.0
topic-8121,physics,physical science,llm_expansion_retrieval_llama3.2_3b_full,physical science,"[""physical science"", ""scientific philosophy"", ""mathematical sciences"", ""religious philosophy"", ""mental philosophy""]",5,0.6572563648223877,True,True,True,True,1.0,1.0,1.0
topic-1638,dutch,Dutch language,llm_expansion_retrieval_llama3.2_3b_full,Dutch language,"[""Dutch language"", ""Latvian Republic"", ""developing countries"", ""East Europe"", ""eurozone""]",5,0.6553411483764648,True,True,True,True,1.0,1.0,1.0
topic-1639,dutch as a second language,Dutch language acquisition,llm_expansion_retrieval_llama3.2_3b_full,Dutch language acquisition,"[""Dutch language acquisition"", ""Dutch language"", ""language skills"", ""language learning"", ""dual language proficiency""]",5,0.7634091377258301,True,True,True,True,1.0,0.9999999403953552,1.0
topic-5061,privilege against self-incrimination,right to remain silent,llm_expansion_retrieval_llama3.2_3b_full,right to remain silent,"[""right to remain silent"", ""constitutional challenges"", ""basic rights"", ""history of constitutional law"", ""Civil Liberties""]",5,0.8485705852508545,True,True,True,True,1.0,1.0,1.0
topic-1221,Networks,interconnected systems,llm_expansion_retrieval_llama3.2_3b_full,computing systems,"[""computing systems"", ""systems analysis"", ""industrial connections"", ""Systems modeling"", ""knowledge systems""]",5,0.5821523666381836,False,False,False,False,0.6153846153846154,0.5380393266677856,0.0
topic-1641,networks,interconnected systems,llm_expansion_retrieval_llama3.2_3b_full,interconnected systems,"[""interconnected systems"", ""communication channels"", ""industrial connections"", ""interconnected industries"", ""interfaith relations""]",5,0.6014361381530762,True,True,True,True,1.0,1.0000001192092896,1.0
topic-8684,network industries,interconnected industries,llm_expansion_retrieval_llama3.2_3b_full,industrial connections,"[""industrial connections"", ""energy markets"", ""interconnected industries"", ""communication channels"", ""capital markets""]",5,0.6639370918273926,False,True,True,True,1.0,0.9999998211860657,0.3333333333333333
topic-3061,neural networks,artificial neural networks,llm_expansion_retrieval_llama3.2_3b_full,artificial neural networks,"[""artificial neural networks"", ""machine intelligence"", ""autonomous learning"", ""collaborative networks"", ""social networks""]",5,0.7704911231994629,True,True,True,True,1.0,0.9999999403953552,1.0
topic-8943,neurophysiology,neural physiology,llm_expansion_retrieval_llama3.2_3b_full,neural physiology,"[""neural physiology"", ""brain-behavior science"", ""mental science"", ""neurobehavioral science"", ""neurocognitive psychology""]",5,0.7512867450714111,True,True,True,True,1.0,1.0,1.0
topic-1979,neuropsychology,brain-behavior science,llm_expansion_retrieval_llama3.2_3b_full,neurobehavioral science,"[""neurobehavioral science"", ""health psychology"", ""cognitive psychology"", ""brain-behavior science"", ""psychological disorders""]",5,0.7199742794036865,False,True,False,True,1.0,1.000000238418579,0.25
topic-2130,nietzsche,Nietzschean philosophy,llm_expansion_retrieval_llama3.2_3b_full,moral philosophy,"[""moral philosophy"", ""existential philosopher"", ""postmodern theorist"", ""scientific philosophy"", ""religious philosophy""]",5,0.7178435325622559,False,False,False,False,0.6976744186046511,0.5425292253494263,0.0
topic-7401,new testament,Christian Scriptures,llm_expansion_retrieval_llama3.2_3b_full,Christian Scriptures,"[""Christian Scriptures"", ""Hebrew Bible"", ""scripture translations"", ""early Christian texts"", ""ancient Hebrew""]",5,0.7627654075622559,True,True,True,True,1.0,1.0,1.0
topic-7501,nonresponse,no response,llm_expansion_retrieval_llama3.2_3b_full,worker participation,"[""worker participation"", ""employment participation"", ""Participatory governance"", ""joblessness"", ""public involvement""]",5,0.6874735355377197,False,False,False,False,0.4545454545454546,0.1940917819738388,0.0
topic-2680,non profit sector,charitable sector,llm_expansion_retrieval_llama3.2_3b_full,charitable organizations,"[""charitable organizations"", ""charitable sector"", ""government sector"", ""service sector"", ""humanitarian aid""]",5,0.7147707939147949,False,True,True,True,1.0,1.0,0.5
topic-16682,Nonverbal communication,body language,llm_expansion_retrieval_llama3.2_3b_full,body language,"[""body language"", ""facial cues"", ""psycholinguistics"", ""linguistic behavior"", ""language psychology""]",5,0.7473320960998535,True,True,True,True,1.0,1.0,1.0
topic-3065,nonprofit organisations,charitable organizations,llm_expansion_retrieval_llama3.2_3b_full,charitable organizations,"[""charitable organizations"", ""charitable sector"", ""institutions"", ""non-profit management"", ""humanitarian aid""]",5,0.708418607711792,True,True,True,True,1.0,1.0000001192092896,1.0
topic-5766,numerical analysis,computational mathematics,llm_expansion_retrieval_llama3.2_3b_full,computational mathematics,"[""computational mathematics"", ""simulation"", ""computational modeling"", ""computational models"", ""computing systems""]",5,0.713261604309082,True,True,True,True,1.0,1.0000001192092896,1.0
topic-1923,"ecumenism, ecumenical theology",Christian unity,llm_expansion_retrieval_llama3.2_3b_full,interfaith dialogue,"[""interfaith dialogue"", ""Christian unity"", ""church-state interaction"", ""theological representations"", ""interfaith relations""]",5,0.7296960353851318,False,True,True,True,1.0,1.0,0.5
topic-1645,moot court,mock trial,llm_expansion_retrieval_llama3.2_3b_full,mock trial,"[""mock trial"", ""school law"", ""judiciary"", ""judicial performance"", ""jurisprudence""]",5,0.6732754707336426,True,True,True,True,1.0,1.0,1.0
topic-1647,sales tax,value-added tax,llm_expansion_retrieval_llama3.2_3b_full,value-added tax,"[""value-added tax"", ""income tax"", ""company tax"", ""exertion"", ""asset tax""]",5,0.7090294361114502,True,True,True,True,1.0,1.0,1.0
topic-11343,negotiating,negotiation,llm_expansion_retrieval_llama3.2_3b_full,negotiation,"[""negotiation"", ""union contracts"", ""disputes"", ""automated parsing"", ""social contract""]",5,0.6699836254119873,True,True,True,True,1.0,1.0,1.0
topic-5421,entrepreneurship,business creation,llm_expansion_retrieval_llama3.2_3b_full,small enterprise management,"[""small enterprise management"", ""small businesses"", ""ownership rights"", ""businesses"", ""business creation""]",5,0.662003755569458,False,True,False,True,1.0,1.0000001192092896,0.2
topic-1651,enterprises,businesses,llm_expansion_retrieval_llama3.2_3b_full,businesses,"[""businesses"", ""small businesses"", ""sociology of organizations"", ""organizational structure"", ""organizational studies""]",5,0.611440896987915,True,True,True,True,1.0,0.9999998807907104,1.0
topic-1652,corporate finance,business finance,llm_expansion_retrieval_llama3.2_3b_full,financial management,"[""financial management"", ""business finance"", ""business finance; global finance"", ""financial accounting"", ""investing""]",5,0.628366231918335,False,True,True,True,1.0,1.0,0.5
topic-5550,corporate models,business frameworks,llm_expansion_retrieval_llama3.2_3b_full,organizational structure,"[""organizational structure"", ""business frameworks"", ""business strategy"", ""frameworks"", ""marketing strategy""]",5,0.6777389049530029,False,True,True,True,1.0,1.0000001192092896,0.5
topic-13402,works council,employee council,llm_expansion_retrieval_llama3.2_3b_full,employee council,"[""employee council"", ""labor unions"", ""union contracts"", ""corporate management"", ""worker participation""]",5,0.6800224781036377,True,True,True,True,1.0,0.9999999403953552,1.0
topic-1653,company law,corporate law,llm_expansion_retrieval_llama3.2_3b_full,organizational structure,"[""organizational structure"", ""business law"", ""governance"", ""commercial policy"", ""regulatory law""]",5,0.6764130592346191,False,False,False,False,0.5185185185185186,0.8244169354438782,0.0
topic-1654,company strategy,business strategy,llm_expansion_retrieval_llama3.2_3b_full,organizational theory,"[""organizational theory"", ""organizational structure"", ""business strategy"", ""policy analysis"", ""business creation""]",5,0.6492071151733398,False,True,True,True,1.0,1.000000238418579,0.3333333333333333
topic-1655,company assessment (*),business valuation,llm_expansion_retrieval_llama3.2_3b_full,financial auditing,"[""financial auditing"", ""business valuation"", ""financial evaluation"", ""corporate management"", ""organizational studies""]",5,0.64481520652771,False,True,True,True,1.0,1.0,0.5
topic-7561,education,schooling,llm_expansion_retrieval_llama3.2_3b_full,development,"[""development"", ""skills training"", ""learning techniques"", ""language learning"", ""automated learning""]",5,0.5799198150634766,False,False,False,False,0.41666666666666663,0.5159502029418945,0.0
topic-1656,educational and training psychology,instructional psychology,llm_expansion_retrieval_llama3.2_3b_full,instructional psychology,"[""instructional psychology"", ""basics of psychology"", ""human development"", ""instructional materials"", ""philosophy of psychology""]",5,0.7101726531982422,True,True,True,True,1.0,1.0000001192092896,1.0
topic-1657,educational law,school law,llm_expansion_retrieval_llama3.2_3b_full,school law,"[""school law"", ""institutional theory"", ""Institutional framework"", ""financial regulation"", ""regulatory law""]",5,0.6981298923492432,True,True,True,True,1.0,1.0,1.0
topic-13281,sociology of education,educational sociology,llm_expansion_retrieval_llama3.2_3b_full,educational sociology,"[""educational sociology"", ""schooling"", ""elementary education"", ""family sociology"", ""Social understanding""]",5,0.7359786033630371,True,True,True,True,1.0,1.0000001192092896,1.0
topic-7562,research,investigation,llm_expansion_retrieval_llama3.2_3b_full,investigation,"[""investigation"", ""data analysis"", ""study plan"", ""study methods"", ""meaning analysis""]",5,0.6271834373474121,True,True,True,True,1.0,1.000000238418579,1.0
topic-9202,research design,study plan,llm_expansion_retrieval_llama3.2_3b_full,study plan,"[""study plan"", ""investigation"", ""study methods"", ""research methods"", ""business frameworks""]",5,0.6697063446044922,True,True,True,True,1.0,1.0,1.0
topic-9421,online dispute resolution,e-mediation,llm_expansion_retrieval_llama3.2_3b_full,dispute resolution,"[""dispute resolution"", ""negotiation"", ""e-mediation"", ""conflict resolution"", ""dispute arbitration""]",5,0.700812816619873,False,True,True,True,1.0,0.9999999403953552,0.3333333333333333
topic-2285,online shopping,internet shopping,llm_expansion_retrieval_llama3.2_3b_full,e-commerce,"[""e-commerce"", ""online retail"", ""internet shopping"", ""online business"", ""global commerce""]",5,0.6358137130737305,False,True,True,True,1.0,1.000000238418579,0.3333333333333333
topic-6281,ontology,metaphysical study,llm_expansion_retrieval_llama3.2_3b_full,frameworks,"[""frameworks"", ""scientific philosophy"", ""business frameworks"", ""religious philosophy"", ""mental philosophy""]",5,0.6044590473175049,False,False,False,False,0.5714285714285714,0.5119161605834961,0.0
topic-2616,cooperative information system development,Collaborative Information Systems Development,llm_expansion_retrieval_llama3.2_3b_full,IT management,"[""IT management"", ""collaborative systems"", ""Collaborative Information Systems Development"", ""collaborative work"", ""collaborative information systems""]",5,0.7818405628204346,False,True,True,True,1.0,1.0000001192092896,0.3333333333333333
topic-3088,development economics,economic development,llm_expansion_retrieval_llama3.2_3b_full,economic development,"[""economic development"", ""local economic growth"", ""developing countries"", ""organizational growth"", ""economic history""]",5,0.6730008125305176,True,True,True,True,1.0,1.0,1.0
topic-1659,developing countries,emerging economies,llm_expansion_retrieval_llama3.2_3b_full,emerging economies,"[""emerging economies"", ""economic development"", ""local economic growth"", ""global economics"", ""Sub-Saharan region""]",5,0.758836030960083,True,True,True,True,1.0,1.000000238418579,1.0
topic-1660,developing countries; economy,emerging economies,llm_expansion_retrieval_llama3.2_3b_full,emerging economies,"[""emerging economies"", ""transformation economics"", ""economic development"", ""developing countries"", ""economic history""]",5,0.7535569667816162,True,True,True,True,1.0,1.000000238418579,1.0
topic-13241,eye tracking,gaze tracking,llm_expansion_retrieval_llama3.2_3b_full,gaze tracking,"[""gaze tracking"", ""attention deficit disorder"", ""sight perception"", ""facial cues"", ""cognitive studies""]",5,0.742347240447998,True,True,True,True,1.0,1.0,1.0
topic-3385,Eastern Europe,East Europe,llm_expansion_retrieval_llama3.2_3b_full,East Europe,"[""East Europe"", ""Anatolian"", ""Latvian Republic"", ""Brabant region"", ""eurozone""]",5,0.7149622440338135,True,True,True,True,1.0,1.000000238418579,1.0
topic-1665,public administration,public management,llm_expansion_retrieval_llama3.2_3b_full,governance,"[""governance"", ""public management"", ""administrative organisation"", ""administration"", ""regional administration""]",5,0.6627364158630371,False,True,True,True,1.0,1.0000001192092896,0.5
topic-1666,public finance,government finance,llm_expansion_retrieval_llama3.2_3b_full,government economics,"[""government economics"", ""national economics"", ""government finance"", ""budgetary policy"", ""managerial economics""]",5,0.6437399387359619,False,True,True,True,1.0,0.9999998807907104,0.3333333333333333
topic-1667,public finance of local authorities,municipal finance,llm_expansion_retrieval_llama3.2_3b_full,municipal finance,"[""municipal finance"", ""government finance"", ""financial management"", ""public finance"", ""Municipal governance""]",5,0.8034360408782959,True,True,True,True,1.0,1.0000001192092896,1.0
topic-2236,revelation,divine disclosure,llm_expansion_retrieval_llama3.2_3b_full,external disclosure,"[""external disclosure"", ""sight perception"", ""hearing perception"", ""confidentiality"", ""divine disclosure""]",5,0.6338143348693848,False,True,False,True,1.0,1.0,0.2
topic-3095,operations research,operational analysis,llm_expansion_retrieval_llama3.2_3b_full,decision analysis,"[""decision analysis"", ""computational modeling"", ""computational models"", ""decision process"", ""mathematical sciences""]",5,0.6782944202423096,False,False,False,False,0.7027027027027026,0.543224573135376,0.0
topic-5941,options,financial derivatives,llm_expansion_retrieval_llama3.2_3b_full,diversity,"[""diversity"", ""decision process"", ""facilities"", ""improvement"", ""customization""]",5,0.6032183170318604,False,False,False,False,0.6451612903225806,0.1646033525466919,0.0
topic-1669,option pricing,option valuation,llm_expansion_retrieval_llama3.2_3b_full,option valuation,"[""option valuation"", ""risk assessment models"", ""risk management"", ""financial derivatives"", ""business valuation""]",5,0.668628454208374,True,True,True,True,1.0,1.0000001192092896,1.0
topic-3099,optimisation,improvement,llm_expansion_retrieval_llama3.2_3b_full,improvement,"[""improvement"", ""self-improvement"", ""advancement"", ""efficiency"", ""consolidations""]",5,0.6661486625671387,True,True,True,True,1.0,1.0,1.0
topic-12402,parenting,child rearing,llm_expansion_retrieval_llama3.2_3b_full,family economics,"[""family economics"", ""family sociology"", ""family law"", ""households"", ""obligation of care""]",5,0.6758873462677002,False,False,False,False,0.34782608695652173,0.31756389141082764,0.0
topic-1670,organisation,institution,llm_expansion_retrieval_llama3.2_3b_full,institution,"[""institution"", ""institutions"", ""corporate management"", ""businesses"", ""Institutional framework""]",5,0.5576565265655518,True,True,True,True,1.0,1.0000001192092896,1.0
topic-1671,organisation and management,business administration,llm_expansion_retrieval_llama3.2_3b_full,business administration,"[""business administration"", ""administrative organisation"", ""administration"", ""organizational structure"", ""governance""]",5,0.679732084274292,True,True,True,True,1.0,0.9999999403953552,1.0
topic-16564,organizational commitment,workplace loyalty,llm_expansion_retrieval_llama3.2_3b_full,workplace loyalty,"[""workplace loyalty"", ""institutional theory"", ""Institutional framework"", ""institutions"", ""institution""]",5,0.7043659687042236,True,True,True,True,1.0,1.0000001192092896,1.0
topic-1960,organisational culture,corporate culture,llm_expansion_retrieval_llama3.2_3b_full,institutional theory,"[""institutional theory"", ""Institutional framework"", ""institutions"", ""institution"", ""work psychology""]",5,0.6598365306854248,False,False,False,False,0.3125,0.4093400239944458,0.0
topic-3105,organizational design,organizational structure,llm_expansion_retrieval_llama3.2_3b_full,organizational structure,"[""organizational structure"", ""institutional theory"", ""Institutional framework"", ""institutions"", ""business frameworks""]",5,0.6820516586303711,True,True,True,True,1.0,1.0,1.0
topic-1672,organisational development,organizational growth,llm_expansion_retrieval_llama3.2_3b_full,organizational transformation,"[""organizational transformation"", ""institutional theory"", ""development"", ""transformation economics"", ""Institutional framework""]",5,0.6844732761383057,False,False,False,False,0.72,0.6288154125213623,0.0
topic-1673,organisational psychology,industrial psychology,llm_expansion_retrieval_llama3.2_3b_full,occupational psychology,"[""occupational psychology"", ""work psychology"", ""industrial psychology"", ""global HR management"", ""organizational structure""]",5,0.7096140384674072,False,True,True,True,1.0,1.0000001192092896,0.3333333333333333
topic-7581,organisations,institutions,llm_expansion_retrieval_llama3.2_3b_full,institutions,"[""institutions"", ""institution"", ""businesses"", ""Institutional framework"", ""institutional theory""]",5,0.5885813236236572,True,True,True,True,1.0,1.0000001192092896,1.0
topic-1674,organisational sociology,sociology of organizations,llm_expansion_retrieval_llama3.2_3b_full,organizational studies,"[""organizational studies"", ""institutional theory"", ""organizational theory"", ""Institutional framework"", ""social theories""]",5,0.7264325618743896,False,False,False,False,0.5416666666666667,0.6450490355491638,0.0
topic-3104,organisation theory,organizational theory,llm_expansion_retrieval_llama3.2_3b_full,organizational studies,"[""organizational studies"", ""institutional theory"", ""organizational theory"", ""Institutional framework"", ""administrative organisation""]",5,0.7290728092193604,False,True,True,True,1.0,1.0,0.3333333333333333
topic-2266,organisational change,organizational transformation,llm_expansion_retrieval_llama3.2_3b_full,organizational transformation,"[""organizational transformation"", ""reorganisation"", ""transformation economics"", ""bureaucratic reform"", ""corporate consolidation""]",5,0.6538302898406982,True,True,True,True,1.0,1.0000001192092896,1.0
topic-6762,organisation studies,organizational studies,llm_expansion_retrieval_llama3.2_3b_full,organizational studies,"[""organizational studies"", ""institutional theory"", ""social theories"", ""Institutional framework"", ""administrative organisation""]",5,0.7010107040405273,True,True,True,True,1.0,1.000000238418579,1.0
topic-1676,old testament,Hebrew Bible,llm_expansion_retrieval_llama3.2_3b_full,Hebrew Bible,"[""Hebrew Bible"", ""ancient Hebrew"", ""Christian Scriptures"", ""scripture translations"", ""ancient Jewish religion""]",5,0.7432029247283936,True,True,True,True,1.0,1.0,1.0
topic-2275,aging,growing old,llm_expansion_retrieval_llama3.2_3b_full,growing old,"[""growing old"", ""population aging"", ""senior citizens"", ""cognitive decline"", ""senior employees""]",5,0.6376237869262695,True,True,True,True,1.0,1.0000001192092896,1.0
topic-9341,older workers,senior employees,llm_expansion_retrieval_llama3.2_3b_full,senior employees,"[""senior employees"", ""senior citizens"", ""population aging"", ""employee development"", ""worker participation""]",5,0.7044460773468018,True,True,True,True,1.0,1.0,1.0
topic-7061,elderly people,senior citizens,llm_expansion_retrieval_llama3.2_3b_full,senior citizens,"[""senior citizens"", ""population aging"", ""senior employees"", ""end-of-life care"", ""care models""]",5,0.6413161754608154,True,True,True,True,1.0,1.000000238418579,1.0
topic-1678,government policy,public policy,llm_expansion_retrieval_llama3.2_3b_full,public management,"[""public management"", ""administration"", ""policy analysis"", ""regulatory law"", ""public policy""]",5,0.6966526508331299,False,True,False,True,1.0,1.000000238418579,0.2
topic-6261,public economics,government economics,llm_expansion_retrieval_llama3.2_3b_full,government finance,"[""government finance"", ""government economics"", ""national economics"", ""public finance"", ""individual economics""]",5,0.6798717975616455,False,True,True,True,1.0,1.0000001192092896,0.5
topic-1679,government finance,public finance,llm_expansion_retrieval_llama3.2_3b_full,fiscal management,"[""fiscal management"", ""governance"", ""budgetary policy"", ""fiscal law"", ""government economics""]",5,0.6787347793579102,False,False,False,False,0.41666666666666663,0.6148636341094971,0.0
topic-1681,mergers,consolidations,llm_expansion_retrieval_llama3.2_3b_full,consolidations,"[""consolidations"", ""corporate consolidation"", ""asset valuation"", ""combinatorial mathematics"", ""organizational knowledge acquisition""]",5,0.633434534072876,True,True,True,True,1.0,0.9999998807907104,1.0
topic-12321,minor mental disorders,emotional exhaustion,llm_expansion_retrieval_llama3.2_3b_full,psychological disorders,"[""psychological disorders"", ""baby mental health"", ""psychological care"", ""psychological measurement"", ""theoretical psychology""]",5,0.7874503135681152,False,False,False,False,0.4285714285714286,0.4453619122505188,0.0
topic-1682,paneldata and latent variables,longitudinal data and hidden variables,llm_expansion_retrieval_llama3.2_3b_full,longitudinal data and hidden variables,"[""longitudinal data and hidden variables"", ""organizational structure"", ""hierarchical analysis"", ""data analysis"", ""economic modeling""]",5,0.7251129150390625,True,True,True,True,1.0,1.000000238418579,1.0
topic-1683,pastoral psychology,Pastoral Counseling Psychology,llm_expansion_retrieval_llama3.2_3b_full,farming,"[""farming"", ""intercultural psychology"", ""cross-cultural psychology"", ""basics of psychology"", ""agricultural economics""]",5,0.7237634658813477,False,False,False,False,0.6,0.367047518491745,0.0
topic-1684,pastoral sociology,sociology of pastoral care,llm_expansion_retrieval_llama3.2_3b_full,agricultural economics,"[""agricultural economics"", ""family sociology"", ""social science"", ""farming"", ""educational sociology""]",5,0.7135589122772217,False,False,False,False,0.44999999999999996,0.5387385487556458,0.0
topic-1685,pastoral theology,spiritual care theology,llm_expansion_retrieval_llama3.2_3b_full,agricultural economics,"[""agricultural economics"", ""applied theology"", ""theological literature"", ""cross-cultural theology"", ""church-state interaction""]",5,0.7072045803070068,False,False,False,False,0.6153846153846154,0.6035441756248474,0.0
topic-1891,priesthood/pastoral care,clerical ministry,llm_expansion_retrieval_llama3.2_3b_full,Ecclesiastical leadership,"[""Ecclesiastical leadership"", ""spiritual guidance"", ""ecclesiastical authority"", ""clerical ministry"", ""youth ministry""]",5,0.7088894844055176,False,True,False,True,1.0,0.9999998211860657,0.25
topic-363,pastoral counseling,spiritual counseling,llm_expansion_retrieval_llama3.2_3b_full,agricultural economics,"[""agricultural economics"", ""farming"", ""guidance"", ""Pastoral Counseling Psychology"", ""baby mental health""]",5,0.711949348449707,False,False,False,False,0.6,0.7563016414642334,0.0
topic-2180,pastoral assistance,spiritual support,llm_expansion_retrieval_llama3.2_3b_full,farming,"[""farming"", ""agricultural economics"", ""humanitarian aid"", ""support services"", ""assistance""]",5,0.7029373645782471,False,False,False,False,0.4242424242424242,0.518246591091156,0.0
topic-16922,Ecclesiastical Latin New Testament Greek,Patristic studies,llm_expansion_retrieval_llama3.2_3b_full,scripture translations,"[""scripture translations"", ""ecclesiastical Latin"", ""New Testament studies"", ""early Christian texts"", ""Hebrew Bible""]",5,1.0600721836090088,False,False,False,False,0.5789473684210527,0.44061559438705444,0.0
topic-15702,pensions,retirement benefits,llm_expansion_retrieval_llama3.2_3b_full,retirement benefits,"[""retirement benefits"", ""retirement economics"", ""global social security law"", ""employment policy"", ""employee development""]",5,0.6861045360565186,True,True,True,True,1.0,0.9999999403953552,1.0
topic-15442,"pensions, pension deal, pensioenfondsen",retirement benefits,llm_expansion_retrieval_llama3.2_3b_full,retirement benefits,"[""retirement benefits"", ""retirement economics"", ""investment funds"", ""investment fund"", ""social contract""]",5,0.7088501453399658,True,True,True,True,1.0,1.0000001192092896,1.0
topic-6061,perception,awareness,llm_expansion_retrieval_llama3.2_3b_full,interpretation,"[""interpretation"", ""awareness"", ""self-awareness"", ""legal interpretation"", ""Bible interpretation""]",5,0.6506161689758301,False,True,True,True,1.0,1.0,0.5
topic-41,Personalization,customization,llm_expansion_retrieval_llama3.2_3b_full,customization,"[""customization"", ""cultural adaptation"", ""service-based computing"", ""group interactions"", ""service promotion""]",5,0.6841068267822266,True,True,True,True,1.0,1.0000001192092896,1.0
topic-1690,psychology of human resources,occupational psychology,llm_expansion_retrieval_llama3.2_3b_full,work motivation,"[""work motivation"", ""employee development"", ""organizational theory"", ""occupational psychology"", ""organizational studies""]",5,0.7337930202484131,False,True,False,True,1.0,1.0,0.25
topic-8701,human resource development,employee development,llm_expansion_retrieval_llama3.2_3b_full,personnel management,"[""personnel management"", ""employee development"", ""talent development"", ""personnel sciences"", ""organizational growth""]",5,0.7159008979797363,False,True,True,True,1.0,1.0000001192092896,0.5
topic-1691,human resources sciences,personnel sciences,llm_expansion_retrieval_llama3.2_3b_full,personnel management,"[""personnel management"", ""administration"", ""administrative organisation"", ""organizational studies"", ""social science""]",5,0.7362856864929199,False,False,False,False,0.6875,0.7697662115097046,0.0
topic-1692,persons and family law,family law,llm_expansion_retrieval_llama3.2_3b_full,domestic relations law,"[""domestic relations law"", ""family law"", ""global public law"", ""marital property law"", ""EU private law""]",5,0.7139101028442383,False,True,True,True,1.0,1.0000001192092896,0.5
topic-364,personal growth,self-improvement,llm_expansion_retrieval_llama3.2_3b_full,self-improvement,"[""self-improvement"", ""self-awareness"", ""advancement"", ""awareness"", ""human development""]",5,0.678682804107666,True,True,True,True,1.0,1.0000001192092896,1.0
topic-2226,personality,character,llm_expansion_retrieval_llama3.2_3b_full,disposition,"[""disposition"", ""behavior modification"", ""buying behavior"", ""aggression"", ""brain-behavior science""]",5,0.609687089920044,False,False,False,False,0.33333333333333337,0.3919264078140259,0.0
topic-2124,personality and health,health psychology,llm_expansion_retrieval_llama3.2_3b_full,psychological well-being,"[""psychological well-being"", ""health psychology"", ""emotional well-being"", ""well-being"", ""psychological care""]",5,0.746046781539917,False,True,True,True,1.0,1.0,0.5
topic-10922,persuasive communication,persuasion,llm_expansion_retrieval_llama3.2_3b_full,persuasive speech,"[""persuasive speech"", ""logical argumentation"", ""speech"", ""communication channels"", ""persuasion""]",5,0.7233974933624268,False,True,False,True,1.0,1.0000001192092896,0.2
topic-5601,philosophy of mind,mental philosophy,llm_expansion_retrieval_llama3.2_3b_full,mental philosophy,"[""mental philosophy"", ""cognitive psychology"", ""mental science"", ""cognitive studies"", ""cognitive psychology theory""]",5,0.721649169921875,True,True,True,True,1.0,1.0,1.0
topic-1908,pluralism,diversity,llm_expansion_retrieval_llama3.2_3b_full,diversity,"[""diversity"", ""cultural diversity"", ""natural diversity"", ""diverse society"", ""minority cultures""]",5,0.6971807479858398,True,True,True,True,1.0,0.9999998211860657,1.0
topic-4234,pastoral care,spiritual care,llm_expansion_retrieval_llama3.2_3b_full,spiritual support,"[""spiritual support"", ""Pastoral Counseling Psychology"", ""spiritual care"", ""Catholic pastoral care"", ""spiritual guidance""]",5,0.7303504943847656,False,True,True,True,1.0,1.0,0.3333333333333333
topic-10961,consensus democracy,Consensus-based democracy,llm_expansion_retrieval_llama3.2_3b_full,governance,"[""governance"", ""Participatory governance"", ""community governance"", ""civic community"", ""collective action problem""]",5,0.7128932476043701,False,False,False,False,0.3555555555555555,0.48308658599853516,0.0
topic-1694,political science,government studies,llm_expansion_retrieval_llama3.2_3b_full,government studies,"[""government studies"", ""public policy"", ""policy analysis"", ""governance"", ""public management""]",5,0.6501662731170654,True,True,True,True,1.0,1.000000238418579,1.0
topic-1695,politics,governance,llm_expansion_retrieval_llama3.2_3b_full,governance,"[""governance"", ""administration"", ""governance crisis"", ""business administration"", ""IT administration""]",5,0.5944054126739502,True,True,True,True,1.0,1.0,1.0
topic-1696,political and administrative crisis,governance crisis,llm_expansion_retrieval_llama3.2_3b_full,governance crisis,"[""governance crisis"", ""governance"", ""risk management"", ""administration"", ""administrative litigation""]",5,0.7128872871398926,True,True,True,True,1.0,1.0,1.0
topic-1697,political philosophy / political ethics,political theory,llm_expansion_retrieval_llama3.2_3b_full,political theory,"[""political theory"", ""public policy"", ""liberal political theory"", ""governance"", ""policy analysis""]",5,0.7121615409851074,True,True,True,True,1.0,1.0,1.0
topic-1698,political parties,Political Groups,llm_expansion_retrieval_llama3.2_3b_full,Political Groups,"[""Political Groups"", ""sociology of organizations"", ""political theory"", ""political strategist"", ""charitable organizations""]",5,0.6557061672210693,True,True,True,True,1.0,1.0,1.0
topic-3370,portfolio theory,investment theory,llm_expansion_retrieval_llama3.2_3b_full,investing,"[""investing"", ""investment theory"", ""market strategy"", ""investment evaluation"", ""income allocation""]",5,0.6731085777282715,False,True,True,True,1.0,1.0000001192092896,0.5
topic-2168,postmodernism,post-structuralism,llm_expansion_retrieval_llama3.2_3b_full,post-structuralism,"[""post-structuralism"", ""critical analysis"", ""critical theorist"", ""postmodern theorist"", ""modernisation""]",5,0.7259230613708496,True,True,True,True,1.0,1.0000001192092896,1.0
topic-1701,practical theology,applied theology,llm_expansion_retrieval_llama3.2_3b_full,applied theology,"[""applied theology"", ""modern theological themes"", ""theological literature"", ""theological representations"", ""doctrinal theology""]",5,0.7243657112121582,True,True,True,True,1.0,1.0,1.0
topic-15522,performance indicators,performance metrics,llm_expansion_retrieval_llama3.2_3b_full,performance metrics,"[""performance metrics"", ""psychological measurement"", ""efficiency"", ""Standardization"", ""research methods and statistics""]",5,0.6811203956604004,True,True,True,True,1.0,1.0,1.0
topic-1702,private law,civil law,llm_expansion_retrieval_llama3.2_3b_full,civil law,"[""civil law"", ""civil litigation law"", ""governance"", ""jurisprudence"", ""regulatory law""]",5,0.6851906776428223,True,True,True,True,1.0,1.000000238418579,1.0
topic-1704,privacy,confidentiality,llm_expansion_retrieval_llama3.2_3b_full,confidentiality,"[""confidentiality"", ""flexible security"", ""external disclosure"", ""self-governance"", ""self-control""]",5,0.6445763111114502,True,True,True,True,1.0,1.0,1.0
topic-3126,privatization,deregulation,llm_expansion_retrieval_llama3.2_3b_full,deregulation,"[""deregulation"", ""strategic partnerships"", ""corporate consolidation"", ""financial partnerships"", ""public-private divide""]",5,0.7039844989776611,True,True,True,True,1.0,1.0,1.0
topic-1705,procedural law,legal procedure,llm_expansion_retrieval_llama3.2_3b_full,regulatory law,"[""regulatory law"", ""regulatory economics"", ""administrative litigation"", ""EU administrative law"", ""administrative organisation""]",5,0.6880488395690918,False,False,False,False,0.3448275862068966,0.45165640115737915,0.0
topic-1707,production management,manufacturing process management,llm_expansion_retrieval_llama3.2_3b_full,manufacturing process management,"[""manufacturing process management"", ""supply chain management"", ""industrial economics"", ""strategic planning"", ""operational analysis""]",5,0.6704754829406738,True,True,True,True,1.0,1.0,1.0
topic-3127,productivity,efficiency,llm_expansion_retrieval_llama3.2_3b_full,efficiency,"[""efficiency"", ""performance metrics"", ""improvement"", ""judicial performance"", ""advancement""]",5,0.6025745868682861,True,True,True,True,1.0,1.0000001192092896,1.0
topic-7062,professionalisation,skill development,llm_expansion_retrieval_llama3.2_3b_full,advancement,"[""advancement"", ""skill development"", ""improvement"", ""growing old"", ""development""]",5,0.677269697189331,False,True,True,True,1.0,1.0,0.5
topic-3130,programming,coding,llm_expansion_retrieval_llama3.2_3b_full,coding,"[""coding"", ""data analysis"", ""development"", ""statistical techniques"", ""software applications""]",5,0.6237583160400391,True,True,True,True,1.0,1.0,1.0
topic-11671,psychiatry and religion,mental health and spirituality,llm_expansion_retrieval_llama3.2_3b_full,mental health and spirituality,"[""mental health and spirituality"", ""religious psychology"", ""spiritual counseling"", ""spiritual life"", ""faith""]",5,0.8104856014251709,True,True,True,True,1.0,1.000000238418579,1.0
topic-6721,mental disorders,psychological disorders,llm_expansion_retrieval_llama3.2_3b_full,psychological disorders,"[""psychological disorders"", ""emotional exhaustion"", ""baby mental health"", ""psychological care"", ""neuropsychological therapy""]",5,0.785919189453125,True,True,True,True,1.0,1.0,1.0
topic-9961,psycho-oncology,cancer psychology,llm_expansion_retrieval_llama3.2_3b_full,mind-body medicine,"[""mind-body medicine"", ""cancer psychology"", ""health psychology"", ""psychological care"", ""mental health and spirituality""]",5,0.7665202617645264,False,True,True,True,1.0,1.0,0.5
topic-2097,psychopharmacology,neuropharmacology,llm_expansion_retrieval_llama3.2_3b_full,neuropharmacology,"[""neuropharmacology"", ""neuropsychological therapy"", ""brain-behavior science"", ""criminal psychology"", ""baby mental health""]",5,0.7607834339141846,True,True,True,True,1.0,0.9999998807907104,1.0
topic-2101,psychophysiology,physiological psychology,llm_expansion_retrieval_llama3.2_3b_full,cognitive psychology,"[""cognitive psychology"", ""physiological psychology"", ""cognitive psychology theory"", ""cognitive studies"", ""brain-behavior science""]",5,0.7411305904388428,False,True,True,True,1.0,1.0000001192092896,0.5
topic-1711,psycholinguistics,language psychology,llm_expansion_retrieval_llama3.2_3b_full,language psychology,"[""language psychology"", ""language processing systems"", ""linguistic behavior"", ""cognitive psychology"", ""mental science""]",5,0.6999638080596924,True,True,True,True,1.0,1.000000238418579,1.0
topic-1712,psychology,mental science,llm_expansion_retrieval_llama3.2_3b_full,mental science,"[""mental science"", ""cognitive studies"", ""cognitive psychology"", ""baby mental health"", ""cognitive psychology theory""]",5,0.6461029052734375,True,True,True,True,1.0,0.9999998807907104,1.0
topic-16563,psychological contract,implicit agreement,llm_expansion_retrieval_llama3.2_3b_full,Social understanding,"[""Social understanding"", ""bonding"", ""implicit agreement"", ""obligation of care"", ""emotional well-being""]",5,0.6859092712402344,False,True,True,True,1.0,1.0,0.3333333333333333
topic-2214,psychological marketing,consumer psychology,llm_expansion_retrieval_llama3.2_3b_full,advertising psychology,"[""advertising psychology"", ""persuasion"", ""behavioral economics"", ""consumer psychology"", ""marketing strategy""]",5,0.6955204010009766,False,True,False,True,1.0,1.0,0.25
topic-15742,psychometrics,psychological measurement,llm_expansion_retrieval_llama3.2_3b_full,psychological measurement,"[""psychological measurement"", ""statistical techniques"", ""data analysis"", ""statistical mathematics"", ""research methods and statistics""]",5,0.6795036792755127,True,True,True,True,1.0,1.000000238418579,1.0
topic-1714,psychonomics,cognitive psychology,llm_expansion_retrieval_llama3.2_3b_full,behavioral economics,"[""behavioral economics"", ""cognitive psychology"", ""cognitive psychology theory"", ""Behavioral finance"", ""cognitive studies""]",5,0.6856546401977539,False,True,True,True,1.0,1.0000001192092896,0.5
topic-1715,psychosomatics,mind-body medicine,llm_expansion_retrieval_llama3.2_3b_full,mind-body medicine,"[""mind-body medicine"", ""baby mental health"", ""health psychology"", ""psychological care"", ""psychological disorders""]",5,0.7636411190032959,True,True,True,True,1.0,1.0000001192092896,1.0
topic-1716,psychotherapy,talk therapy,llm_expansion_retrieval_llama3.2_3b_full,talk therapy,"[""talk therapy"", ""behavior modification"", ""psychological care"", ""psychological disorders"", ""spiritual counseling""]",5,0.6969058513641357,True,True,True,True,1.0,1.0,1.0
topic-17222,public/private distinction,public-private divide,llm_expansion_retrieval_llama3.2_3b_full,public-private divide,"[""public-private divide"", ""public management"", ""public finance"", ""public involvement"", ""ownership rights""]",5,0.8167438507080078,True,True,True,True,1.0,1.000000238418579,1.0
topic-1717,public sector,government sector,llm_expansion_retrieval_llama3.2_3b_full,institutions,"[""institutions"", ""public management"", ""government sector"", ""administration"", ""popular government""]",5,0.6190903186798096,False,True,True,True,1.0,1.000000238418579,0.3333333333333333
topic-11241,disasters,Catastrophes,llm_expansion_retrieval_llama3.2_3b_full,Catastrophes,"[""Catastrophes"", ""economic meltdown"", ""grieving"", ""governance crisis"", ""survivors""]",5,0.693291187286377,True,True,True,True,1.0,1.000000238418579,1.0
topic-5635,rawls,John Rawls' theories,llm_expansion_retrieval_llama3.2_3b_full,John Rawls' theories,"[""John Rawls' theories"", ""equitable justice"", ""legal theory"", ""liberal political theory"", ""political theory""]",5,0.7286736965179443,True,True,True,True,1.0,0.9999999403953552,1.0
topic-12042,law and economics,economic law,llm_expansion_retrieval_llama3.2_3b_full,jurisprudence,"[""jurisprudence"", ""economic law"", ""government economics"", ""public policy"", ""governance""]",5,0.6901717185974121,False,True,True,True,1.0,1.0,0.5
topic-1719,law and informatization/computerization,legal informatics,llm_expansion_retrieval_llama3.2_3b_full,legal informatics,"[""legal informatics"", ""IT law"", ""jurisprudence"", ""governance"", ""information technology""]",5,0.7163503170013428,True,True,True,True,1.0,1.0000001192092896,1.0
topic-9463,judiciary system,judiciary,llm_expansion_retrieval_llama3.2_3b_full,judiciary,"[""judiciary"", ""administrative litigation"", ""legal philosophy"", ""legal governance"", ""jurisprudence""]",5,0.7164256572723389,True,True,True,True,1.0,1.0,1.0
topic-2248,legal principles,legal doctrines,llm_expansion_retrieval_llama3.2_3b_full,jurisprudence,"[""jurisprudence"", ""Empirical jurisprudence"", ""regulatory law"", ""judiciary"", ""civil law""]",5,0.6768391132354736,False,False,False,False,0.42105263157894735,0.5899581909179688,0.0
topic-1721,philosophy of law,legal philosophy,llm_expansion_retrieval_llama3.2_3b_full,jurisprudence,"[""jurisprudence"", ""legal philosophy"", ""legal theory"", ""Empirical jurisprudence"", ""judiciary""]",5,0.7305634021759033,False,True,True,True,1.0,0.9999998807907104,0.5
topic-1722,history of law,legal history,llm_expansion_retrieval_llama3.2_3b_full,jurisprudence,"[""jurisprudence"", ""legal history"", ""Empirical jurisprudence"", ""international legal history"", ""judiciary""]",5,0.6967763900756836,False,True,True,True,1.0,1.0,0.5
topic-1723,computer science law,IT law,llm_expansion_retrieval_llama3.2_3b_full,IT law,"[""IT law"", ""tech ethics"", ""legal informatics"", ""information technology"", ""data law""]",5,0.6413736343383789,True,True,True,True,1.0,1.0000001192092896,1.0
topic-1724,legal persons law,corporate law,llm_expansion_retrieval_llama3.2_3b_full,corporate law,"[""corporate law"", ""business law"", ""business administration"", ""businesses"", ""organizational structure""]",5,0.6737003326416016,True,True,True,True,1.0,1.0,1.0
topic-1725,sociology of law,legal sociology,llm_expansion_retrieval_llama3.2_3b_full,jurisprudence,"[""jurisprudence"", ""legal sociology"", ""Empirical jurisprudence"", ""judiciary"", ""legal philosophy""]",5,0.7182857990264893,False,True,True,True,1.0,1.0,0.5
topic-2186,rule of law,legal governance,llm_expansion_retrieval_llama3.2_3b_full,legal governance,"[""legal governance"", ""governance"", ""regulatory law"", ""legal philosophy"", ""regulatory economics""]",5,0.6699163913726807,True,True,True,True,1.0,1.0,1.0
topic-1726,legal theory,jurisprudence,llm_expansion_retrieval_llama3.2_3b_full,jurisprudence,"[""jurisprudence"", ""legal philosophy"", ""Empirical jurisprudence"", ""judiciary"", ""legal doctrines""]",5,0.7069244384765625,True,True,True,True,1.0,1.0000001192092896,1.0
topic-1727,comparative law,legal comparison,llm_expansion_retrieval_llama3.2_3b_full,legal comparison,"[""legal comparison"", ""transnational criminal law"", ""international legal history"", ""jurisprudence"", ""global public law""]",5,0.7180602550506592,True,True,True,True,1.0,1.0,1.0
topic-1728,judicial construction,legal interpretation,llm_expansion_retrieval_llama3.2_3b_full,legal interpretation,"[""legal interpretation"", ""interpretation"", ""interpretive theory"", ""judiciary"", ""judicial performance""]",5,0.7022478580474854,True,True,True,True,1.0,1.0000001192092896,1.0
topic-2058,advertising,promotion,llm_expansion_retrieval_llama3.2_3b_full,promotion,"[""promotion"", ""service promotion"", ""marketing strategy"", ""commercial policy"", ""commercial dealings""]",5,0.6224043369293213,True,True,True,True,1.0,1.0,1.0
topic-1996,advertising and ethics,ethical marketing,llm_expansion_retrieval_llama3.2_3b_full,ethical marketing,"[""ethical marketing"", ""advertising psychology"", ""corporate ethics"", ""promotion"", ""corporate conscience""]",5,0.6522290706634521,True,True,True,True,1.0,0.9999999403953552,1.0
topic-2209,psychology of advertising,advertising psychology,llm_expansion_retrieval_llama3.2_3b_full,advertising psychology,"[""advertising psychology"", ""persuasion"", ""consumer psychology"", ""marketing strategy"", ""behavioral economics""]",5,0.6667225360870361,True,True,True,True,1.0,1.0,1.0
topic-4641,recreation,leisure activities,llm_expansion_retrieval_llama3.2_3b_full,leisure activities,"[""leisure activities"", ""recreation studies"", ""sex"", ""eco-tourism"", ""free time""]",5,0.6230363845825195,True,True,True,True,1.0,1.0,1.0
topic-5626,reductionism,simplification,llm_expansion_retrieval_llama3.2_3b_full,simplification,"[""simplification"", ""data analysis"", ""guidance"", ""decision analysis"", ""sight perception""]",5,0.6923902034759521,True,True,True,True,1.0,1.0,1.0
topic-10481,reflection,contemplation,llm_expansion_retrieval_llama3.2_3b_full,contemplation,"[""contemplation"", ""financial evaluation"", ""assessment"", ""investment evaluation"", ""self-awareness""]",5,0.6286160945892334,True,True,True,True,1.0,1.0,1.0
topic-5640,regional governance,regional administration,llm_expansion_retrieval_llama3.2_3b_full,regional administration,"[""regional administration"", ""governance"", ""Cooperation"", ""administration"", ""local government law""]",5,0.7351381778717041,True,True,True,True,1.0,1.0,1.0
topic-1729,regional economics,local economics,llm_expansion_retrieval_llama3.2_3b_full,spatial economics,"[""spatial economics"", ""local economics"", ""local economic growth"", ""global economics"", ""ecological economics""]",5,0.6515727043151855,False,True,True,True,1.0,1.0000001192092896,0.5
topic-2150,regional economic development,local economic growth,llm_expansion_retrieval_llama3.2_3b_full,local economic growth,"[""local economic growth"", ""local economics"", ""economic development"", ""developing countries"", ""spatial economics""]",5,0.8047778606414795,True,True,True,True,1.0,1.0,1.0
topic-3602,regional history,local history,llm_expansion_retrieval_llama3.2_3b_full,local history,"[""local history"", ""city history"", ""regional administration"", ""historical study"", ""Regional language and society""]",5,0.6552565097808838,True,True,True,True,1.0,1.0,1.0
topic-12205,regulation of new technologies,technology oversight,llm_expansion_retrieval_llama3.2_3b_full,technology oversight,"[""technology oversight"", ""innovation economics"", ""oversight"", ""governance"", ""internal oversight""]",5,0.7856442928314209,True,True,True,True,1.0,1.0,1.0
topic-7341,relationship between judaism and christianity,Judeo-Christian relations,llm_expansion_retrieval_llama3.2_3b_full,modern Jewish history,"[""modern Jewish history"", ""Christian history"", ""early Christian teachings and Judaism"", ""ancient Jewish religion"", ""contemporary Judaism""]",5,0.8142642974853516,False,False,False,False,0.5714285714285714,0.5698516964912415,0.0
topic-1730,relations law (*),family law,llm_expansion_retrieval_llama3.2_3b_full,domestic relations law,"[""domestic relations law"", ""interpersonal psychology"", ""legal sociology"", ""interpersonal process"", ""social ethics""]",5,0.65728759765625,False,False,False,False,0.4375,0.640043318271637,0.0
topic-881,religion,religious tradition,llm_expansion_retrieval_llama3.2_3b_full,faith,"[""faith"", ""cultural practices"", ""spiritual life"", ""mental health and spirituality"", ""Christian worldview""]",5,0.6724021434783936,False,False,False,False,0.3783783783783784,0.6278034448623657,0.0
topic-4664,religious fundamentalism,religious extremism,llm_expansion_retrieval_llama3.2_3b_full,extremism,"[""extremism"", ""religious extremism"", ""religious psychology"", ""religious sociology"", ""alternative religious groups""]",5,0.705345869064331,False,True,True,True,1.0,1.0,0.5
topic-2291,religious leadership,spiritual leadership,llm_expansion_retrieval_llama3.2_3b_full,ecclesiastical authority,"[""ecclesiastical authority"", ""spiritual guidance"", ""Ecclesiastical leadership"", ""spiritual counseling"", ""ecclesiastical history""]",5,0.7120544910430908,False,False,False,False,0.7111111111111111,0.6936262845993042,0.0
topic-1889,religious communication,faith-based communication,llm_expansion_retrieval_llama3.2_3b_full,persuasion,"[""persuasion"", ""faith-based communication"", ""divine disclosure"", ""theological literature"", ""spiritual life""]",5,0.7050158977508545,False,True,True,True,1.0,1.000000238418579,0.5
topic-2088,religious market,faith marketplace,llm_expansion_retrieval_llama3.2_3b_full,faith marketplace,"[""faith marketplace"", ""faith-based communication"", ""religious sociology"", ""faith-based groups"", ""spiritual life""]",5,0.7133581638336182,True,True,True,True,1.0,1.0000001192092896,1.0
topic-7684,religious associations,faith-based groups,llm_expansion_retrieval_llama3.2_3b_full,faith-based groups,"[""faith-based groups"", ""Christian worship"", ""alternative religious groups"", ""religious sociology"", ""faith marketplace""]",5,0.7380177974700928,True,True,True,True,1.0,0.9999998807907104,1.0
topic-8822,catholic care and its tradition,Catholic pastoral care,llm_expansion_retrieval_llama3.2_3b_full,faith-based communication,"[""faith-based communication"", ""faith marketplace"", ""moral philosophy"", ""faith-based groups"", ""charitable organizations""]",5,0.724541425704956,False,False,False,False,0.4615384615384615,0.37574395537376404,0.0
topic-11601,reorganizations,reorganisation,llm_expansion_retrieval_llama3.2_3b_full,reorganisation,"[""reorganisation"", ""corporate consolidation"", ""organizational transformation"", ""transformation economics"", ""consolidations""]",5,0.6891002655029297,True,True,True,True,1.0,0.9999998211860657,1.0
topic-12601,representation,advocacy,llm_expansion_retrieval_llama3.2_3b_full,financial accounting,"[""financial accounting"", ""financial management"", ""simplification"", ""financial auditing"", ""financial instruments""]",5,0.5879809856414795,False,False,False,False,0.2857142857142857,0.2161353975534439,0.0
topic-1732,rethorics,persuasive speech,llm_expansion_retrieval_llama3.2_3b_full,persuasion,"[""persuasion"", ""logical argumentation"", ""speech"", ""communication channels"", ""text analysis""]",5,0.6536884307861328,False,False,False,False,0.5925925925925926,0.6034578084945679,0.0
topic-2161,convalescence,recovery,llm_expansion_retrieval_llama3.2_3b_full,rehabilitation,"[""rehabilitation"", ""recovery"", ""long-term illnesses"", ""reorganisation"", ""work-related illnesses""]",5,0.6844818592071533,False,True,True,True,1.0,1.0000001192092896,0.5
topic-10903,rfid,radio-frequency identification,llm_expansion_retrieval_llama3.2_3b_full,radio-frequency identification,"[""radio-frequency identification"", ""internet technology"", ""information and communication technology"", ""information technology"", ""educational technology""]",5,0.699472188949585,True,True,True,True,1.0,1.0,1.0
topic-3151,risk models,risk assessment models,llm_expansion_retrieval_llama3.2_3b_full,risk assessment models,"[""risk assessment models"", ""risk management"", ""prediction"", ""stress control"", ""stress management""]",5,0.7570312023162842,True,True,True,True,1.0,1.0,1.0
topic-12203,risk regulation,risk management,llm_expansion_retrieval_llama3.2_3b_full,risk management,"[""risk management"", ""risk assessment models"", ""oversight"", ""regulatory law"", ""internal oversight""]",5,0.6810591220855713,True,True,True,True,1.0,1.000000238418579,1.0
topic-4701,ritual studies,ritual analysis,llm_expansion_retrieval_llama3.2_3b_full,cultural practices,"[""cultural practices"", ""ritual analysis"", ""religious ceremonies"", ""ethnographics"", ""religious studies""]",5,0.7910919189453125,False,True,True,True,1.0,1.000000238418579,0.5
topic-2190,rituals,ceremonies,llm_expansion_retrieval_llama3.2_3b_full,ceremonies,"[""ceremonies"", ""religious ceremonies"", ""religious tradition"", ""cultural practices"", ""obligation of care""]",5,0.6387264728546143,True,True,True,True,1.0,1.0,1.0
topic-2178,mourning,grieving,llm_expansion_retrieval_llama3.2_3b_full,remembrance,"[""remembrance"", ""grieving"", ""melancholy"", ""remorse"", ""cultural legacy""]",5,0.6450493335723877,False,True,True,True,1.0,1.0000001192092896,0.5
topic-621,spatial information / geographical information,location data,llm_expansion_retrieval_llama3.2_3b_full,location data,"[""location data"", ""spatial economics"", ""information search"", ""theory of knowledge"", ""orthography""]",5,0.6814553737640381,True,True,True,True,1.0,1.0,1.0
topic-1736,sacramental theology,sacramentology,llm_expansion_retrieval_llama3.2_3b_full,liturgical theology,"[""liturgical theology"", ""sacramentology"", ""current liturgical practice"", ""religious ceremonies"", ""ritual analysis""]",5,0.8123307228088379,False,True,True,True,1.0,1.0000001192092896,0.5
topic-12301,collaborative learning,cooperative learning,llm_expansion_retrieval_llama3.2_3b_full,cooperative learning,"[""cooperative learning"", ""collaborative work"", ""autonomous learning"", ""Cooperation"", ""automated learning""]",5,0.6905131340026855,True,True,True,True,1.0,0.9999999403953552,1.0
topic-17102,Collaboration,Cooperation,llm_expansion_retrieval_llama3.2_3b_full,Cooperation,"[""Cooperation"", ""strategic partnerships"", ""financial partnerships"", ""team dynamics"", ""collaborative work""]",5,0.6389429569244385,True,True,True,True,1.0,1.0000001192092896,1.0
topic-2293,shame,embarrassment,llm_expansion_retrieval_llama3.2_3b_full,embarrassment,"[""embarrassment"", ""egoism and guilt"", ""remorse"", ""self-control"", ""corporate conscience""]",5,0.6678617000579834,True,True,True,True,1.0,1.0,1.0
topic-3156,estimation theory,parameter estimation,llm_expansion_retrieval_llama3.2_3b_full,data analysis,"[""data analysis"", ""prediction"", ""Bayesian inference"", ""statistical techniques"", ""research methods""]",5,0.6900746822357178,False,False,False,False,0.5333333333333333,0.48324820399284363,0.0
topic-4255,creation (stories of the),origin myths,llm_expansion_retrieval_llama3.2_3b_full,origin myths,"[""origin myths"", ""divinity studies"", ""scriptural literature"", ""textual history"", ""modern worship""]",5,0.675616979598999,True,True,True,True,1.0,1.000000238418579,1.0
topic-1739,writing methods/processes/techniques,writing strategies,llm_expansion_retrieval_llama3.2_3b_full,writing strategies,"[""writing strategies"", ""literary philosopher"", ""linguistic behavior"", ""literary analysis"", ""interpersonal process""]",5,0.6755690574645996,True,True,True,True,1.0,1.0,1.0
topic-4721,guilt,remorse,llm_expansion_retrieval_llama3.2_3b_full,remorse,"[""remorse"", ""ethical accountability"", ""responsibility law"", ""corporate conscience"", ""authority""]",5,0.6284379959106445,True,True,True,True,1.0,1.0000001192092896,1.0
topic-1888,guilt and sin,moral culpability,llm_expansion_retrieval_llama3.2_3b_full,remorse,"[""remorse"", ""egoism and guilt"", ""grieving"", ""destitution"", ""Catastrophes""]",5,0.6307182312011719,False,False,False,False,0.4242424242424242,0.44081664085388184,0.0
topic-6921,gender,sex,llm_expansion_retrieval_llama3.2_3b_full,sex,"[""sex"", ""gender disparities"", ""gender theology"", ""women's liberation"", ""biological functions""]",5,0.642066478729248,True,True,True,True,1.0,1.000000238418579,1.0
topic-2205,gender differences,gender disparities,llm_expansion_retrieval_llama3.2_3b_full,gender disparities,"[""gender disparities"", ""social disparity"", ""gender theology"", ""income disparity"", ""sex""]",5,0.6954128742218018,True,True,True,True,1.0,1.0,1.0
topic-2087,sects and new religious movements,alternative religious groups,llm_expansion_retrieval_llama3.2_3b_full,alternative religious groups,"[""alternative religious groups"", ""faith"", ""spiritual life"", ""faith marketplace"", ""faith-based groups""]",5,0.7380218505859375,True,True,True,True,1.0,1.0,1.0
topic-1743,semantics,meaning analysis,llm_expansion_retrieval_llama3.2_3b_full,interpretation,"[""interpretation"", ""social linguistics"", ""practical linguistics"", ""computational linguistics"", ""language science""]",5,0.6265170574188232,False,False,False,False,0.4390243902439024,0.5663789510726929,0.0
topic-1744,semiotics,sign theory,llm_expansion_retrieval_llama3.2_3b_full,language science,"[""language science"", ""meaning-making"", ""linguistic philosophy"", ""linguistic behavior"", ""linguistic evolution""]",5,0.6640887260437012,False,False,False,False,0.4,0.1425255984067917,0.0
topic-15462,Service-Oriented Computing,service-based computing,llm_expansion_retrieval_llama3.2_3b_full,service-based computing,"[""service-based computing"", ""manufacturing process management"", ""software applications"", ""international integration"", ""small enterprise management""]",5,0.6764140129089355,True,True,True,True,1.0,1.0000001192092896,1.0
topic-1745,simulation,imitative representation,llm_expansion_retrieval_llama3.2_3b_full,computational modeling,"[""computational modeling"", ""Systems modeling"", ""computational models"", ""three-part model"", ""exertion""]",5,0.6173501014709473,False,False,False,False,0.4375,0.24629926681518555,0.0
topic-13621,victims,survivors,llm_expansion_retrieval_llama3.2_3b_full,survivors,"[""survivors"", ""brain injury"", ""Catastrophes"", ""recovery"", ""refugees""]",5,0.6768152713775635,True,True,True,True,1.0,1.0000001192092896,1.0
topic-4233,social capital,social networks,llm_expansion_retrieval_llama3.2_3b_full,interpersonal psychology,"[""interpersonal psychology"", ""interpersonal process"", ""interpersonal skills"", ""social networks"", ""civic community""]",5,0.6659181118011475,False,True,False,True,1.0,1.0,0.25
topic-12482,social network analysis,network analysis,llm_expansion_retrieval_llama3.2_3b_full,interpersonal psychology,"[""interpersonal psychology"", ""interpersonal process"", ""sociology of organizations"", ""family sociology"", ""Social understanding""]",5,0.6848697662353516,False,False,False,False,0.4324324324324324,0.2848125100135803,0.0
topic-321,social law,welfare law,llm_expansion_retrieval_llama3.2_3b_full,public policy,"[""public policy"", ""regulatory law"", ""financial regulation"", ""policy analysis"", ""regulatory economics""]",5,0.6541433334350586,False,False,False,False,0.64,0.43137550354003906,0.0
topic-1746,social law,welfare law,llm_expansion_retrieval_llama3.2_3b_full,public policy,"[""public policy"", ""regulatory law"", ""financial regulation"", ""policy analysis"", ""regulatory economics""]",5,0.6400673389434814,False,False,False,False,0.64,0.43137550354003906,0.0
topic-12861,social classification,social categorization,llm_expansion_retrieval_llama3.2_3b_full,social hierarchy,"[""social hierarchy"", ""social categorization"", ""social theories"", ""social unity"", ""hierarchical analysis""]",5,0.7833719253540039,False,True,True,True,1.0,1.000000238418579,0.5
topic-11841,social cognition,Social understanding,llm_expansion_retrieval_llama3.2_3b_full,group dynamics,"[""group dynamics"", ""human-computer interaction"", ""interpersonal psychology"", ""Social understanding"", ""interpersonal process""]",5,0.6555020809173584,False,True,False,True,1.0,1.0,0.25
topic-5301,social cohesion,social unity,llm_expansion_retrieval_llama3.2_3b_full,social unity,"[""social unity"", ""interpersonal psychology"", ""interpersonal process"", ""interpersonal skills"", ""bonding""]",5,0.6843912601470947,True,True,True,True,1.0,0.9999998807907104,1.0
topic-11642,social dilemmas,collective action problem,llm_expansion_retrieval_llama3.2_3b_full,interpersonal psychology,"[""interpersonal psychology"", ""interpersonal skills"", ""conflict resolution"", ""interpersonal process"", ""social exclusion""]",5,0.7213144302368164,False,False,False,False,0.4545454545454546,0.47076892852783203,0.0
topic-1754,social philosophy / social ethics,social ethics,llm_expansion_retrieval_llama3.2_3b_full,moral philosophy,"[""moral philosophy"", ""social theories"", ""social ethics"", ""political theory"", ""religious philosophy""]",5,0.7518625259399414,False,True,True,True,1.0,1.0,0.3333333333333333
topic-7461,social inequality,social disparity,llm_expansion_retrieval_llama3.2_3b_full,income disparity,"[""income disparity"", ""social disparity"", ""social unity"", ""economic condition"", ""social exclusion""]",5,0.7274365425109863,False,True,True,True,1.0,0.9999998211860657,0.5
topic-1758,social politics,welfare politics,llm_expansion_retrieval_llama3.2_3b_full,group dynamics,"[""group dynamics"", ""public policy"", ""governance"", ""collective action problem"", ""community governance""]",5,0.6606831550598145,False,False,False,False,0.48275862068965514,0.4821074903011322,0.0
topic-13541,social processes,interpersonal process,llm_expansion_retrieval_llama3.2_3b_full,cultural practices,"[""cultural practices"", ""social unity"", ""social disparity"", ""global culture"", ""cultural philosophy""]",5,0.6903133392333984,False,False,False,False,0.5128205128205128,0.45911675691604614,0.0
topic-1759,social psychology,interpersonal psychology,llm_expansion_retrieval_llama3.2_3b_full,group dynamics,"[""group dynamics"", ""interpersonal psychology"", ""interpersonal process"", ""interpersonal skills"", ""organizational influence""]",5,0.6994566917419434,False,True,True,True,1.0,0.9999999403953552,0.5
topic-2018,social justice,equitable justice,llm_expansion_retrieval_llama3.2_3b_full,Civil Liberties,"[""Civil Liberties"", ""basic rights"", ""European Human Rights Charter"", ""equitable justice"", ""civil law""]",5,0.6161932945251465,False,True,False,True,1.0,1.0,0.25
topic-9281,social exclusion,marginalization,llm_expansion_retrieval_llama3.2_3b_full,marginalization,"[""marginalization"", ""social unity"", ""social disparity"", ""economic condition"", ""social hierarchy""]",5,0.7614319324493408,True,True,True,True,1.0,1.0,1.0
topic-1760,social security,welfare system,llm_expansion_retrieval_llama3.2_3b_full,retirement benefits,"[""retirement benefits"", ""welfare"", ""welfare system"", ""welfare payments"", ""retirement economics""]",5,0.6864588260650635,False,True,True,True,1.0,1.0,0.3333333333333333
topic-5403,social security principles,welfare principles,llm_expansion_retrieval_llama3.2_3b_full,welfare,"[""welfare"", ""welfare payments"", ""welfare principles"", ""welfare system"", ""retirement benefits""]",5,0.7791318893432617,False,True,True,True,1.0,1.0,0.3333333333333333
topic-1762,social security law,welfare law,llm_expansion_retrieval_llama3.2_3b_full,retirement benefits,"[""retirement benefits"", ""retirement economics"", ""global social security law"", ""welfare law"", ""welfare payments""]",5,0.7507622241973877,False,True,False,True,1.0,1.000000238418579,0.25
topic-3970,"social security law, international",global social security law,llm_expansion_retrieval_llama3.2_3b_full,global social security law,"[""global social security law"", ""welfare"", ""welfare system"", ""welfare payments"", ""welfare politics""]",5,0.7432594299316406,True,True,True,True,1.0,0.9999999403953552,1.0
topic-1765,sociolinguistics,social linguistics,llm_expansion_retrieval_llama3.2_3b_full,social linguistics,"[""social linguistics"", ""language science"", ""computational linguistics"", ""practical linguistics"", ""language psychology""]",5,0.6826267242431641,True,True,True,True,1.0,0.9999999403953552,1.0
topic-1766,sociology,social science,llm_expansion_retrieval_llama3.2_3b_full,social science,"[""social science"", ""social hierarchy"", ""ethnographics"", ""organizational structure"", ""mental science""]",5,0.6935417652130127,True,True,True,True,1.0,0.9999998807907104,1.0
topic-842,Sociology,social science,llm_expansion_retrieval_llama3.2_3b_full,social science,"[""social science"", ""social hierarchy"", ""ethnographics"", ""organizational structure"", ""mental science""]",5,0.6901950836181641,True,True,True,True,1.0,0.9999998807907104,1.0
topic-1768,sociological theories,social theories,llm_expansion_retrieval_llama3.2_3b_full,social theories,"[""social theories"", ""social science"", ""political theory"", ""organizational theory"", ""family sociology""]",5,0.7913246154785156,True,True,True,True,1.0,1.0,1.0
topic-8622,soft law,non-binding guidelines,llm_expansion_retrieval_llama3.2_3b_full,governance,"[""governance"", ""governance crisis"", ""non-binding guidelines"", ""community governance"", ""legal governance""]",5,0.7157077789306641,False,True,True,True,1.0,1.0000001192092896,0.3333333333333333
topic-9441,solidarity,unity,llm_expansion_retrieval_llama3.2_3b_full,Cooperation,"[""Cooperation"", ""unity"", ""Christian unity"", ""Consensus-based democracy"", ""collaborative work""]",5,0.6556236743927002,False,True,True,True,1.0,1.000000238418579,0.5
topic-1769,spanish,Castilian,llm_expansion_retrieval_llama3.2_3b_full,Castilian,"[""Castilian"", ""East Europe"", ""nationality"", ""Anatolian"", ""immigrants""]",5,0.6816542148590088,True,True,True,True,1.0,1.0,1.0
topic-1770,spelling,orthography,llm_expansion_retrieval_llama3.2_3b_full,orthography,"[""orthography"", ""linguistic behavior"", ""language psychology"", ""linguistic morphology"", ""language science""]",5,0.6754822731018066,True,True,True,True,1.0,0.9999998807907104,1.0
topic-1771,game theory,strategic interaction theory,llm_expansion_retrieval_llama3.2_3b_full,economic modeling,"[""economic modeling"", ""strategic planning"", ""brain-behavior science"", ""financial modeling"", ""decision process""]",5,0.7444121837615967,False,False,False,False,0.5652173913043479,0.6292475461959839,0.0
topic-7262,spirituality,spiritual life,llm_expansion_retrieval_llama3.2_3b_full,religious philosophy,"[""religious philosophy"", ""guidance"", ""religious psychology"", ""Christian statement of belief"", ""religious education theory""]",5,0.7321376800537109,False,False,False,False,0.37209302325581395,0.5561104416847229,0.0
topic-3185,speech technology,voice technology,llm_expansion_retrieval_llama3.2_3b_full,language processing systems,"[""language processing systems"", ""voice technology"", ""communication channels"", ""information processing"", ""language learning""]",5,0.642143964767456,False,True,True,True,1.0,0.9999999403953552,0.5
topic-3188,talking computer,speech-enabled computer,llm_expansion_retrieval_llama3.2_3b_full,human-computer interaction,"[""human-computer interaction"", ""smart interfaces"", ""computing systems"", ""textual interaction"", ""information technology""]",5,0.7017533779144287,False,False,False,False,0.40816326530612246,0.42530280351638794,0.0
topic-1773,municipal law,local government law,llm_expansion_retrieval_llama3.2_3b_full,governance,"[""governance"", ""public policy"", ""Municipal governance"", ""local government law"", ""policy analysis""]",5,0.6324429512023926,False,True,False,True,1.0,1.0000001192092896,0.25
topic-10941,urban governance,Municipal governance,llm_expansion_retrieval_llama3.2_3b_full,Municipal governance,"[""Municipal governance"", ""community governance"", ""governance"", ""public policy"", ""municipal finance""]",5,0.6847617626190186,True,True,True,True,1.0,1.0,1.0
topic-12761,urban history,city history,llm_expansion_retrieval_llama3.2_3b_full,city history,"[""city history"", ""city planning"", ""heritage and progress"", ""development"", ""economic development""]",5,0.6815774440765381,True,True,True,True,1.0,1.0,1.0
topic-11342,standardisation,Standardization,llm_expansion_retrieval_llama3.2_3b_full,regulatory law,"[""regulatory law"", ""financial regulation"", ""regulatory economics"", ""Standardization"", ""commercial policy""]",5,0.626213788986206,False,True,False,True,1.0,0.9999998807907104,0.25
topic-1774,statistics,data analysis,llm_expansion_retrieval_llama3.2_3b_full,data analysis,"[""data analysis"", ""computational modeling"", ""computational models"", ""decision analysis"", ""data management""]",5,0.6656560897827148,True,True,True,True,1.0,0.9999999403953552,1.0
topic-1775,statistical methods,statistical techniques,llm_expansion_retrieval_llama3.2_3b_full,statistical mathematics,"[""statistical mathematics"", ""data analysis"", ""statistical techniques"", ""research methods and statistics"", ""research methods""]",5,0.6758303642272949,False,True,True,True,1.0,1.0000001192092896,0.3333333333333333
topic-4666,urban development,city planning,llm_expansion_retrieval_llama3.2_3b_full,city planning,"[""city planning"", ""city planning regulations"", ""civic community"", ""local economic growth"", ""city history""]",5,0.6480522155761719,True,True,True,True,1.0,1.000000238418579,1.0
topic-2182,terminal care,end-of-life care,llm_expansion_retrieval_llama3.2_3b_full,end-of-life care,"[""end-of-life care"", ""care models"", ""spiritual care"", ""obligation of care"", ""mercy killing""]",5,0.7724287509918213,True,True,True,True,1.0,0.9999999403953552,1.0
topic-7281,disorders,conditions,llm_expansion_retrieval_llama3.2_3b_full,conditions,"[""conditions"", ""disease study"", ""employment conditions"", ""learning disabilities"", ""economic condition""]",5,0.626755952835083,True,True,True,True,1.0,1.0000001192092896,1.0
topic-1778,law of criminal procedure/criminal adjective law,criminal procedural law,llm_expansion_retrieval_llama3.2_3b_full,penal law,"[""penal law"", ""criminal procedural law"", ""criminal science"", ""non-criminal law"", ""criminal code""]",5,0.631103515625,False,True,True,True,1.0,1.0000001192092896,0.5
topic-1780,criminal law,penal law,llm_expansion_retrieval_llama3.2_3b_full,penal law,"[""penal law"", ""regulatory law"", ""criminal code"", ""regulatory economics"", ""financial regulation""]",5,0.6887564659118652,True,True,True,True,1.0,1.0000001192092896,1.0
topic-1992,strategic voting behaviour/patterns,tactical voting,llm_expansion_retrieval_llama3.2_3b_full,electoral methods,"[""electoral methods"", ""tactical voting"", ""voting system"", ""decision process"", ""decision analysis""]",5,0.6988883018493652,False,True,True,True,1.0,1.0,0.5
topic-3204,strategic management,strategic planning,llm_expansion_retrieval_llama3.2_3b_full,strategic planning,"[""strategic planning"", ""business strategy"", ""governance"", ""decision process"", ""corporate management""]",5,0.6585500240325928,True,True,True,True,1.0,0.9999998807907104,1.0
topic-1783,strategic decision-making,strategic planning,llm_expansion_retrieval_llama3.2_3b_full,strategic planning,"[""strategic planning"", ""business strategy"", ""decision process"", ""strategic partnerships"", ""decision analysis""]",5,0.7007606029510498,True,True,True,True,1.0,0.9999998807907104,1.0
topic-1757,stratification,social hierarchy,llm_expansion_retrieval_llama3.2_3b_full,hierarchical analysis,"[""hierarchical analysis"", ""organizational structure"", ""social hierarchy"", ""mixed organization"", ""sociology of organizations""]",5,0.6608762741088867,False,True,True,True,1.0,1.000000238418579,0.3333333333333333
topic-2206,stress,tension,llm_expansion_retrieval_llama3.2_3b_full,tension,"[""tension"", ""workload pressure"", ""neck strain"", ""stress control"", ""stress management""]",5,0.5741052627563477,True,True,True,True,1.0,1.0,1.0
topic-2125,stress management,stress control,llm_expansion_retrieval_llama3.2_3b_full,stress control,"[""stress control"", ""workload pressure"", ""emotional well-being"", ""emotional exhaustion"", ""psychological well-being""]",5,0.6689817905426025,True,True,True,True,1.0,1.0,1.0
topic-2215,study skills,learning techniques,llm_expansion_retrieval_llama3.2_3b_full,learning techniques,"[""learning techniques"", ""study methods"", ""study plan"", ""skill development"", ""research methods""]",5,0.6953480243682861,True,True,True,True,1.0,0.9999998807907104,1.0
topic-241,supervision,oversight,llm_expansion_retrieval_llama3.2_3b_full,oversight,"[""oversight"", ""guidance"", ""internal oversight"", ""corporate management"", ""personnel management""]",5,0.6131942272186279,True,True,True,True,1.0,1.0,1.0
topic-16663,Supply Chain Management,logistics management,llm_expansion_retrieval_llama3.2_3b_full,logistics management,"[""logistics management"", ""procurement management"", ""stock control"", ""business strategy"", ""EU procurement regulations""]",5,0.6787474155426025,True,True,True,True,1.0,1.0,1.0
topic-1784,syntax,sentence structure,llm_expansion_retrieval_llama3.2_3b_full,organizational structure,"[""organizational structure"", ""mixed organization"", ""sociology of organizations"", ""administrative organisation"", ""organizational theory""]",5,0.5646891593933105,False,False,False,False,0.6190476190476191,0.500496506690979,0.0
topic-10641,system dynamics,Systems modeling,llm_expansion_retrieval_llama3.2_3b_full,systems analysis,"[""systems analysis"", ""Systems modeling"", ""process optimization"", ""manufacturing process management"", ""computational modeling""]",5,0.6679246425628662,False,True,True,True,1.0,0.9999998807907104,0.5
topic-1786,systems theory,systems analysis,llm_expansion_retrieval_llama3.2_3b_full,frameworks,"[""frameworks"", ""systems analysis"", ""interconnected systems"", ""interconnected industries"", ""business frameworks""]",5,0.6900393962860107,False,True,True,True,1.0,0.9999998807907104,0.5
topic-1788,language,speech,llm_expansion_retrieval_llama3.2_3b_full,social linguistics,"[""social linguistics"", ""practical linguistics"", ""computational linguistics"", ""language science"", ""linguistic morphology""]",5,0.628772497177124,False,False,False,False,0.2727272727272727,0.504619300365448,0.0
topic-3216,language and computers,computational linguistics,llm_expansion_retrieval_llama3.2_3b_full,information technology,"[""information technology"", ""computational linguistics"", ""information and communication technology"", ""language processing systems"", ""practical linguistics""]",5,0.6960387229919434,False,True,True,True,1.0,1.000000238418579,0.5
topic-1790,language and artificial intelligence,computational linguistics,llm_expansion_retrieval_llama3.2_3b_full,human-computer interaction,"[""human-computer interaction"", ""computational linguistics"", ""language processing systems"", ""practical linguistics"", ""language science""]",5,0.7799031734466553,False,True,True,True,1.0,1.000000238418579,0.5
topic-1791,language and minorities,minority languages,llm_expansion_retrieval_llama3.2_3b_full,minority languages,"[""minority languages"", ""heritage and progress"", ""linguistic evolution"", ""diversity"", ""cultural diversity""]",5,0.7570066452026367,True,True,True,True,1.0,1.0,1.0
topic-12341,language evolution,linguistic evolution,llm_expansion_retrieval_llama3.2_3b_full,dual language development,"[""dual language development"", ""linguistic evolution"", ""language learning"", ""linguistic behavior"", ""language skills""]",5,0.7199406623840332,False,True,True,True,1.0,1.0,0.5
topic-1793,philosophy of language,linguistic philosophy,llm_expansion_retrieval_llama3.2_3b_full,social linguistics,"[""social linguistics"", ""practical linguistics"", ""linguistic philosophy"", ""computational linguistics"", ""ontology""]",5,0.7163174152374268,False,True,True,True,1.0,0.9999998211860657,0.3333333333333333
topic-1794,language behaviour,linguistic behavior,llm_expansion_retrieval_llama3.2_3b_full,linguistic behavior,"[""linguistic behavior"", ""language psychology"", ""speech"", ""linguistic evolution"", ""language cognition""]",5,0.6412520408630371,True,True,True,True,1.0,1.0,1.0
topic-3224,linguistic information systems,language processing systems,llm_expansion_retrieval_llama3.2_3b_full,language processing systems,"[""language processing systems"", ""linguistic morphology"", ""computational linguistics"", ""knowledge systems"", ""data management systems""]",5,0.723259687423706,True,True,True,True,1.0,1.0,1.0
topic-13321,origin of language,glottogony,llm_expansion_retrieval_llama3.2_3b_full,linguistic evolution,"[""linguistic evolution"", ""social linguistics"", ""linguistic philosophy"", ""linguistic behavior"", ""language cognition""]",5,0.7300639152526855,False,False,False,False,0.3571428571428571,0.11524419486522675,0.0
topic-1795,language psychology,psycholinguistics,llm_expansion_retrieval_llama3.2_3b_full,psycholinguistics,"[""psycholinguistics"", ""linguistic behavior"", ""language cognition"", ""linguistic philosophy"", ""linguistic education""]",5,0.7102847099304199,True,True,True,True,1.0,1.0000001192092896,1.0
topic-1796,language technology,computational linguistics,llm_expansion_retrieval_llama3.2_3b_full,computational linguistics,"[""computational linguistics"", ""language processing systems"", ""practical linguistics"", ""social linguistics"", ""language science""]",5,0.7492694854736328,True,True,True,True,1.0,1.0,1.0
topic-17043,language proficiency,language skills,llm_expansion_retrieval_llama3.2_3b_full,language skills,"[""language skills"", ""linguistic behavior"", ""linguistic education"", ""dual language proficiency"", ""language psychology""]",5,0.7557675838470459,True,True,True,True,1.0,1.0,1.0
topic-1797,language acquisition,language learning,llm_expansion_retrieval_llama3.2_3b_full,language learning,"[""language learning"", ""language cognition"", ""linguistic evolution"", ""linguistic behavior"", ""linguistic education""]",5,0.7401859760284424,True,True,True,True,1.0,1.000000238418579,1.0
topic-1799,linguistics,language science,llm_expansion_retrieval_llama3.2_3b_full,language science,"[""language science"", ""linguistic behavior"", ""language learning"", ""language psychology"", ""text analysis""]",5,0.6568775177001953,True,True,True,True,1.0,1.0,1.0
topic-11741,technology and ethics,tech ethics,llm_expansion_retrieval_llama3.2_3b_full,tech ethics,"[""tech ethics"", ""legal informatics"", ""technology oversight"", ""ethical computing"", ""professional ethics""]",5,0.6575617790222168,True,True,True,True,1.0,1.0000001192092896,1.0
topic-10461,technology strategy,IT strategy,llm_expansion_retrieval_llama3.2_3b_full,information technology,"[""information technology"", ""information systems management"", ""organizational transformation"", ""innovation economics"", ""business strategy""]",5,0.7146933078765869,False,False,False,False,0.7142857142857143,0.6379639506340027,0.0
topic-10921,document design,text design,llm_expansion_retrieval_llama3.2_3b_full,information modeling,"[""information modeling"", ""information processing"", ""organizational structure"", ""information exchange"", ""mixed organization""]",5,0.6295552253723145,False,False,False,False,0.3870967741935484,0.41084063053131104,0.0
topic-1803,discourse studies,text analysis,llm_expansion_retrieval_llama3.2_3b_full,text analysis,"[""text analysis"", ""language science"", ""language processing systems"", ""critical theorist"", ""critical analysis""]",5,0.69484543800354,True,True,True,True,1.0,1.0,1.0
topic-10701,temperament,disposition,llm_expansion_retrieval_llama3.2_3b_full,character,"[""character"", ""disposition"", ""melancholy"", ""sex"", ""feelings""]",5,0.6000354290008545,False,True,True,True,1.0,1.000000238418579,0.5
topic-11581,terrorism,extremism,llm_expansion_retrieval_llama3.2_3b_full,extremism,"[""extremism"", ""religious extremism"", ""criminal psychology"", ""criminal science"", ""criminal code""]",5,0.7171659469604492,True,True,True,True,1.0,1.0,1.0
topic-17044,Questionnaire design,survey design,llm_expansion_retrieval_llama3.2_3b_full,survey design,"[""survey design"", ""surveys"", ""assessment"", ""data management"", ""frameworks""]",5,0.7326040267944336,True,True,True,True,1.0,0.9999999403953552,1.0
topic-2049,testing,assessment,llm_expansion_retrieval_llama3.2_3b_full,assessment,"[""assessment"", ""mock trial"", ""financial evaluation"", ""investment evaluation"", ""investigation""]",5,0.5993895530700684,True,True,True,True,1.0,1.000000238418579,1.0
topic-1804,theology,divinity studies,llm_expansion_retrieval_llama3.2_3b_full,faith,"[""faith"", ""religious studies"", ""religious philosophy"", ""spiritual life"", ""divinity studies""]",5,0.6743428707122803,False,True,False,True,1.0,0.9999999403953552,0.2
topic-16749,theology,religious studies,llm_expansion_retrieval_llama3.2_3b_full,faith,"[""faith"", ""religious studies"", ""religious philosophy"", ""spiritual life"", ""divinity studies""]",5,0.6600008010864258,False,True,True,True,1.0,1.0,0.5
topic-1907,Thomas Aquinas,Scholastic philosopher,llm_expansion_retrieval_llama3.2_3b_full,Scholastic philosopher,"[""Scholastic philosopher"", ""medieval thought"", ""applied theology"", ""doctrinal theology"", ""Middle Ages theology""]",5,0.7251067161560059,True,True,True,True,1.0,1.0,1.0
topic-8981,temporary work,short-term employment,llm_expansion_retrieval_llama3.2_3b_full,short-term employment,"[""short-term employment"", ""contract law"", ""union contracts"", ""labor unions"", ""digital labor""]",5,0.6922321319580078,True,True,True,True,1.0,1.0000001192092896,1.0
topic-3264,time series,chronological data,llm_expansion_retrieval_llama3.2_3b_full,chronological data,"[""chronological data"", ""historical study"", ""data analysis"", ""market analysis"", ""location data""]",5,0.672623872756958,True,True,True,True,1.0,0.9999998211860657,1.0
topic-5121,applied econometrics,practical econometrics,llm_expansion_retrieval_llama3.2_3b_full,economic modeling,"[""economic modeling"", ""practical econometrics"", ""individual econometrics"", ""quantitative finance"", ""financial modeling""]",5,0.7403218746185303,False,True,True,True,1.0,1.0,0.5
topic-5803,applied linguistics,practical linguistics,llm_expansion_retrieval_llama3.2_3b_full,language science,"[""language science"", ""linguistic education"", ""language learning"", ""linguistic behavior"", ""Dutch language acquisition""]",5,0.6771063804626465,False,False,False,False,0.5,0.6839063167572021,0.0
topic-5701,computer applications,software applications,llm_expansion_retrieval_llama3.2_3b_full,information systems management,"[""information systems management"", ""software applications"", ""information technology"", ""collaborative information systems"", ""knowledge systems""]",5,0.6437296867370605,False,True,True,True,1.0,1.0000001192092896,0.5
topic-1807,tourism,travel industry,llm_expansion_retrieval_llama3.2_3b_full,leisure activities,"[""leisure activities"", ""recreation studies"", ""travel industry"", ""drive"", ""Christian worship""]",5,0.6424167156219482,False,True,True,True,1.0,1.0,0.3333333333333333
topic-16803,Tourism in protected areas,eco-tourism,llm_expansion_retrieval_llama3.2_3b_full,eco-tourism,"[""eco-tourism"", ""eco-friendly tourism"", ""ecological management"", ""ecological economics"", ""environmental assessment""]",5,0.7715559005737305,True,True,True,True,1.0,1.0,1.0
topic-2319,tradition and innovation/modernization,heritage and progress,llm_expansion_retrieval_llama3.2_3b_full,heritage and progress,"[""heritage and progress"", ""cultural legacy"", ""bureaucratic reform"", ""Brabant heritage"", ""modernisation""]",5,0.794482946395874,True,True,True,True,1.0,0.9999998807907104,1.0
topic-3273,transition economics,transformation economics,llm_expansion_retrieval_llama3.2_3b_full,economic development,"[""economic development"", ""government economics"", ""transformation economics"", ""industrial economics"", ""national economics""]",5,0.8157665729522705,False,True,True,True,1.0,1.0,0.3333333333333333
topic-1809,transport,conveyance,llm_expansion_retrieval_llama3.2_3b_full,business relocation,"[""business relocation"", ""operational analysis"", ""transformation economics"", ""drive"", ""social unity""]",5,0.5734376907348633,False,False,False,False,0.2941176470588235,0.2764343023300171,0.0
topic-7141,triad model,three-part model,llm_expansion_retrieval_llama3.2_3b_full,three-part model,"[""three-part model"", ""higher-order models"", ""computational models"", ""substitution models"", ""economic modeling""]",5,0.725412130355835,True,True,True,True,1.0,1.0000001192092896,1.0
topic-1811,turkish,Anatolian,llm_expansion_retrieval_llama3.2_3b_full,Anatolian,"[""Anatolian"", ""Islamic studies"", ""Arabian"", ""Turkish immigrants"", ""East Europe""]",5,0.657102108001709,True,True,True,True,1.0,1.0,1.0
topic-1985,turkish migrants,Turkish immigrants,llm_expansion_retrieval_llama3.2_3b_full,Turkish immigrants,"[""Turkish immigrants"", ""immigrants"", ""Anatolian"", ""ethnic groups"", ""refugees""]",5,0.7530479431152344,True,True,True,True,1.0,1.000000238418579,1.0
topic-1812,bilingualism and multilingualism,multiple language proficiency,llm_expansion_retrieval_llama3.2_3b_full,dual language proficiency,"[""dual language proficiency"", ""multiple language proficiency"", ""social linguistics"", ""language skills"", ""practical linguistics""]",5,0.6976747512817383,False,True,True,True,1.0,1.000000238418579,0.5
topic-3281,bilingualism,dual language proficiency,llm_expansion_retrieval_llama3.2_3b_full,language skills,"[""language skills"", ""dual language proficiency"", ""multiple language proficiency"", ""dual language development"", ""linguistic evolution""]",5,0.6975386142730713,False,True,True,True,1.0,1.0,0.5
topic-3107,outsourcing,Subcontracting,llm_expansion_retrieval_llama3.2_3b_full,non-profit management,"[""non-profit management"", ""contract law"", ""authority"", ""public management"", ""corporate management""]",5,0.6760201454162598,False,False,False,False,0.6153846153846154,0.24677927792072296,0.0
topic-1813,publishing companies,publishing houses,llm_expansion_retrieval_llama3.2_3b_full,publishing houses,"[""publishing houses"", ""literary philosopher"", ""literary analysis"", ""scriptural literature"", ""cinematic literature""]",5,0.6661818027496338,True,True,True,True,1.0,1.000000238418579,1.0
topic-1814,benefits,welfare payments,llm_expansion_retrieval_llama3.2_3b_full,efficiency,"[""efficiency"", ""investing"", ""advancement"", ""improvement"", ""Catastrophes""]",5,0.5949668884277344,False,False,False,False,0.4444444444444444,0.23037947714328766,0.0
topic-13581,ostracism,social exclusion,llm_expansion_retrieval_llama3.2_3b_full,social exclusion,"[""social exclusion"", ""social disparity"", ""social unity"", ""social theories"", ""social hierarchy""]",5,0.637047529220581,True,True,True,True,1.0,1.0000001192092896,1.0
topic-16962,education in skills,skills training,llm_expansion_retrieval_llama3.2_3b_full,skill development,"[""skill development"", ""employee development"", ""skills training"", ""talent development"", ""advancement""]",5,0.658928632736206,False,True,True,True,1.0,1.0,0.3333333333333333
topic-1815,trade unions,labor unions,llm_expansion_retrieval_llama3.2_3b_full,labor unions,"[""labor unions"", ""worker participation"", ""union contracts"", ""employee council"", ""employment participation""]",5,0.6715152263641357,True,True,True,True,1.0,1.0,1.0
topic-11386,Vatican II,Second Vatican Council,llm_expansion_retrieval_llama3.2_3b_full,Second Vatican Council,"[""Second Vatican Council"", ""church-state interaction"", ""congregation"", ""ecclesiastical authority"", ""Clergy""]",5,0.8795483112335205,True,True,True,True,1.0,1.0,1.0
topic-2521,auctions,bidding,llm_expansion_retrieval_llama3.2_3b_full,bidding,"[""bidding"", ""Bidding Theory"", ""negotiation"", ""public finance"", ""market strategy""]",5,0.6334755420684814,True,True,True,True,1.0,1.000000238418579,1.0
topic-3287,auction theory,Bidding Theory,llm_expansion_retrieval_llama3.2_3b_full,Bidding Theory,"[""Bidding Theory"", ""bidding"", ""evolving game theory"", ""collaborative game theory"", ""economic modeling""]",5,0.6847736835479736,True,True,True,True,1.0,1.000000238418579,1.0
topic-1816,corporate income tax,company tax,llm_expansion_retrieval_llama3.2_3b_full,company tax,"[""company tax"", ""earnings tax"", ""income tax"", ""EU tax regulations"", ""asset tax""]",5,0.7363724708557129,True,True,True,True,1.0,1.0,1.0
topic-4039,law of obligations,contract law,llm_expansion_retrieval_llama3.2_3b_full,contract law,"[""contract law"", ""responsibility law"", ""obligation of care"", ""business law"", ""social contract""]",5,0.7072017192840576,True,True,True,True,1.0,1.000000238418579,1.0
topic-2339,comparison between traditional and new media,media comparison,llm_expansion_retrieval_llama3.2_3b_full,media comparison,"[""media comparison"", ""mixed media"", ""cultural legacy"", ""modernisation"", ""cultural variety""]",5,0.81540846824646,True,True,True,True,1.0,1.0,1.0
topic-3298,ageing,population aging,llm_expansion_retrieval_llama3.2_3b_full,development,"[""development"", ""population aging"", ""human development"", ""growing old"", ""employee development""]",5,0.638791561126709,False,True,True,True,1.0,1.000000238418579,0.5
topic-2309,"the relationship between the individual, the community and the state",social contract,llm_expansion_retrieval_llama3.2_3b_full,governance,"[""governance"", ""community governance"", ""governance crisis"", ""Participatory governance"", ""self-governance""]",5,0.8071587085723877,False,False,False,False,0.41025641025641024,0.4041227102279663,0.0
topic-2308,"the relationship between politics, economy and ethics",political-economic ethics,llm_expansion_retrieval_llama3.2_3b_full,political-economic ethics,"[""political-economic ethics"", ""self-governance and ethics"", ""ethical management"", ""government economics"", ""governance""]",5,0.9493968486785889,True,True,True,True,1.0,0.9999999403953552,1.0
topic-2221,the relation between science and philosophy,science-philosophy interface,llm_expansion_retrieval_llama3.2_3b_full,scientific philosophy,"[""scientific philosophy"", ""science-philosophy interface"", ""philosophy of psychology"", ""religious philosophy"", ""mental philosophy""]",5,0.7854416370391846,False,True,True,True,1.0,1.0000001192092896,0.5
topic-2127,fatigue,tiredness,llm_expansion_retrieval_llama3.2_3b_full,exhaustion,"[""exhaustion"", ""tiredness"", ""emotional exhaustion"", ""exertion"", ""burnout""]",5,0.7052392959594727,False,True,True,True,1.0,1.0,0.5
topic-1824,tax on wealth/wealth tax,asset tax,llm_expansion_retrieval_llama3.2_3b_full,asset tax,"[""asset tax"", ""inheritance law"", ""income tax"", ""asset valuation"", ""financial accounting""]",5,0.7003476619720459,True,True,True,True,1.0,1.000000238418579,1.0
topic-5901,capital structure,financial structure,llm_expansion_retrieval_llama3.2_3b_full,financial structure,"[""financial structure"", ""financial composition"", ""financial systems"", ""investment evaluation"", ""investment theory""]",5,0.6403517723083496,True,True,True,True,1.0,1.0000001192092896,1.0
topic-16884,Resurrection,rebirth,llm_expansion_retrieval_llama3.2_3b_full,rebirth,"[""rebirth"", ""recovery"", ""medieval history"", ""spiritual life"", ""Reformation history""]",5,0.6541752815246582,True,True,True,True,1.0,1.0000001192092896,1.0
topic-5881,reporting,financial reporting,llm_expansion_retrieval_llama3.2_3b_full,financial accounting,"[""financial accounting"", ""communication channels"", ""financial management"", ""financial auditing"", ""financial instruments""]",5,0.5785658359527588,False,False,False,False,0.7692307692307692,0.7688502073287964,0.0
topic-5123,addiction,dependency,llm_expansion_retrieval_llama3.2_3b_full,substance abuse treatment,"[""substance abuse treatment"", ""substance dependence"", ""dependency"", ""compulsive gambling"", ""alcohol dependence""]",5,0.63968825340271,False,True,True,True,1.0,1.0,0.3333333333333333
topic-9021,addiction care,substance abuse treatment,llm_expansion_retrieval_llama3.2_3b_full,substance abuse treatment,"[""substance abuse treatment"", ""dependency"", ""psychological care"", ""disease study"", ""substance dependence""]",5,0.7297873497009277,True,True,True,True,1.0,0.9999998211860657,1.0
topic-7645,mentally handicapped persons,intellectually disabled persons,llm_expansion_retrieval_llama3.2_3b_full,intellectually disabled persons,"[""intellectually disabled persons"", ""learning disabilities"", ""psychological disorders"", ""reading difficulties"", ""cognitive studies""]",5,0.8081238269805908,True,True,True,True,1.0,1.0,1.0
topic-3623,trust,confidence,llm_expansion_retrieval_llama3.2_3b_full,faith,"[""faith"", ""confidence"", ""workplace loyalty"", ""faith marketplace"", ""faith-based communication""]",5,0.610863447189331,False,True,True,True,1.0,0.9999998807907104,0.5
topic-5547,replacement models,substitution models,llm_expansion_retrieval_llama3.2_3b_full,frameworks,"[""frameworks"", ""business frameworks"", ""reasoning"", ""hierarchical analysis"", ""theory of knowledge""]",5,0.7255885601043701,False,False,False,False,0.42105263157894735,0.2908899188041687,0.0
topic-3469,insurance,coverage,llm_expansion_retrieval_llama3.2_3b_full,risk management,"[""risk management"", ""coverage"", ""financial regulation"", ""social safety nets"", ""risk assessment models""]",5,0.6230630874633789,False,True,True,True,1.0,0.9999998807907104,0.5
topic-2489,actuarial mathematics,Actuarial science,llm_expansion_retrieval_llama3.2_3b_full,Actuarial science,"[""Actuarial science"", ""risk management"", ""risk assessment models"", ""statistical techniques"", ""computational models""]",5,0.6749155521392822,True,True,True,True,1.0,1.0,1.0
topic-1827,welfare states,social safety nets,llm_expansion_retrieval_llama3.2_3b_full,social safety nets,"[""social safety nets"", ""welfare system"", ""welfare"", ""welfare payments"", ""welfare principles""]",5,0.6972942352294922,True,True,True,True,1.0,1.0,1.0
topic-5564,victimology,study of victims,llm_expansion_retrieval_llama3.2_3b_full,survivors,"[""survivors"", ""criminal science"", ""study of victims"", ""criminal psychology"", ""basic rights""]",5,0.7475578784942627,False,True,True,True,1.0,1.000000238418579,0.3333333333333333
topic-14021,Victorian Literature,19th-century British literature,llm_expansion_retrieval_llama3.2_3b_full,19th-century British literature,"[""19th-century British literature"", ""literary analysis"", ""literary philosopher"", ""cinematic literature"", ""scriptural literature""]",5,0.844275712966919,True,True,True,True,1.0,1.0,1.0
topic-2301,visual perception,sight perception,llm_expansion_retrieval_llama3.2_3b_full,sight perception,"[""sight perception"", ""sensory awareness"", ""interpretation"", ""cognitive psychology"", ""cognitive studies""]",5,0.7140438556671143,True,True,True,True,1.0,0.9999998211860657,1.0
topic-1,Refugee law,Asylum law,llm_expansion_retrieval_llama3.2_3b_full,immigration law,"[""immigration law"", ""Asylum law"", ""environmental protection law"", ""asylum seekers"", ""immigrants""]",5,0.6995649337768555,False,True,True,True,1.0,1.0000001192092896,0.5
topic-1828,international law,global law,llm_expansion_retrieval_llama3.2_3b_full,global law,"[""global law"", ""global public law"", ""global environmental law"", ""governance"", ""global management""]",5,0.6722407341003418,True,True,True,True,1.0,1.0000001192092896,1.0
topic-3951,history of international law,international legal history,llm_expansion_retrieval_llama3.2_3b_full,international legal history,"[""international legal history"", ""global law"", ""global public law"", ""legal history"", ""jurisprudence""]",5,0.7416465282440186,True,True,True,True,1.0,1.0000003576278687,1.0
topic-1829,popular culture,mass culture,llm_expansion_retrieval_llama3.2_3b_full,global culture,"[""global culture"", ""cultural legacy"", ""minority cultures"", ""cultural practices"", ""cultural variety""]",5,0.6800847053527832,False,False,False,False,0.6923076923076923,0.6579422950744629,0.0
topic-1830,inventory management,stock control,llm_expansion_retrieval_llama3.2_3b_full,stock control,"[""stock control"", ""supply chain management"", ""stock management"", ""logistics management"", ""stock market""]",5,0.6617999076843262,True,True,True,True,1.0,1.000000238418579,1.0
topic-5542,inventory systems,stock management,llm_expansion_retrieval_llama3.2_3b_full,stock control,"[""stock control"", ""stock management"", ""supply chain management"", ""logistics management"", ""stock market""]",5,0.6431930065155029,False,True,True,True,1.0,1.0,0.5
topic-3315,forecasting,prediction,llm_expansion_retrieval_llama3.2_3b_full,prediction,"[""prediction"", ""information exchange"", ""autonomous learning"", ""contemplation"", ""estimation""]",5,0.6104109287261963,True,True,True,True,1.0,1.0,1.0
topic-2050,questionnaires,surveys,llm_expansion_retrieval_llama3.2_3b_full,surveys,"[""surveys"", ""assessment"", ""survey design"", ""financial evaluation"", ""investment evaluation""]",5,0.6034252643585205,True,True,True,True,1.0,1.0,1.0
topic-1833,leisure,free time,llm_expansion_retrieval_llama3.2_3b_full,recreation studies,"[""recreation studies"", ""leisure activities"", ""free time"", ""exhaustion"", ""rehabilitation""]",5,0.6456451416015625,False,True,True,True,1.0,0.9999998807907104,0.3333333333333333
topic-1836,leisure studies,recreation studies,llm_expansion_retrieval_llama3.2_3b_full,leisure activities,"[""leisure activities"", ""recreation studies"", ""free time"", ""ecological management"", ""working time""]",5,0.7217133045196533,False,True,True,True,1.0,1.0,0.5
topic-7681,voluntary work,volunteer service,llm_expansion_retrieval_llama3.2_3b_full,volunteer service,"[""volunteer service"", ""support services"", ""civic community"", ""digital labor"", ""labor unions""]",5,0.6919991970062256,True,True,True,True,1.0,1.000000238418579,1.0
topic-3541,concept of truth,nature of truth,llm_expansion_retrieval_llama3.2_3b_full,nature of truth,"[""nature of truth"", ""interpretation"", ""machine semantics"", ""theory of knowledge"", ""interpretive theory""]",5,0.8334653377532959,True,True,True,True,1.0,0.9999999403953552,1.0
topic-1965,perception,sensory awareness,llm_expansion_retrieval_llama3.2_3b_full,interpretation,"[""interpretation"", ""awareness"", ""self-awareness"", ""legal interpretation"", ""Bible interpretation""]",5,0.6425325870513916,False,False,False,False,0.7096774193548387,0.6843878030776978,0.0
topic-1843,invalidity benefits shortfall/wao shortfall,disability benefits gap,llm_expansion_retrieval_llama3.2_3b_full,disability benefits gap,"[""disability benefits gap"", ""retirement benefits"", ""retirement economics"", ""short-term employment"", ""income disparity""]",5,0.732696533203125,True,True,True,True,1.0,0.9999997019767761,1.0
topic-4310,web-based application design,web design,llm_expansion_retrieval_llama3.2_3b_full,web design,"[""web design"", ""online business"", ""software applications"", ""online services"", ""development""]",5,0.7801039218902588,True,True,True,True,1.0,0.9999998211860657,1.0
topic-8381,web services,online services,llm_expansion_retrieval_llama3.2_3b_full,service-based computing,"[""service-based computing"", ""online services"", ""online business"", ""online retail"", ""online shopping""]",5,0.6721501350402832,False,True,True,True,1.0,1.0,0.5
topic-4289,web technology,internet technology,llm_expansion_retrieval_llama3.2_3b_full,internet technology,"[""internet technology"", ""e-commerce"", ""information and communication technology"", ""information technology"", ""online services""]",5,0.6892402172088623,True,True,True,True,1.0,0.9999998807907104,1.0
topic-16082,well-being (als in client well-being = subjectieve maat van Quality of Life),quality of life,llm_expansion_retrieval_llama3.2_3b_full,quality of life,"[""quality of life"", ""life quality"", ""quality of worklife"", ""emotional well-being"", ""psychological care""]",5,0.6731619834899902,True,True,True,True,1.0,0.9999999403953552,1.0
topic-7521,welfare states,social safety nets,llm_expansion_retrieval_llama3.2_3b_full,social safety nets,"[""social safety nets"", ""welfare system"", ""welfare"", ""welfare payments"", ""welfare principles""]",5,0.6989507675170898,True,True,True,True,1.0,1.0,1.0
topic-1844,well-being,welfare,llm_expansion_retrieval_llama3.2_3b_full,welfare,"[""welfare"", ""quality of life"", ""life quality"", ""welfare system"", ""welfare payments""]",5,0.6246860027313232,True,True,True,True,1.0,0.9999998211860657,1.0
topic-6402,world bank,international financial institution,llm_expansion_retrieval_llama3.2_3b_full,international financial institution,"[""international financial institution"", ""global financial institution"", ""economic development"", ""global finance"", ""humanitarian aid""]",5,0.7521882057189941,True,True,True,True,1.0,1.000000238418579,1.0
topic-16382,work-home interaction,work-life balance,llm_expansion_retrieval_llama3.2_3b_full,work-life balance,"[""work-life balance"", ""work-life conflict"", ""quality of worklife"", ""professional ethics"", ""human-computer interaction""]",5,0.7417514324188232,True,True,True,True,1.0,0.9999998807907104,1.0
topic-2155,pressure of work,workload pressure,llm_expansion_retrieval_llama3.2_3b_full,workload pressure,"[""workload pressure"", ""occupational health"", ""occupational psychology"", ""stress management"", ""work motivation""]",5,0.6298754215240479,True,True,True,True,1.0,1.0,1.0
topic-13045,teamwork,collaborative work,llm_expansion_retrieval_llama3.2_3b_full,Cooperation,"[""Cooperation"", ""strategic partnerships"", ""collaborative work"", ""financial partnerships"", ""collaborative systems""]",5,0.6532702445983887,False,True,True,True,1.0,1.000000238418579,0.3333333333333333
topic-1846,unemployment,joblessness,llm_expansion_retrieval_llama3.2_3b_full,joblessness,"[""joblessness"", ""economic condition"", ""employment issues"", ""employment conditions"", ""employment market""]",5,0.719768762588501,True,True,True,True,1.0,1.0000001192092896,1.0
topic-3326,verbs,action words,llm_expansion_retrieval_llama3.2_3b_full,action words,"[""action words"", ""philosophy of action"", ""linguistic behavior"", ""leisure activities"", ""language psychology""]",5,0.6897897720336914,True,True,True,True,1.0,1.0,1.0
topic-2219,philosophy of science,scientific philosophy,llm_expansion_retrieval_llama3.2_3b_full,scientific philosophy,"[""scientific philosophy"", ""science-philosophy interface"", ""limited rationality"", ""religious philosophy"", ""research methods""]",5,0.7636313438415527,True,True,True,True,1.0,1.0000001192092896,1.0
topic-2325,whiplash,neck strain,llm_expansion_retrieval_llama3.2_3b_full,neck strain,"[""neck strain"", ""brain injury"", ""brain bleed"", ""tiredness"", ""rehabilitation""]",5,0.7250990867614746,True,True,True,True,1.0,1.0,1.0
topic-1850,philosophy,metaphysics,llm_expansion_retrieval_llama3.2_3b_full,nationalist ideology,"[""nationalist ideology"", ""critical analysis"", ""critical theorist"", ""organizational theory"", ""business frameworks""]",5,0.6196153163909912,False,False,False,False,0.4285714285714286,0.3425678014755249,0.0
topic-6301,philosophical psychology,theoretical psychology,llm_expansion_retrieval_llama3.2_3b_full,mental philosophy,"[""mental philosophy"", ""existential philosopher"", ""cognitive psychology"", ""metaphysics"", ""philosophy of psychology""]",5,0.8123657703399658,False,False,False,False,0.6666666666666667,0.7234033346176147,0.0
topic-14902,Wisdom literature,philosophical texts,llm_expansion_retrieval_llama3.2_3b_full,moral philosophy,"[""moral philosophy"", ""philosophical texts"", ""theological literature"", ""literary philosopher"", ""wisdom""]",5,0.7207310199737549,False,True,True,True,1.0,0.9999998807907104,0.5
topic-16805,wilderness,wildlands,llm_expansion_retrieval_llama3.2_3b_full,environmental assessment,"[""environmental assessment"", ""ecological management"", ""ecological policy"", ""ecological law"", ""natural diversity""]",5,0.6955006122589111,False,False,False,False,0.34782608695652173,0.2692631483078003,0.0
topic-1852,mathematics,mathematical sciences,llm_expansion_retrieval_llama3.2_3b_full,statistical mathematics,"[""statistical mathematics"", ""economic statistics"", ""research methods and statistics"", ""statistical techniques"", ""business analytics""]",5,0.5868639945983887,False,False,False,False,0.5581395348837209,0.4781888723373413,0.0
topic-2421,world wide web,the web,llm_expansion_retrieval_llama3.2_3b_full,cyberspace,"[""cyberspace"", ""internet technology"", ""cyber culture"", ""knowledge systems"", ""the web""]",5,0.6490013599395752,False,True,False,True,1.0,1.0,0.2
topic-16824,right to self-determination,self-governance,llm_expansion_retrieval_llama3.2_3b_full,self-governance,"[""self-governance"", ""self-governance and ethics"", ""governance"", ""community governance"", ""governance crisis""]",5,0.7486894130706787,True,True,True,True,1.0,1.0,1.0
topic-9101,self consciousness,self-awareness,llm_expansion_retrieval_llama3.2_3b_full,self-awareness,"[""self-awareness"", ""awareness"", ""self-control"", ""self-concept"", ""reflective awareness""]",5,0.7252810001373291,True,True,True,True,1.0,0.9999999403953552,1.0
topic-10541,self reflection,reflective awareness,llm_expansion_retrieval_llama3.2_3b_full,psychological measurement,"[""psychological measurement"", ""self-concept"", ""assessment"", ""mental processes"", ""cognitive psychology""]",5,0.6905324459075928,False,False,False,False,0.38888888888888884,0.424918532371521,0.0
topic-15062,self-regulation,self-control,llm_expansion_retrieval_llama3.2_3b_full,self-governance,"[""self-governance"", ""self-governance and ethics"", ""self-control"", ""guidance"", ""governance""]",5,0.7059473991394043,False,True,True,True,1.0,0.9999998807907104,0.3333333333333333
topic-2218,self-learning,autonomous learning,llm_expansion_retrieval_llama3.2_3b_full,autonomous learning,"[""autonomous learning"", ""automated learning"", ""cooperative learning"", ""learning techniques"", ""online business""]",5,0.7247986793518066,True,True,True,True,1.0,1.0,1.0
topic-11676,"soul (theological, neuroscientific...)",spirit,llm_expansion_retrieval_llama3.2_3b_full,spirit,"[""spirit"", ""unconscious state"", ""mindset"", ""awareness"", ""rebirth""]",5,0.5964736938476562,True,True,True,True,1.0,0.9999999403953552,1.0
topic-2181,interpretation,meaning-making,llm_expansion_retrieval_llama3.2_3b_full,data analysis,"[""data analysis"", ""Reading studies"", ""meaning analysis"", ""reading difficulties"", ""Social understanding""]",5,0.5863995552062988,False,False,False,False,0.6,0.3692523241043091,0.0
topic-1900,random violence,senseless violence,llm_expansion_retrieval_llama3.2_3b_full,aggression,"[""aggression"", ""criminal psychology"", ""criminal science"", ""hostility"", ""criminal code""]",5,0.7147200107574463,False,False,False,False,0.4705882352941176,0.5072616934776306,0.0
topic-3340,automatic parsing,automated parsing,llm_expansion_retrieval_llama3.2_3b_full,text analysis,"[""text analysis"", ""language processing systems"", ""artificial neural networks"", ""autonomous learning"", ""machine semantics""]",5,0.7387497425079346,False,False,False,False,0.6111111111111112,0.5623180270195007,0.0
topic-4290,search engine,information retrieval system,llm_expansion_retrieval_llama3.2_3b_full,information retrieval system,"[""information retrieval system"", ""information search"", ""document search"", ""the web"", ""online services""]",5,0.6430573463439941,True,True,True,True,1.0,1.0,1.0
topic-7642,care,assistance,llm_expansion_retrieval_llama3.2_3b_full,support services,"[""support services"", ""worry"", ""spiritual support"", ""youth support"", ""assistance""]",5,0.6201119422912598,False,True,False,True,1.0,1.0,0.2
topic-13101,health care utilisation,Health Care Usage,llm_expansion_retrieval_llama3.2_3b_full,Health Care Usage,"[""Health Care Usage"", ""medical services"", ""health economics"", ""health services management"", ""health policy""]",5,0.696927547454834,True,True,True,True,1.0,1.000000238418579,1.0
topic-16062,Duty of care,obligation of care,llm_expansion_retrieval_llama3.2_3b_full,risk management,"[""risk management"", ""ethical accountability"", ""responsibility law"", ""risk assessment models"", ""authority""]",5,0.7953791618347168,False,False,False,False,0.38888888888888884,0.4909554719924927,0.0
topic-11665,theories of care,care models,llm_expansion_retrieval_llama3.2_3b_full,care models,"[""care models"", ""obligation of care"", ""coordinated care"", ""psychological care"", ""spiritual care""]",5,0.7233960628509521,True,True,True,True,1.0,1.0,1.0
topic-11521,South African law,South African legal system,llm_expansion_retrieval_llama3.2_3b_full,South African legal system,"[""South African legal system"", ""jurisprudence"", ""principles of European legal development"", ""legal governance"", ""Civil law methodology""]",5,0.8435087203979492,True,True,True,True,1.0,1.000000238418579,1.0
topic-15642,asset pricing,asset valuation,llm_expansion_retrieval_llama3.2_3b_full,asset valuation,"[""asset valuation"", ""business valuation"", ""capital markets"", ""financial economics"", ""option valuation""]",5,0.6976995468139648,True,True,True,True,1.0,0.9999999403953552,1.0
topic-15482,pension economics,retirement economics,llm_expansion_retrieval_llama3.2_3b_full,retirement economics,"[""retirement economics"", ""retirement benefits"", ""welfare"", ""welfare payments"", ""economic history""]",5,0.7237074375152588,True,True,True,True,1.0,1.000000238418579,1.0
topic-15403,trade policy,commercial policy,llm_expansion_retrieval_llama3.2_3b_full,commercial policy,"[""commercial policy"", ""regulatory economics"", ""financial regulation"", ""regulatory law"", ""market analysis""]",5,0.6768300533294678,True,True,True,True,1.0,0.9999999403953552,1.0
topic-16484,Sensemaking,meaning-making,llm_expansion_retrieval_llama3.2_3b_full,interpretation,"[""interpretation"", ""mental processes"", ""cognitive psychology"", ""cognitive studies"", ""cognitive effort""]",5,0.7051773071289062,False,False,False,False,0.3571428571428571,0.37276989221572876,0.0
topic-17124,Bilingual development,dual language development,llm_expansion_retrieval_llama3.2_3b_full,dual language proficiency,"[""dual language proficiency"", ""multiple language proficiency"", ""language skills"", ""language learning"", ""dual language development""]",5,0.6879441738128662,False,True,False,True,1.0,1.0,0.2
topic-17123,Language and education,linguistic education,llm_expansion_retrieval_llama3.2_3b_full,linguistic education,"[""linguistic education"", ""language learning"", ""practical linguistics"", ""Dutch language acquisition"", ""language skills""]",5,0.8007216453552246,True,True,True,True,1.0,1.000000238418579,1.0
topic-16825,Statehood,nationhood,llm_expansion_retrieval_llama3.2_3b_full,nationhood,"[""nationhood"", ""self-governance"", ""self-governance and ethics"", ""governance"", ""community governance""]",5,0.6921491622924805,True,True,True,True,1.0,1.0,1.0
topic-16483,Refugees,asylum seekers,llm_expansion_retrieval_llama3.2_3b_full,asylum seekers,"[""asylum seekers"", ""immigrants"", ""Asylum law"", ""Turkish immigrants"", ""immigration law""]",5,0.7060422897338867,True,True,True,True,1.0,1.0,1.0
