topic,term,ground_truth,method,prediction,candidates,num_final_candidates,time_seconds,exact_top1,exact_any,top_3_accuracy,top_5_accuracy,fuzzy_similarity,semantic_similarity,mrr
topic-12722,recommender system,recommendation engine,llm_rerank_llama3.2_3b_full,recommendation engine,"[""recommendation engine"", ""collaborative networks"", ""collaborative systems"", ""information retrieval system"", ""social networks""]",5,1.9674029350280762,True,True,True,True,1.0,0.9999997615814209,1.0
topic-2484,stocks,shares,llm_rerank_llama3.2_3b_full,shares,"[""shares"", ""stock market"", ""capital markets"", ""investment funds"", ""investing""]",5,1.709768533706665,True,True,True,True,1.0,1.0,1.0
topic-4285,equity market,stock market,llm_rerank_llama3.2_3b_full,stock market,"[""stock market"", ""capital markets"", ""shares"", ""investing"", ""financial economics""]",5,1.5378544330596924,True,True,True,True,1.0,1.000000238418579,1.0
topic-3721,liability law,responsibility law,llm_rerank_llama3.2_3b_full,contract law,"[""contract law"", ""business law"", ""corporate law"", ""penal law"", ""financial law""]",5,1.2274081707000732,False,False,False,False,0.5185185185185186,0.57210373878479,0.0
topic-1274,accountancy,financial auditing,llm_rerank_llama3.2_3b_full,financial accounting,"[""financial accounting"", ""financial reporting"", ""balance sheet management"", ""financial auditing"", ""financial systems""]",5,1.230710506439209,False,True,False,True,1.0,1.0000001192092896,0.25
topic-5882,auditors,financial examiners,llm_rerank_llama3.2_3b_full,financial examiners,"[""financial examiners"", ""financial auditing"", ""financial accounting"", ""financial instruments"", ""financial reporting""]",5,1.581007719039917,True,True,True,True,1.0,1.0,1.0
topic-1276,accounting,financial accounting,llm_rerank_llama3.2_3b_full,financial accounting,"[""financial accounting"", ""global accounting standards"", ""financial management"", ""financial reporting"", ""financial auditing""]",5,1.2186124324798584,True,True,True,True,1.0,1.0000001192092896,1.0
topic-1953,acculturation,cultural adaptation,llm_rerank_llama3.2_3b_full,cultural adaptation,"[""cultural adaptation"", ""Americanisation"", ""consolidations"", ""advancement"", ""awareness""]",5,1.0860207080841064,True,True,True,True,1.0,0.9999999403953552,1.0
topic-1919,actual pastoral liturgical practice,current liturgical practice,llm_rerank_llama3.2_3b_full,current liturgical practice,"[""current liturgical practice"", ""Catholic pastoral care"", ""liturgical theology"", ""sociology of pastoral care"", ""Pastoral Counseling Psychology""]",5,1.6371047496795654,True,True,True,True,1.0,1.0000001192092896,1.0
topic-1980,adhd,attention deficit disorder,llm_rerank_llama3.2_3b_full,attention deficit disorder,"[""attention deficit disorder"", ""learning disabilities"", ""health psychology"", ""cognitive decline"", ""psychological disorders""]",5,1.815974235534668,True,True,True,True,1.0,0.9999998807907104,1.0
topic-4079,administrative law,regulatory law,llm_rerank_llama3.2_3b_full,administration,"[""administration"", ""authority"", ""business administration"", ""local government law"", ""EU administrative law""]",5,1.2274043560028076,False,False,False,False,0.5142857142857142,0.42742490768432617,0.0
topic-2276,adorno,critical theorist,llm_rerank_llama3.2_3b_full,Marxist theory,"[""Marxist theory"", ""Marxism"", ""Teutonic"", ""Castilian"", ""Jacob""]",5,1.2529399394989014,False,False,False,False,0.5806451612903225,0.5308240652084351,0.0
topic-2250,africa,Sub-Saharan region,llm_rerank_llama3.2_3b_full,Sub-Saharan region,"[""Sub-Saharan region"", ""nationhood"", ""developing countries"", ""refugees"", ""ethnic groups""]",5,2.6080517768859863,True,True,True,True,1.0,1.0,1.0
topic-1280,agricultural economy,agricultural economics,llm_rerank_llama3.2_3b_full,agricultural economics,"[""agricultural economics"", ""farming"", ""employment economics"", ""economic development"", ""ecological economics""]",5,1.286644458770752,True,True,True,True,1.0,1.0,1.0
topic-7782,aggression,hostility,llm_rerank_llama3.2_3b_full,hostility,"[""hostility"", ""tension"", ""interpersonal skills"", ""self-control"", ""remorse""]",5,1.2401509284973145,True,True,True,True,1.0,0.9999997615814209,1.0
topic-5124,alcohol addiction,alcohol dependence,llm_rerank_llama3.2_3b_full,alcohol dependence,"[""alcohol dependence"", ""substance dependence"", ""rehabilitation"", ""emotional exhaustion"", ""self-control""]",5,1.6607236862182617,True,True,True,True,1.0,1.0000001192092896,1.0
topic-2500,general econometrics,economic statistics,llm_rerank_llama3.2_3b_full,economic statistics,"[""economic statistics"", ""economic modeling"", ""global economics"", ""national economics"", ""behavioral economics""]",5,1.240830898284912,True,True,True,True,1.0,1.0,1.0
topic-2501,alliances and joint ventures,strategic partnerships,llm_rerank_llama3.2_3b_full,strategic partnerships,"[""strategic partnerships"", ""inter-firm relationships"", ""Cooperation"", ""commercial dealings"", ""businesses""]",5,1.2450611591339111,True,True,True,True,1.0,1.0000001192092896,1.0
topic-1285,foreigners,strangers,llm_rerank_llama3.2_3b_full,immigrants,"[""immigrants"", ""refugees"", ""asylum seekers"", ""ethnic groups"", ""minority cultures""]",5,1.6703879833221436,False,False,False,False,0.4705882352941176,0.36317044496536255,0.0
topic-10501,americanization,Americanisation,llm_rerank_llama3.2_3b_full,Americanisation,"[""Americanisation"", ""modernisation"", ""cultural adaptation"", ""global culture"", ""international integration""]",5,1.1477904319763184,True,True,True,True,1.0,1.0,1.0
topic-9362,anxiety,worry,llm_rerank_llama3.2_3b_full,emotional exhaustion,"[""emotional exhaustion"", ""stress management"", ""psychological disorders"", ""worry"", ""stress control""]",5,1.7569000720977783,False,True,False,True,1.0,1.0000003576278687,0.25
topic-16802,"Antarctic, Arctic, Polar Regions",polar areas,llm_rerank_llama3.2_3b_full,polar areas,"[""polar areas"", ""natural diversity"", ""spatial economics"", ""power sources"", ""emerging economies""]",5,1.317291498184204,True,True,True,True,1.0,1.0,1.0
topic-1290,"anthropology and philosophy of religion, relation",relationship between anthropology and religious philosophy,llm_rerank_llama3.2_3b_full,relationship between anthropology and religious philosophy,"[""relationship between anthropology and religious philosophy"", ""religious philosophy"", ""cultural philosophy"", ""cross-cultural theology"", ""Christian cultural studies""]",5,1.4428071975708008,True,True,True,True,1.0,1.0,1.0
topic-1291,arabic,Arabian,llm_rerank_llama3.2_3b_full,Arabian,"[""Arabian"", ""Tanakh"", ""Islamic studies"", ""minority languages"", ""linguistic morphology""]",5,1.3783009052276611,True,True,True,True,1.0,1.0,1.0
topic-1292,labour and health,occupational health,llm_rerank_llama3.2_3b_full,occupational health,"[""occupational health"", ""work-related illnesses"", ""health economics"", ""employment conditions"", ""worker participation""]",5,2.09591007232666,True,True,True,True,1.0,1.0,1.0
topic-1293,industrial and organisational psychology,work psychology,llm_rerank_llama3.2_3b_full,industrial psychology,"[""industrial psychology"", ""occupational psychology"", ""work psychology"", ""organizational studies"", ""theoretical psychology""]",5,1.9524157047271729,False,True,True,True,1.0,1.000000238418579,0.3333333333333333
topic-6581,working hours,working time,llm_rerank_llama3.2_3b_full,workweek reduction,"[""workweek reduction"", ""employment conditions"", ""work-life balance"", ""worker participation"", ""employment participation""]",5,1.2467739582061768,False,False,False,False,0.48275862068965514,0.5264949798583984,0.0
topic-1296,labour economics,employment economics,llm_rerank_llama3.2_3b_full,employment economics,"[""employment economics"", ""industrial economics"", ""government economics"", ""national economics"", ""managerial economics""]",5,1.2137112617492676,True,True,True,True,1.0,1.0000001192092896,1.0
topic-2201,labour market,employment market,llm_rerank_llama3.2_3b_full,employment market,"[""employment market"", ""employment economics"", ""employment conditions"", ""employment policy"", ""employment issues""]",5,1.216111660003662,True,True,True,True,1.0,1.0000001192092896,1.0
topic-6603,labour market policy,employment policy,llm_rerank_llama3.2_3b_full,employment policy,"[""employment policy"", ""employment market"", ""employment economics"", ""policy analysis"", ""government economics""]",5,1.2344789505004883,True,True,True,True,1.0,0.9999998807907104,1.0
topic-1298,labour market issues,employment issues,llm_rerank_llama3.2_3b_full,employment issues,"[""employment issues"", ""employment market"", ""employment conditions"", ""employment policy"", ""employment economics""]",5,1.9020087718963623,True,True,True,True,1.0,1.000000238418579,1.0
topic-1299,job motivation,work motivation,llm_rerank_llama3.2_3b_full,work motivation,"[""work motivation"", ""worker participation"", ""employee development"", ""workplace loyalty"", ""employment participation""]",5,1.2211241722106934,True,True,True,True,1.0,1.0000001192092896,1.0
topic-6661,working conditions,employment conditions,llm_rerank_llama3.2_3b_full,employment conditions,"[""employment conditions"", ""employment issues"", ""work-life conflict"", ""employment policy"", ""employment law""]",5,1.1106717586517334,True,True,True,True,1.0,1.0,1.0
topic-1300,work participation,employment participation,llm_rerank_llama3.2_3b_full,worker participation,"[""worker participation"", ""employment participation"", ""collaborative work"", ""labor unions"", ""workweek reduction""]",5,1.2605173587799072,False,True,True,True,1.0,1.0,0.5
topic-1301,labour law,employment law,llm_rerank_llama3.2_3b_full,employment law,"[""employment law"", ""business law"", ""contract law"", ""civil law"", ""economic law""]",5,1.2022249698638916,True,True,True,True,1.0,0.9999999403953552,1.0
topic-1303,reduction of working hours,workweek reduction,llm_rerank_llama3.2_3b_full,workweek reduction,"[""workweek reduction"", ""work-life balance"", ""working time"", ""employment conditions"", ""worker participation""]",5,2.3341000080108643,True,True,True,True,1.0,1.000000238418579,1.0
topic-1302,industrial/labour relations,employment relations,llm_rerank_llama3.2_3b_full,employment relations,"[""employment relations"", ""labor unions"", ""union contracts"", ""employment economics"", ""inter-firm relationships""]",5,1.6288623809814453,True,True,True,True,1.0,0.9999998807907104,1.0
topic-1305,working conditions creation,quality of worklife,llm_rerank_llama3.2_3b_full,employment conditions,"[""employment conditions"", ""employment policy"", ""employment law"", ""employment issues"", ""work quality""]",5,1.201845645904541,False,False,False,False,0.4516129032258065,0.7699531316757202,0.0
topic-1306,labour issues,employment issues,llm_rerank_llama3.2_3b_full,employment issues,"[""employment issues"", ""employment conditions"", ""employment economics"", ""employment participation"", ""worker participation""]",5,1.1406962871551514,True,True,True,True,1.0,1.000000238418579,1.0
topic-4081,arbitration,dispute arbitration,llm_rerank_llama3.2_3b_full,dispute arbitration,"[""dispute arbitration"", ""conflict resolution"", ""dispute resolution"", ""negotiation"", ""judiciary""]",5,2.012021064758301,True,True,True,True,1.0,1.000000238418579,1.0
topic-3937,reasoning,logical argumentation,llm_rerank_llama3.2_3b_full,cognitive psychology,"[""cognitive psychology"", ""mental philosophy"", ""machine intelligence"", ""logical argumentation"", ""theory of knowledge""]",5,1.3070588111877441,False,True,False,True,1.0,1.0000001192092896,0.25
topic-5627,aristoteles,Aristotle,llm_rerank_llama3.2_3b_full,Aristotle,"[""Aristotle"", ""classical language"", ""Koine Greek"", ""ecclesiastical Latin"", ""Teutonic""]",5,1.0065820217132568,True,True,True,True,1.0,1.0,1.0
topic-2517,poverty,destitution,llm_rerank_llama3.2_3b_full,income disparity,"[""income disparity"", ""welfare system"", ""social disparity"", ""economic development"", ""family economics""]",5,1.2365572452545166,False,False,False,False,0.2962962962962963,0.23750784993171692,0.0
topic-2519,asylum seekers,refugees,llm_rerank_llama3.2_3b_full,refugees,"[""refugees"", ""immigrants"", ""survivors"", ""humanitarian aid"", ""welfare""]",5,2.4466991424560547,True,True,True,True,1.0,1.0,1.0
topic-1309,asset liability management,balance sheet management,llm_rerank_llama3.2_3b_full,risk management,"[""risk management"", ""financial management"", ""balance sheet management"", ""financial composition"", ""financial structure""]",5,1.2455205917358398,False,True,True,True,1.0,1.000000238418579,0.3333333333333333
topic-21,attitudes,mindset,llm_rerank_llama3.2_3b_full,mindset,"[""mindset"", ""persuasion"", ""Social understanding"", ""consumer psychology"", ""cognitive psychology""]",5,1.650430679321289,True,True,True,True,1.0,0.9999998807907104,1.0
topic-6701,auditory perception,hearing perception,llm_rerank_llama3.2_3b_full,hearing perception,"[""hearing perception"", ""sensory awareness"", ""psycholinguistics"", ""cognitive psychology"", ""neurocognitive psychology""]",5,1.383720874786377,True,True,True,True,1.0,1.0000001192092896,1.0
topic-3542,augustine,St. Augustine,llm_rerank_llama3.2_3b_full,St. Augustine,"[""St. Augustine"", ""ecclesiastical Latin"", ""Christian history"", ""ecclesiastical history"", ""early theologians""]",5,0.8316495418548584,True,True,True,True,1.0,0.9999999403953552,1.0
topic-1313,automatic language analysis,computational linguistics,llm_rerank_llama3.2_3b_full,language processing systems,"[""language processing systems"", ""automated parsing"", ""computational linguistics"", ""linguistic morphology"", ""machine semantics""]",5,1.8722922801971436,False,True,True,True,1.0,1.0,0.3333333333333333
topic-3966,automation,mechanization,llm_rerank_llama3.2_3b_full,automated learning,"[""automated learning"", ""automated parsing"", ""autonomous learning"", ""smart interfaces"", ""machine intelligence""]",5,1.8924837112426758,False,False,False,False,0.48484848484848486,0.33298829197883606,0.0
topic-1905,autonomy and moral,self-governance and ethics,llm_rerank_llama3.2_3b_full,self-governance,"[""self-governance"", ""moral philosophy"", ""self-governance and ethics"", ""professional ethics"", ""corporate ethics""]",5,1.862905740737915,False,True,True,True,1.0,1.0,0.3333333333333333
topic-2527,bank - firm relationships,financial partnerships,llm_rerank_llama3.2_3b_full,financial partnerships,"[""financial partnerships"", ""inter-firm relationships"", ""financial structure"", ""business finance"", ""financial instruments""]",5,1.882810115814209,True,True,True,True,1.0,1.0,1.0
topic-5721,banking law,financial law,llm_rerank_llama3.2_3b_full,financial regulation,"[""financial regulation"", ""regulatory law"", ""business law"", ""economic law"", ""financial instruments""]",5,1.1409294605255127,False,False,False,False,0.7272727272727273,0.7639672756195068,0.0
topic-1316,banking systems,financial systems,llm_rerank_llama3.2_3b_full,financial systems,"[""financial systems"", ""financial instruments"", ""financial management"", ""financial accounting"", ""financial auditing""]",5,1.1952168941497803,True,True,True,True,1.0,1.000000238418579,1.0
topic-1318,primary education,elementary education,llm_rerank_llama3.2_3b_full,elementary education,"[""elementary education"", ""schooling"", ""linguistic education"", ""native language education"", ""skills training""]",5,1.2488775253295898,True,True,True,True,1.0,1.000000238418579,1.0
topic-5221,bayesian statistics,Bayesian inference,llm_rerank_llama3.2_3b_full,Bayesian inference,"[""Bayesian inference"", ""parameter estimation"", ""statistical mathematics"", ""research methods and statistics"", ""statistical techniques""]",5,1.8563148975372314,True,True,True,True,1.0,1.0000001192092896,1.0
topic-4283,corporate policy and strategy,business strategy,llm_rerank_llama3.2_3b_full,strategic planning,"[""strategic planning"", ""business strategy"", ""marketing strategy"", ""market strategy"", ""commercial policy""]",5,1.38917875289917,False,True,True,True,1.0,1.000000238418579,0.5
topic-1998,business communication and ethics,corporate communication ethics,llm_rerank_llama3.2_3b_full,corporate communication ethics,"[""corporate communication ethics"", ""professional ethics"", ""ethical marketing"", ""ethical management"", ""journalistic ethics""]",5,1.60206937789917,True,True,True,True,1.0,1.0000001192092896,1.0
topic-5551,business modelling,business analytics,llm_rerank_llama3.2_3b_full,financial modeling,"[""financial modeling"", ""economic modeling"", ""business frameworks"", ""business strategy"", ""business analytics""]",5,1.083601713180542,False,True,False,True,1.0,1.0,0.2
topic-1320,business economics,managerial economics,llm_rerank_llama3.2_3b_full,managerial economics,"[""managerial economics"", ""financial economics"", ""global economics"", ""industrial economics"", ""government economics""]",5,1.4757671356201172,True,True,True,True,1.0,1.0000001192092896,1.0
topic-1321,business ethics,corporate ethics,llm_rerank_llama3.2_3b_full,professional ethics,"[""professional ethics"", ""corporate ethics"", ""ethical management"", ""social ethics"", ""healthcare ethics""]",5,1.1487929821014404,False,True,True,True,1.0,1.0000001192092896,0.5
topic-2532,business studies,business administration,llm_rerank_llama3.2_3b_full,business administration,"[""business administration"", ""corporate management"", ""business finance"", ""business creation"", ""business law""]",5,1.1830143928527832,True,True,True,True,1.0,0.9999999403953552,1.0
topic-15222,Firm relocation,business relocation,llm_rerank_llama3.2_3b_full,corporate consolidation,"[""corporate consolidation"", ""reorganisation"", ""business relocation"", ""inter-firm relationships"", ""organizational transformation""]",5,1.2795510292053223,False,True,True,True,1.0,1.000000238418579,0.3333333333333333
topic-7801,companies,businesses,llm_rerank_llama3.2_3b_full,businesses,"[""businesses"", ""corporate management"", ""small businesses"", ""business administration"", ""organizational structure""]",5,1.116356611251831,True,True,True,True,1.0,0.9999998807907104,1.0
topic-8685,bounded rationality,limited rationality,llm_rerank_llama3.2_3b_full,limited rationality,"[""limited rationality"", ""critical analysis"", ""analytical philosophy"", ""meaning analysis"", ""jurisprudence""]",5,1.8603711128234863,True,True,True,True,1.0,1.0000001192092896,1.0
topic-5681,information systems management,IT management,llm_rerank_llama3.2_3b_full,IT management,"[""IT management"", ""information technology"", ""data management"", ""IT administration"", ""information and communication technology""]",5,1.5175020694732666,True,True,True,True,1.0,1.0000001192092896,1.0
topic-2536,taxes,levies,llm_rerank_llama3.2_3b_full,income tax,"[""income tax"", ""value-added tax"", ""company tax"", ""asset tax"", ""fiscal law""]",5,1.1781363487243652,False,False,False,False,0.2857142857142857,0.1613861322402954,0.0
topic-1327,tax law,fiscal law,llm_rerank_llama3.2_3b_full,fiscal law,"[""fiscal law"", ""business law"", ""economic law"", ""financial law"", ""income tax""]",5,1.4453978538513184,True,True,True,True,1.0,1.0,1.0
topic-1328,investment,investing,llm_rerank_llama3.2_3b_full,investing,"[""investing"", ""investment fund"", ""stock market"", ""investment evaluation"", ""financial economics""]",5,1.2254679203033447,True,True,True,True,1.0,1.0,1.0
topic-11441,investor behaviour,Investor psychology,llm_rerank_llama3.2_3b_full,Behavioral finance,"[""Behavioral finance"", ""Investor psychology"", ""financial economics"", ""capital markets"", ""investment theory""]",5,1.1776883602142334,False,True,True,True,1.0,1.0,0.5
topic-6461,mutual fund,investment fund,llm_rerank_llama3.2_3b_full,investment fund,"[""investment fund"", ""shares"", ""stock market"", ""investment funds"", ""financial economics""]",5,1.4121527671813965,True,True,True,True,1.0,1.0000001192092896,1.0
topic-1331,policy evaluation,policy analysis,llm_rerank_llama3.2_3b_full,policy analysis,"[""policy analysis"", ""public policy"", ""investment evaluation"", ""health policy"", ""commercial policy""]",5,1.2249536514282227,True,True,True,True,1.0,1.0,1.0
topic-4681,mediation,conflict resolution,llm_rerank_llama3.2_3b_full,conflict resolution,"[""conflict resolution"", ""dispute resolution"", ""interpersonal process"", ""e-mediation"", ""advocacy""]",5,1.1908481121063232,True,True,True,True,1.0,1.000000238418579,1.0
topic-9022,assertive outreach,proactive engagement,llm_rerank_llama3.2_3b_full,persuasion,"[""persuasion"", ""advocacy"", ""faith-based communication"", ""spiritual counseling"", ""Pastoral Counseling Psychology""]",5,1.746708869934082,False,False,False,False,0.35,0.3671664595603943,0.0
topic-2541,berber language,Tamazight,llm_rerank_llama3.2_3b_full,Regional language and society,"[""Regional language and society"", ""minority languages"", ""Sub-Saharan region"", ""ethnic groups"", ""classical language""]",5,1.3857989311218262,False,False,False,False,0.2962962962962963,0.18395841121673584,0.0
topic-1997,occupational ethics,professional ethics,llm_rerank_llama3.2_3b_full,professional ethics,"[""professional ethics"", ""corporate ethics"", ""ethical management"", ""healthcare ethics"", ""tech ethics""]",5,1.176018238067627,True,True,True,True,1.0,1.0,1.0
topic-15902,Occupational ethics for ministers,ministerial ethics,llm_rerank_llama3.2_3b_full,ministerial ethics,"[""ministerial ethics"", ""professional ethics"", ""social ethics"", ""corporate ethics"", ""healthcare ethics""]",5,1.746568202972412,True,True,True,True,1.0,1.0000001192092896,1.0
topic-4353,occupational diseases,work-related illnesses,llm_rerank_llama3.2_3b_full,work-related illnesses,"[""work-related illnesses"", ""employment conditions"", ""psychological disorders"", ""industrial psychology"", ""work psychology""]",5,1.200066328048706,True,True,True,True,1.0,1.0,1.0
topic-16804,protected species,endangered species,llm_rerank_llama3.2_3b_full,endangered species,"[""endangered species"", ""ecological law"", ""global environmental law"", ""ecological policy"", ""ecological management""]",5,1.9643454551696777,True,True,True,True,1.0,1.0000001192092896,1.0
topic-2542,decision theory,decision analysis,llm_rerank_llama3.2_3b_full,economic theory,"[""economic theory"", ""investment theory"", ""cognitive psychology theory"", ""theory of knowledge"", ""organizational theory""]",5,1.1656792163848877,False,False,False,False,0.375,0.3732936680316925,0.0
topic-2643,decision support systems,decision aid systems,llm_rerank_llama3.2_3b_full,decision aid systems,"[""decision aid systems"", ""decision analysis"", ""knowledge systems"", ""collaborative information systems"", ""information processing""]",5,1.2005953788757324,True,True,True,True,1.0,0.9999998807907104,1.0
topic-6807,decision making,decision process,llm_rerank_llama3.2_3b_full,strategic planning,"[""strategic planning"", ""decision analysis"", ""decision process"", ""mental science"", ""cognitive psychology""]",5,1.1251349449157715,False,True,True,True,1.0,0.9999997615814209,0.3333333333333333
topic-1337,information management and technology,information systems management,llm_rerank_llama3.2_3b_full,information and communication technology,"[""information and communication technology"", ""information technology"", ""information systems management"", ""data management"", ""IT management""]",5,1.5598435401916504,False,True,True,True,1.0,1.000000238418579,0.3333333333333333
topic-1338,administrative reform,bureaucratic reform,llm_rerank_llama3.2_3b_full,bureaucratic reform,"[""bureaucratic reform"", ""reorganisation"", ""public management"", ""administration"", ""regional administration""]",5,1.1365165710449219,True,True,True,True,1.0,1.0,1.0
topic-1340,management of non-profit organisations,non-profit management,llm_rerank_llama3.2_3b_full,non-profit management,"[""non-profit management"", ""public management"", ""ethical management"", ""administrative organisation"", ""corporate management""]",5,1.2584311962127686,True,True,True,True,1.0,1.0000001192092896,1.0
topic-1341,public administration,administrative organisation,llm_rerank_llama3.2_3b_full,administration,"[""administration"", ""public management"", ""business administration"", ""government sector"", ""health care administration""]",5,1.12400484085083,False,False,False,False,0.6829268292682926,0.8032227158546448,0.0
topic-3792,administrative procedural law,administrative litigation,llm_rerank_llama3.2_3b_full,EU administrative law,"[""EU administrative law"", ""legal procedure"", ""business law"", ""local government law"", ""corporate law""]",5,1.1173546314239502,False,False,False,False,0.7391304347826086,0.530184268951416,0.0
topic-1342,administrative law,regulatory law,llm_rerank_llama3.2_3b_full,administration,"[""administration"", ""authority"", ""business administration"", ""local government law"", ""EU administrative law""]",5,1.1221287250518799,False,False,False,False,0.5142857142857142,0.42742490768432617,0.0
topic-8942,consciousness,awareness,llm_rerank_llama3.2_3b_full,self-awareness,"[""self-awareness"", ""awareness"", ""sensory awareness"", ""reflective awareness"", ""unconscious state""]",5,1.4424893856048584,False,True,True,True,1.0,1.0,0.5
topic-2278,bible (studies),biblical studies,llm_rerank_llama3.2_3b_full,biblical studies,"[""biblical studies"", ""Bible interpretation"", ""New Testament studies"", ""Christian Scriptures"", ""theological literature""]",5,0.9587879180908203,True,True,True,True,1.0,1.0,1.0
topic-2332,bible as literature,scriptural literature,llm_rerank_llama3.2_3b_full,biblical studies,"[""biblical studies"", ""scriptural literature"", ""Christian Scriptures"", ""Hebrew Bible"", ""theological literature""]",5,1.5972402095794678,False,True,True,True,1.0,0.9999998807907104,0.5
topic-16882,Bible and culture,scriptural influence on culture,llm_rerank_llama3.2_3b_full,Christian cultural studies,"[""Christian cultural studies"", ""scriptural influence on culture"", ""cross-cultural theology"", ""Christian Scriptures"", ""New Testament studies""]",5,1.5957705974578857,False,True,True,True,1.0,1.0000001192092896,0.5
topic-2330,bible translations,scripture translations,llm_rerank_llama3.2_3b_full,Bible interpretation,"[""Bible interpretation"", ""scripture translations"", ""theological literature"", ""biblical studies"", ""New Testament studies""]",5,1.6860809326171875,False,True,True,True,1.0,1.0,0.5
topic-1344,bible studies; exegesis,Bible interpretation,llm_rerank_llama3.2_3b_full,Bible interpretation,"[""Bible interpretation"", ""Christian Scriptures"", ""theological literature"", ""New Testament studies"", ""Christian history""]",5,1.9157905578613281,True,True,True,True,1.0,1.0,1.0
topic-1346,bible studies; new testament,New Testament studies,llm_rerank_llama3.2_3b_full,biblical studies,"[""biblical studies"", ""New Testament studies"", ""Bible interpretation"", ""Christian Scriptures"", ""scripture translations""]",5,1.2973968982696533,False,True,True,True,1.0,1.0000001192092896,0.5
topic-1348,biodiversity,natural diversity,llm_rerank_llama3.2_3b_full,natural diversity,"[""natural diversity"", ""diversity"", ""cultural diversity"", ""ecological management"", ""native communities""]",5,1.2153253555297852,True,True,True,True,1.0,1.0000001192092896,1.0
topic-12123,"Blanchot, Maurice (1907-2003)",literary philosopher,llm_rerank_llama3.2_3b_full,Jacques Derrida,"[""Jacques Derrida"", ""Friedrich Heinrich Jacobi"", ""city history"", ""historical study"", ""medieval history""]",5,1.0970818996429443,False,False,False,False,0.5625,0.39305993914604187,0.0
topic-1351,urban planning and building law,city planning regulations,llm_rerank_llama3.2_3b_full,city planning regulations,"[""city planning regulations"", ""local government law"", ""Municipal governance"", ""city planning"", ""municipal finance""]",5,1.7757701873779297,True,True,True,True,1.0,0.9999999403953552,1.0
topic-1352,brabant,Brabant region,llm_rerank_llama3.2_3b_full,Brabant region,"[""Brabant region"", ""Brabant heritage"", ""Muslim Communities in the Netherlands"", ""Dutch language"", ""Latvian Republic""]",5,2.1219615936279297,True,True,True,True,1.0,1.0000001192092896,1.0
topic-1402,Letter of James,Epistle of James,llm_rerank_llama3.2_3b_full,Epistle of James,"[""Epistle of James"", ""Matthew, James, and Didache"", ""Didache and the Gospel of Matthew"", ""written works"", ""Friedrich Heinrich Jacobi""]",5,1.1091418266296387,True,True,True,True,1.0,1.0,1.0
topic-1356,law of civil procedure,civil litigation law,llm_rerank_llama3.2_3b_full,civil litigation law,"[""civil litigation law"", ""legal procedure"", ""civil law"", ""business law"", ""criminal procedural law""]",5,1.220646858215332,True,True,True,True,1.0,1.0,1.0
topic-1357,civil law,non-criminal law,llm_rerank_llama3.2_3b_full,contract law,"[""contract law"", ""business law"", ""family law"", ""corporate law"", ""school law""]",5,1.1511375904083252,False,False,False,False,0.5714285714285714,0.5160565376281738,0.0
topic-17103,Citizens Participation,public involvement,llm_rerank_llama3.2_3b_full,Participatory governance,"[""Participatory governance"", ""public involvement"", ""civic community"", ""community governance"", ""worker participation""]",5,1.1960232257843018,False,True,True,True,1.0,1.000000238418579,0.5
topic-13521,citizenship,nationality,llm_rerank_llama3.2_3b_full,nationhood,"[""nationhood"", ""immigrants"", ""refugees"", ""asylum seekers"", ""nationality""]",5,1.5186307430267334,False,True,False,True,1.0,0.9999999403953552,0.2
topic-9901,burnout,exhaustion,llm_rerank_llama3.2_3b_full,emotional exhaustion,"[""emotional exhaustion"", ""exhaustion"", ""tiredness"", ""embarrassment"", ""grieving""]",5,1.5465774536132812,False,True,True,True,1.0,1.0000001192092896,0.5
topic-15463,Business Process Management,process optimization,llm_rerank_llama3.2_3b_full,business administration,"[""business administration"", ""IT management"", ""supply chain management"", ""logistics management"", ""small enterprise management""]",5,1.176163911819458,False,False,False,False,0.5116279069767442,0.31410884857177734,0.0
topic-9783,business transactions,commercial dealings,llm_rerank_llama3.2_3b_full,commercial dealings,"[""commercial dealings"", ""financial instruments"", ""business finance"", ""business creation"", ""businesses""]",5,1.1026995182037354,True,True,True,True,1.0,1.000000238418579,1.0
topic-2564,collective labour agreements,union contracts,llm_rerank_llama3.2_3b_full,union contracts,"[""union contracts"", ""labor unions"", ""employee council"", ""worker participation"", ""global employment law""]",5,2.139338493347168,True,True,True,True,1.0,1.0000001192092896,1.0
topic-2570,central banks,monetary authority,llm_rerank_llama3.2_3b_full,monetary authority,"[""monetary authority"", ""government finance"", ""public finance"", ""financial systems"", ""global financial institution""]",5,1.0638000965118408,True,True,True,True,1.0,0.9999999403953552,1.0
topic-6302,China,People's Republic of China,llm_rerank_llama3.2_3b_full,People's Republic of China,"[""People's Republic of China"", ""emerging economies"", ""regional administration"", ""businesses"", ""global culture""]",5,1.1111979484558105,True,True,True,True,1.0,1.0,1.0
topic-12461,surgery,surgical procedure,llm_rerank_llama3.2_3b_full,surgical procedure,"[""surgical procedure"", ""medical services"", ""advancement"", ""recovery"", ""childbirth""]",5,1.5785884857177734,True,True,True,True,1.0,1.0,1.0
topic-11383,Christian creed,Christian statement of belief,llm_rerank_llama3.2_3b_full,Christian worldview,"[""Christian worldview"", ""Christian unity"", ""Christian history"", ""modern theological themes"", ""applied theology""]",5,1.7976861000061035,False,False,False,False,0.5833333333333333,0.5629814267158508,0.0
topic-4242,christian philosophy,Christian worldview,llm_rerank_llama3.2_3b_full,Christian worldview philosophy,"[""Christian worldview philosophy"", ""Christian worldview"", ""moral philosophy"", ""scientific philosophy"", ""religious philosophy""]",5,0.9442203044891357,False,True,True,True,1.0,1.0,0.5
topic-2304,christian liturgy,Christian worship,llm_rerank_llama3.2_3b_full,Christian worship,"[""Christian worship"", ""liturgical theology"", ""current liturgical practice"", ""Catholic pastoral care"", ""modern theological themes""]",5,1.2237467765808105,True,True,True,True,1.0,1.0,1.0
topic-16544,Christianity and Culture,Christian cultural studies,llm_rerank_llama3.2_3b_full,Christian worldview,"[""Christian worldview"", ""Christian cultural studies"", ""cross-cultural theology"", ""Christian history"", ""religious tradition""]",5,1.4448490142822266,False,True,True,True,1.0,1.0,0.5
topic-181,chronic heart failure,persistent heart failure,llm_rerank_llama3.2_3b_full,persistent heart failure,"[""persistent heart failure"", ""long-term illnesses"", ""emotional exhaustion"", ""exhaustion"", ""tiredness""]",5,1.9384665489196777,True,True,True,True,1.0,1.0000001192092896,1.0
topic-17142,chronic diseases,long-term illnesses,llm_rerank_llama3.2_3b_full,cardiovascular diseases,"[""cardiovascular diseases"", ""long-term illnesses"", ""occupational health"", ""health policy"", ""rehabilitation""]",5,1.190950870513916,False,True,True,True,1.0,1.0,0.5
topic-2577,civil society,civic community,llm_rerank_llama3.2_3b_full,civic community,"[""civic community"", ""social unity"", ""diverse society"", ""social ethics"", ""legal sociology""]",5,1.1534271240234375,True,True,True,True,1.0,1.0,1.0
topic-2582,cognition,mental processes,llm_rerank_llama3.2_3b_full,cognitive psychology,"[""cognitive psychology"", ""language cognition"", ""neurocognitive psychology"", ""mental processes"", ""cognitive studies""]",5,1.2098019123077393,False,True,False,True,1.0,1.0,0.25
topic-4240,cognitive linguistics,language cognition,llm_rerank_llama3.2_3b_full,language cognition,"[""language cognition"", ""language psychology"", ""computational linguistics"", ""linguistic behavior"", ""practical linguistics""]",5,1.818516492843628,True,True,True,True,1.0,0.9999999403953552,1.0
topic-1936,cognitive neuropsychology,neurocognitive psychology,llm_rerank_llama3.2_3b_full,neurocognitive psychology,"[""neurocognitive psychology"", ""brain-behavior science"", ""cognitive psychology"", ""mental science"", ""cognitive decline""]",5,1.293198823928833,True,True,True,True,1.0,1.0000001192092896,1.0
topic-6681,cognitive processes,mental processes,llm_rerank_llama3.2_3b_full,mental processes,"[""mental processes"", ""language cognition"", ""cognitive effort"", ""neurocognitive psychology"", ""brain-behavior science""]",5,1.2699816226959229,True,True,True,True,1.0,1.0,1.0
topic-2584,cognitive science,cognitive studies,llm_rerank_llama3.2_3b_full,cognitive psychology,"[""cognitive psychology"", ""neurocognitive psychology"", ""brain-behavior science"", ""language cognition"", ""mental processes""]",5,1.6669769287109375,False,False,False,False,0.5945945945945945,0.8361703157424927,0.0
topic-6141,collective labour agreements,union contracts,llm_rerank_llama3.2_3b_full,union contracts,"[""union contracts"", ""labor unions"", ""employee council"", ""worker participation"", ""global employment law""]",5,2.0796916484832764,True,True,True,True,1.0,1.0000001192092896,1.0
topic-8941,coma,unconscious state,llm_rerank_llama3.2_3b_full,unconscious state,"[""unconscious state"", ""brain injury"", ""brain bleed"", ""exhaustion"", ""burnout""]",5,1.2368054389953613,True,True,True,True,1.0,1.0,1.0
topic-13041,work-family confict,work-life conflict,llm_rerank_llama3.2_3b_full,work-life conflict,"[""work-life conflict"", ""work-life balance"", ""employment relations"", ""employment conditions"", ""family sociology""]",5,1.0731091499328613,True,True,True,True,1.0,1.0,1.0
topic-2585,combinatorics,combinatorial mathematics,llm_rerank_llama3.2_3b_full,combinatorial mathematics,"[""combinatorial mathematics"", ""computational mathematics"", ""statistical mathematics"", ""coding"", ""collective action problem""]",5,1.3364055156707764,True,True,True,True,1.0,1.0,1.0
topic-1361,communication,information exchange,llm_rerank_llama3.2_3b_full,cross-cultural communication,"[""cross-cultural communication"", ""information and communication technology"", ""speech"", ""interpersonal process"", ""faith-based communication""]",5,1.1371965408325195,False,False,False,False,0.5666666666666667,0.6580581665039062,0.0
topic-1364,communication skills,interpersonal skills,llm_rerank_llama3.2_3b_full,interpersonal skills,"[""interpersonal skills"", ""language skills"", ""cross-cultural communication"", ""reading and writing skills"", ""body language""]",5,1.1667320728302002,True,True,True,True,1.0,1.0000001192092896,1.0
topic-10421,communitarianism,Community-based philosophy,llm_rerank_llama3.2_3b_full,Cooperation,"[""Cooperation"", ""social unity"", ""Christian unity"", ""diverse society"", ""social theories""]",5,1.1822786331176758,False,False,False,False,0.3414634146341463,0.47962674498558044,0.0
topic-16003,Competence development,Capability development,llm_rerank_llama3.2_3b_full,Capability development,"[""Capability development"", ""employee development"", ""talent development"", ""skills training"", ""skill development""]",5,1.1551439762115479,True,True,True,True,1.0,0.9999999403953552,1.0
topic-2591,competition,rivalry,llm_rerank_llama3.2_3b_full,rivalry,"[""rivalry"", ""bidding"", ""negotiation"", ""disputes"", ""service promotion""]",5,1.1419498920440674,True,True,True,True,1.0,0.9999999403953552,1.0
topic-11944,computational semantics,machine semantics,llm_rerank_llama3.2_3b_full,computational linguistics,"[""computational linguistics"", ""language processing systems"", ""machine semantics"", ""computational models"", ""linguistic behavior""]",5,1.6286001205444336,False,True,True,True,1.0,1.0000001192092896,0.3333333333333333
topic-1368,computer crime,cybercrime,llm_rerank_llama3.2_3b_full,cybercrime,"[""cybercrime"", ""criminal code"", ""criminal psychology"", ""criminal procedural law"", ""information technology""]",5,1.2972688674926758,True,True,True,True,1.0,1.0000001192092896,1.0
topic-5801,computer linguistics,computational linguistics,llm_rerank_llama3.2_3b_full,computational linguistics,"[""computational linguistics"", ""language processing systems"", ""linguistic morphology"", ""machine semantics"", ""language science""]",5,1.2449915409088135,True,True,True,True,1.0,1.0,1.0
topic-2596,computer models,computational models,llm_rerank_llama3.2_3b_full,computational modeling,"[""computational modeling"", ""information modeling"", ""computational models"", ""higher-order models"", ""substitution models""]",5,1.6505732536315918,False,True,True,True,1.0,1.0,0.3333333333333333
topic-2598,computer simulation,computational modeling,llm_rerank_llama3.2_3b_full,computational modeling,"[""computational modeling"", ""simulation"", ""computational models"", ""Systems modeling"", ""computing systems""]",5,1.265986680984497,True,True,True,True,1.0,1.0,1.0
topic-1372,computer systems,computing systems,llm_rerank_llama3.2_3b_full,computing systems,"[""computing systems"", ""information technology"", ""interconnected systems"", ""data management systems"", ""language processing systems""]",5,1.188852310180664,True,True,True,True,1.0,1.0,1.0
topic-8021,mediation,conflict resolution,llm_rerank_llama3.2_3b_full,conflict resolution,"[""conflict resolution"", ""dispute resolution"", ""interpersonal process"", ""e-mediation"", ""advocacy""]",5,1.1819515228271484,True,True,True,True,1.0,1.000000238418579,1.0
topic-2110,conflicts,disputes,llm_rerank_llama3.2_3b_full,dispute resolution,"[""dispute resolution"", ""conflict resolution"", ""negotiation"", ""cross-cultural negotiation"", ""Cooperation""]",5,1.1902611255645752,False,False,False,False,0.6153846153846154,0.8041071891784668,0.0
topic-1376,constitutional law,fundamental law,llm_rerank_llama3.2_3b_full,jurisprudence,"[""jurisprudence"", ""legal governance"", ""regulatory law"", ""civil law"", ""judiciary""]",5,1.1588804721832275,False,False,False,False,0.48275862068965514,0.4463057518005371,0.0
topic-1377,constitutional law history,history of constitutional law,llm_rerank_llama3.2_3b_full,history of constitutional law,"[""history of constitutional law"", ""legal history"", ""international legal history"", ""jurisprudence"", ""Empirical jurisprudence""]",5,1.497227430343628,True,True,True,True,1.0,1.0,1.0
topic-3790,constitutional issues,constitutional challenges,llm_rerank_llama3.2_3b_full,constitutional challenges,"[""constitutional challenges"", ""jurisprudence"", ""disputes"", ""public policy"", ""government studies""]",5,0.9079339504241943,True,True,True,True,1.0,1.0000001192092896,1.0
topic-1378,consumer behaviour,buying behavior,llm_rerank_llama3.2_3b_full,buying behavior,"[""buying behavior"", ""behavioral economics"", ""behavior modification"", ""advertising psychology"", ""marketing strategy""]",5,1.154416799545288,True,True,True,True,1.0,0.9999999403953552,1.0
topic-2617,cooperative information systems,collaborative information systems,llm_rerank_llama3.2_3b_full,collaborative information systems,"[""collaborative information systems"", ""collaborative systems"", ""collaborative work"", ""collaborative networks"", ""information exchange""]",5,1.879918098449707,True,True,True,True,1.0,1.0,1.0
topic-2626,cooperative game theory,collaborative game theory,llm_rerank_llama3.2_3b_full,collaborative game theory,"[""collaborative game theory"", ""Cooperation"", ""strategic interaction theory"", ""cooperative learning"", ""team dynamics""]",5,1.819640874862671,True,True,True,True,1.0,1.0,1.0
topic-9921,coping,stress management,llm_rerank_llama3.2_3b_full,stress management,"[""stress management"", ""self-control"", ""well-being"", ""emotional well-being"", ""psychological well-being""]",5,1.2042741775512695,True,True,True,True,1.0,1.0,1.0
topic-1383,corporate governance,corporate management,llm_rerank_llama3.2_3b_full,governance,"[""governance"", ""corporate management"", ""legal governance"", ""community governance"", ""Municipal governance""]",5,1.459165334701538,False,True,True,True,1.0,1.000000238418579,0.5
topic-1384,criminology,criminal science,llm_rerank_llama3.2_3b_full,criminal science,"[""criminal science"", ""transnational criminal law"", ""cybercrime"", ""criminal code"", ""criminal procedural law""]",5,1.4261484146118164,True,True,True,True,1.0,1.0,1.0
topic-1934,cross-cultural research,intercultural research,llm_rerank_llama3.2_3b_full,intercultural research,"[""intercultural research"", ""cross-cultural communication"", ""cross-cultural intelligence"", ""cross-cultural negotiation"", ""intercultural psychology""]",5,1.5013203620910645,True,True,True,True,1.0,1.0,1.0
topic-1386,cross-cultural psychology,intercultural psychology,llm_rerank_llama3.2_3b_full,intercultural psychology,"[""intercultural psychology"", ""cross-cultural communication"", ""cross-cultural intelligence"", ""intercultural research"", ""cross-cultural negotiation""]",5,1.488889217376709,True,True,True,True,1.0,1.0000001192092896,1.0
topic-8882,cultural heritage,cultural legacy,llm_rerank_llama3.2_3b_full,cultural legacy,"[""cultural legacy"", ""cultural diversity"", ""cultural communities"", ""social and cultural history"", ""cultural practices""]",5,1.2323908805847168,True,True,True,True,1.0,0.9999999403953552,1.0
topic-15542,Economics of art and culture,cultural economics,llm_rerank_llama3.2_3b_full,cultural economics,"[""cultural economics"", ""sociology of culture"", ""arts instruction"", ""industrial economics"", ""aesthetics philosophy""]",5,1.5457549095153809,True,True,True,True,1.0,1.0000001192092896,1.0
topic-2631,cultural diversity,cultural variety,llm_rerank_llama3.2_3b_full,diversity,"[""diversity"", ""cultural communities"", ""cross-cultural differences"", ""cultural variety"", ""minority cultures""]",5,1.2375881671905518,False,True,False,True,1.0,1.0,0.25
topic-3466,culture,cultural practices,llm_rerank_llama3.2_3b_full,global culture,"[""global culture"", ""cultural practices"", ""corporate culture"", ""mass culture"", ""cultural communities""]",5,1.845348596572876,False,True,True,True,1.0,1.0000001192092896,0.5
topic-1390,culture and internationalisation,global culture,llm_rerank_llama3.2_3b_full,sociology of culture,"[""sociology of culture"", ""intercultural research"", ""global culture"", ""cultural practices"", ""cultural variety""]",5,1.3140604496002197,False,True,True,True,1.0,1.0,0.3333333333333333
topic-1389,culture in brabant,Brabant heritage,llm_rerank_llama3.2_3b_full,Brabant heritage,"[""Brabant heritage"", ""Regional language and society"", ""cultural practices"", ""Brabant region"", ""sociology of culture""]",5,1.3170816898345947,True,True,True,True,1.0,1.0,1.0
topic-1950,cultural and country differences,cross-cultural differences,llm_rerank_llama3.2_3b_full,cross-cultural differences,"[""cross-cultural differences"", ""cultural diversity"", ""cultural practices"", ""minority cultures"", ""cultural variety""]",5,1.3096575736999512,True,True,True,True,1.0,1.000000238418579,1.0
topic-8881,cultural and social history,social and cultural history,llm_rerank_llama3.2_3b_full,social and cultural history,"[""social and cultural history"", ""cultural legacy"", ""historical study"", ""sociology of culture"", ""local history""]",5,1.6427404880523682,True,True,True,True,1.0,1.0000001192092896,1.0
topic-1561,Art education,arts instruction,llm_rerank_llama3.2_3b_full,arts instruction,"[""arts instruction"", ""elementary education"", ""educational technology"", ""talent development"", ""aesthetics philosophy""]",5,1.209563970565796,True,True,True,True,1.0,0.9999998211860657,1.0
topic-1388,philosophy of culture,cultural philosophy,llm_rerank_llama3.2_3b_full,cultural philosophy,"[""cultural philosophy"", ""sociology of culture"", ""religious philosophy"", ""scriptural influence on culture"", ""cultural practices""]",5,1.6137669086456299,True,True,True,True,1.0,1.000000238418579,1.0
topic-1392,cultural psychology,cross-cultural psychology,llm_rerank_llama3.2_3b_full,cross-cultural psychology,"[""cross-cultural psychology"", ""intercultural psychology"", ""sociology of culture"", ""global culture"", ""cultural practices""]",5,1.4928030967712402,True,True,True,True,1.0,1.0,1.0
topic-1393,cultural sociology,sociology of culture,llm_rerank_llama3.2_3b_full,sociology of culture,"[""sociology of culture"", ""cultural practices"", ""cultural philosophy"", ""cultural communities"", ""cultural economics""]",5,1.002737283706665,True,True,True,True,1.0,1.0,1.0
topic-1928,cultureral differences,cultural diversity,llm_rerank_llama3.2_3b_full,cross-cultural differences,"[""cross-cultural differences"", ""cultural diversity"", ""cultural variety"", ""cultural practices"", ""scriptural influence on culture""]",5,1.2761554718017578,False,True,True,True,1.0,1.0000001192092896,0.5
topic-2636,data mining,data analysis,llm_rerank_llama3.2_3b_full,business analytics,"[""business analytics"", ""data analysis"", ""automated learning"", ""learning techniques"", ""statistical techniques""]",5,2.553954839706421,False,True,True,True,1.0,0.9999999403953552,0.5
topic-2637,data warehouse,data repository,llm_rerank_llama3.2_3b_full,business analytics,"[""business analytics"", ""data repository"", ""data analysis"", ""data management systems"", ""data repositories""]",5,1.1552493572235107,False,True,True,True,1.0,1.0,0.5
topic-1395,databases,data repositories,llm_rerank_llama3.2_3b_full,data management,"[""data management"", ""data repository"", ""data repositories"", ""data analysis"", ""information processing""]",5,1.417168378829956,False,True,True,True,1.0,1.0,0.3333333333333333
topic-1397,decentralization,devolution,llm_rerank_llama3.2_3b_full,self-governance,"[""self-governance"", ""Consensus-based democracy"", ""Participatory governance"", ""community governance"", ""Cooperation""]",5,1.645517349243164,False,False,False,False,0.4761904761904761,0.36118897795677185,0.0
topic-5637,deconstruction,critical analysis,llm_rerank_llama3.2_3b_full,radical critique,"[""radical critique"", ""reorganisation"", ""devolution"", ""bureaucratic reform"", ""deregulation""]",5,1.3033592700958252,False,False,False,False,0.4242424242424242,0.29819923639297485,0.0
topic-2327,dementia,cognitive decline,llm_rerank_llama3.2_3b_full,cognitive decline,"[""cognitive decline"", ""cognitive psychology"", ""cognitive studies"", ""psychological disorders"", ""brain injury""]",5,1.212871789932251,True,True,True,True,1.0,1.0,1.0
topic-1398,democracy,popular government,llm_rerank_llama3.2_3b_full,self-governance,"[""self-governance"", ""popular government"", ""Consensus-based democracy"", ""Participatory governance"", ""governance""]",5,1.4179978370666504,False,True,True,True,1.0,1.0,0.5
topic-1399,demography,population studies,llm_rerank_llama3.2_3b_full,population studies,"[""population studies"", ""population aging"", ""economic statistics"", ""family economics"", ""retirement economics""]",5,1.1385424137115479,True,True,True,True,1.0,0.9999998807907104,1.0
topic-7761,depression,melancholy,llm_rerank_llama3.2_3b_full,emotional exhaustion,"[""emotional exhaustion"", ""grieving"", ""prenatal depression"", ""baby mental health"", ""health psychology""]",5,1.235743522644043,False,False,False,False,0.5185185185185186,0.5490584373474121,0.0
topic-1949,depression during pregnancy,prenatal depression,llm_rerank_llama3.2_3b_full,prenatal depression,"[""prenatal depression"", ""emotional exhaustion"", ""mental health and spirituality"", ""emotional well-being"", ""psychological disorders""]",5,1.883500576019287,True,True,True,True,1.0,0.9999999403953552,1.0
topic-1400,third world,developing countries,llm_rerank_llama3.2_3b_full,developing countries,"[""developing countries"", ""East Europe"", ""global culture"", ""global commerce"", ""global economics""]",5,1.1481492519378662,True,True,True,True,1.0,1.0000001192092896,1.0
topic-2645,derivatives,financial instruments,llm_rerank_llama3.2_3b_full,financial derivatives,"[""financial derivatives"", ""capital markets"", ""development"", ""simplification"", ""operational analysis""]",5,1.5435805320739746,False,False,False,False,0.6666666666666667,0.4997473359107971,0.0
topic-4327,Derrida,Jacques Derrida,llm_rerank_llama3.2_3b_full,Jacques Derrida,"[""Jacques Derrida"", ""Tamazight"", ""Arabian"", ""Castilian"", ""Teutonic""]",5,0.9415490627288818,True,True,True,True,1.0,1.0,1.0
topic-17143,Diabetic disease,blood sugar disorder,llm_rerank_llama3.2_3b_full,blood sugar disorder,"[""blood sugar disorder"", ""seizure disorder"", ""long-term illnesses"", ""disease study"", ""cardiovascular diseases""]",5,1.2795617580413818,True,True,True,True,1.0,0.9999998807907104,1.0
topic-1403,dialect and society,Regional language and society,llm_rerank_llama3.2_3b_full,social linguistics,"[""social linguistics"", ""sociology of culture"", ""cultural communities"", ""linguistic behavior"", ""Regional language and society""]",5,1.1841883659362793,False,True,False,True,1.0,1.0000001192092896,0.2
topic-16823,Didache and James's letter,early Christian texts,llm_rerank_llama3.2_3b_full,Epistle of James,"[""Epistle of James"", ""Matthew, James, and Didache"", ""John the Apostle"", ""Matthew's Gospel"", ""Didache and the Gospel of Matthew""]",5,3.941967725753784,False,False,False,False,0.3783783783783784,0.4904848337173462,0.0
topic-4742,Didache and Matthew's gospel,Didache and the Gospel of Matthew,llm_rerank_llama3.2_3b_full,Didache and the Gospel of Matthew,"[""Didache and the Gospel of Matthew"", ""Matthew's Gospel"", ""Christian Scriptures"", ""New Testament studies"", ""early Christian texts""]",5,1.7850921154022217,True,True,True,True,1.0,1.000000238418579,1.0
topic-4741,didache and early judaism,early Christian teachings and Judaism,llm_rerank_llama3.2_3b_full,early Christian teachings and Judaism,"[""early Christian teachings and Judaism"", ""Matthew, James, and Didache"", ""early theologians"", ""Christian history"", ""ancient Jewish religion""]",5,2.042022705078125,True,True,True,True,1.0,1.0,1.0
topic-16822,"Didache, Matthew's gospel and James's letter",early Christian texts,llm_rerank_llama3.2_3b_full,Matthew's Gospel,"[""Matthew's Gospel"", ""Christian Scriptures"", ""New Testament studies"", ""theological literature"", ""early Christian texts""]",5,1.9714617729187012,False,True,False,True,1.0,1.0,0.2
topic-2652,services marketing,service promotion,llm_rerank_llama3.2_3b_full,service sector,"[""service sector"", ""support services"", ""online services"", ""marketing strategy"", ""businesses""]",5,1.1237668991088867,False,False,False,False,0.6451612903225806,0.6290056705474854,0.0
topic-6202,service industry,service sector,llm_rerank_llama3.2_3b_full,service sector,"[""service sector"", ""support services"", ""online services"", ""medical services"", ""businesses""]",5,1.1240880489349365,True,True,True,True,1.0,1.000000238418579,1.0
topic-4309,digital library,electronic library,llm_rerank_llama3.2_3b_full,electronic library,"[""electronic library"", ""data repository"", ""data repositories"", ""information search"", ""information retrieval system""]",5,1.5781981945037842,True,True,True,True,1.0,1.000000238418579,1.0
topic-1404,digital culture,cyber culture,llm_rerank_llama3.2_3b_full,cyber culture,"[""cyber culture"", ""cultural communities"", ""cultural practices"", ""global culture"", ""corporate culture""]",5,1.1201996803283691,True,True,True,True,1.0,1.0000001192092896,1.0
topic-1405,discrete mathematics,combinatorial mathematics,llm_rerank_llama3.2_3b_full,combinatorial mathematics,"[""combinatorial mathematics"", ""computational mathematics"", ""constructivist mathematics"", ""mathematical foundations"", ""mathematical sciences""]",5,1.2724559307098389,True,True,True,True,1.0,1.0,1.0
topic-5461,diversity in organisations,organizational inclusivity,llm_rerank_llama3.2_3b_full,cultural diversity,"[""cultural diversity"", ""organizational inclusivity"", ""diversity"", ""adaptive organizations"", ""organizational studies""]",5,1.3408219814300537,False,True,True,True,1.0,1.0,0.5
topic-7961,diversity management,inclusion management,llm_rerank_llama3.2_3b_full,inclusion management,"[""inclusion management"", ""cultural diversity"", ""minority communities"", ""mixed organization"", ""diverse society""]",5,1.2237069606781006,True,True,True,True,1.0,1.0,1.0
topic-2662,dividend policy,profit distribution strategy,llm_rerank_llama3.2_3b_full,financial policy,"[""financial policy"", ""policy analysis"", ""budgetary policy"", ""stock management"", ""investment theory""]",5,1.1148617267608643,False,False,False,False,0.3555555555555555,0.4776468873023987,0.0
topic-1407,document retrieval,document search,llm_rerank_llama3.2_3b_full,information search,"[""information search"", ""document search"", ""textual history"", ""language processing systems"", ""electronic library""]",5,2.2749335765838623,False,True,True,True,1.0,1.0,0.5
topic-11385,dogma,doctrine,llm_rerank_llama3.2_3b_full,Christ,"[""Christ"", ""faith"", ""spirit"", ""character"", ""allegories""]",5,0.5462188720703125,False,False,False,False,0.4444444444444444,0.34735751152038574,0.0
topic-1408,dogmatic theology,doctrinal theology,llm_rerank_llama3.2_3b_full,doctrinal theology,"[""doctrinal theology"", ""theological literature"", ""Middle Ages theology"", ""cross-cultural theology"", ""modern theological themes""]",5,1.6459765434265137,True,True,True,True,1.0,1.0,1.0
topic-2318,fallacies and unfair methods of discussion,logical fallacies,llm_rerank_llama3.2_3b_full,logical fallacies,"[""logical fallacies"", ""persuasive speech"", ""conflict resolution"", ""disputes"", ""persuasion""]",5,1.9555981159210205,True,True,True,True,1.0,1.000000238418579,1.0
topic-5126,drugs addiction,substance dependence,llm_rerank_llama3.2_3b_full,substance dependence,"[""substance dependence"", ""rehabilitation"", ""alcohol dependence"", ""substance abuse treatment"", ""compulsive gambling""]",5,1.5891025066375732,True,True,True,True,1.0,1.0,1.0
topic-1409,german,Teutonic,llm_rerank_llama3.2_3b_full,Dutch language,"[""Dutch language"", ""Latvian Republic"", ""minority languages"", ""classical language"", ""the English language""]",5,1.231393814086914,False,False,False,False,0.41666666666666663,0.3274609446525574,0.0
topic-1411,sustainable tourism,eco-friendly tourism,llm_rerank_llama3.2_3b_full,eco-tourism,"[""eco-tourism"", ""ecological management"", ""ecological economics"", ""environmental assessment"", ""ecological policy""]",5,1.7940752506256104,False,False,False,False,0.7096774193548387,0.9409804344177246,0.0
topic-3382,sustainable development,green development,llm_rerank_llama3.2_3b_full,ecological economics,"[""ecological economics"", ""human development"", ""ecological policy"", ""development"", ""green development""]",5,1.1613597869873047,False,True,False,True,1.0,1.0000001192092896,0.2
topic-2667,dynamic game theory,evolving game theory,llm_rerank_llama3.2_3b_full,strategic interaction theory,"[""strategic interaction theory"", ""evolving game theory"", ""collaborative game theory"", ""behavioral economics"", ""economic theory""]",5,1.6415138244628906,False,True,True,True,1.0,1.000000238418579,0.5
topic-2669,e-business,online business,llm_rerank_llama3.2_3b_full,online business,"[""online business"", ""e-commerce"", ""online services"", ""business creation"", ""information exchange""]",5,1.1249232292175293,True,True,True,True,1.0,1.0000001192092896,1.0
topic-2670,e-commerce,online retail,llm_rerank_llama3.2_3b_full,online shopping,"[""online shopping"", ""online retail"", ""online business"", ""internet shopping"", ""global commerce""]",5,1.510072946548462,False,True,True,True,1.0,1.0,0.5
topic-1413,econometrics,economic modeling,llm_rerank_llama3.2_3b_full,economic statistics,"[""economic statistics"", ""economic modeling"", ""behavioral economics"", ""government economics"", ""national economics""]",5,1.1389663219451904,False,True,True,True,1.0,1.0000001192092896,0.5
topic-1414,economics,economic science,llm_rerank_llama3.2_3b_full,economic science,"[""economic science"", ""managerial economics"", ""financial economics"", ""global economics"", ""industrial economics""]",5,1.7536771297454834,True,True,True,True,1.0,1.0,1.0
topic-12881,economics of regulation,regulatory economics,llm_rerank_llama3.2_3b_full,regulatory economics,"[""regulatory economics"", ""industrial economics"", ""financial economics"", ""economic law"", ""government economics""]",5,1.1735308170318604,True,True,True,True,1.0,1.0000001192092896,1.0
topic-5101,economics of innovation,innovation economics,llm_rerank_llama3.2_3b_full,innovation economics,"[""innovation economics"", ""regulatory economics"", ""ecological economics"", ""managerial economics"", ""industrial economics""]",5,1.07783842086792,True,True,True,True,1.0,1.0000001192092896,1.0
topic-1282,general economics,economic theory,llm_rerank_llama3.2_3b_full,global economics,"[""global economics"", ""economic science"", ""government economics"", ""financial economics"", ""industrial economics""]",5,1.5394909381866455,False,False,False,False,0.6451612903225806,0.7527623176574707,0.0
topic-3464,history of economic thought,economic history,llm_rerank_llama3.2_3b_full,economic philosophy,"[""economic philosophy"", ""economic theory"", ""global economics"", ""financial economics"", ""industrial economics""]",5,1.1537394523620605,False,False,False,False,0.8387096774193549,0.6741733551025391,0.0
topic-1416,economic geography,spatial economics,llm_rerank_llama3.2_3b_full,spatial economics,"[""spatial economics"", ""economic development"", ""cultural economics"", ""ecological economics"", ""local economic growth""]",5,1.6690258979797363,True,True,True,True,1.0,1.000000238418579,1.0
topic-2689,economic growth,economic development,llm_rerank_llama3.2_3b_full,economic development,"[""economic development"", ""economic condition"", ""economic modeling"", ""economic theory"", ""economic statistics""]",5,1.1333792209625244,True,True,True,True,1.0,1.0,1.0
topic-1418,psychology of economic behaviour,behavioral economics,llm_rerank_llama3.2_3b_full,behavioral economics,"[""behavioral economics"", ""consumer psychology"", ""Investor psychology"", ""economic philosophy"", ""managerial economics""]",5,1.198768138885498,True,True,True,True,1.0,0.9999998807907104,1.0
topic-6221,economic situation,economic condition,llm_rerank_llama3.2_3b_full,economic condition,"[""economic condition"", ""economic development"", ""economic science"", ""economic theory"", ""economic law""]",5,1.592578411102295,True,True,True,True,1.0,1.0,1.0
topic-2056,EEG,brainwave recording,llm_rerank_llama3.2_3b_full,electromyogram,"[""electromyogram"", ""brain wave test"", ""brain-behavior science"", ""brain injury"", ""seizure disorder""]",5,1.330009937286377,False,False,False,False,0.6470588235294117,0.6226944923400879,0.0
topic-4032,securities law,financial regulation,llm_rerank_llama3.2_3b_full,financial regulation,"[""financial regulation"", ""corporate law"", ""business law"", ""regulatory law"", ""economic law""]",5,1.6998629570007324,True,True,True,True,1.0,1.0000001192092896,1.0
topic-2311,property rights,ownership rights,llm_rerank_llama3.2_3b_full,ownership rights,"[""ownership rights"", ""contract law"", ""civil law"", ""inheritance law"", ""marital property law""]",5,1.1752336025238037,True,True,True,True,1.0,1.0000001192092896,1.0
topic-7721,electroencephalogram,brain wave test,llm_rerank_llama3.2_3b_full,brain wave test,"[""brain wave test"", ""brainwave recording"", ""neural physiology"", ""neurobehavioral science"", ""seizure disorder""]",5,1.7393336296081543,True,True,True,True,1.0,1.0,1.0
topic-1938,electrophysiology,bioelectricity,llm_rerank_llama3.2_3b_full,neural physiology,"[""neural physiology"", ""bioelectricity"", ""neurobehavioral science"", ""muscle electrical recording"", ""brain-behavior science""]",5,2.0820953845977783,False,True,True,True,1.0,1.000000238418579,0.5
topic-2100,electromyography,muscle electrical recording,llm_rerank_llama3.2_3b_full,electromyogram,"[""electromyogram"", ""muscle electrical recording"", ""neural physiology"", ""bioelectricity"", ""brain wave test""]",5,2.710034132003784,False,True,True,True,1.0,1.000000238418579,0.5
topic-15464,Electronic Business,e-commerce,llm_rerank_llama3.2_3b_full,e-commerce,"[""e-commerce"", ""online business"", ""internet technology"", ""information exchange"", ""business creation""]",5,1.1441707611083984,True,True,True,True,1.0,0.9999999403953552,1.0
topic-2701,electronic commerce,online shopping,llm_rerank_llama3.2_3b_full,e-commerce,"[""e-commerce"", ""online shopping"", ""global commerce"", ""internet shopping"", ""online business""]",5,1.6578788757324219,False,True,True,True,1.0,1.0000001192092896,0.5
topic-7722,EMG,electromyogram,llm_rerank_llama3.2_3b_full,electromyogram,"[""electromyogram"", ""muscle electrical recording"", ""IdM"", ""character"", ""worry""]",5,1.7118399143218994,True,True,True,True,1.0,1.0,1.0
topic-1929,emotions,feelings,llm_rerank_llama3.2_3b_full,feelings,"[""feelings"", ""melancholy"", ""grieving"", ""embarrassment"", ""aggression""]",5,1.1921842098236084,True,True,True,True,1.0,1.0,1.0
topic-2067,emotions and health,emotional well-being,llm_rerank_llama3.2_3b_full,emotional well-being,"[""emotional well-being"", ""psychological well-being"", ""health psychology"", ""feelings"", ""baby mental health""]",5,1.2956914901733398,True,True,True,True,1.0,1.0000001192092896,1.0
topic-2064,emotional exhaustion,burnout,llm_rerank_llama3.2_3b_full,exhaustion,"[""exhaustion"", ""burnout"", ""stress control"", ""tiredness"", ""melancholy""]",5,1.3538851737976074,False,True,True,True,1.0,0.9999997615814209,0.5
topic-2705,empirical finance,Experimental finance,llm_rerank_llama3.2_3b_full,quantitative finance,"[""quantitative finance"", ""Experimental finance"", ""financial economics"", ""practical econometrics"", ""Behavioral finance""]",5,1.1651403903961182,False,True,True,True,1.0,1.0,0.5
topic-1426,empirical macroeconomics,data-driven macroeconomics,llm_rerank_llama3.2_3b_full,data-driven macroeconomics,"[""data-driven macroeconomics"", ""economic modeling"", ""financial economics"", ""global economics"", ""individual econometrics""]",5,1.6924667358398438,True,True,True,True,1.0,0.9999998211860657,1.0
topic-1042,Empirical legal studies,Empirical jurisprudence,llm_rerank_llama3.2_3b_full,Empirical jurisprudence,"[""Empirical jurisprudence"", ""legal sociology"", ""Civil law methodology"", ""legal informatics"", ""legal governance""]",5,1.460601806640625,True,True,True,True,1.0,1.0000001192092896,1.0
topic-5321,jurisprudence,legal theory,llm_rerank_llama3.2_3b_full,legal philosophy,"[""legal philosophy"", ""legal theory"", ""legal sociology"", ""legal governance"", ""legal history""]",5,1.1544690132141113,False,True,True,True,1.0,1.0000001192092896,0.5
topic-2712,energy economics,energy markets,llm_rerank_llama3.2_3b_full,energy markets,"[""energy markets"", ""industrial economics"", ""economic science"", ""managerial economics"", ""global economics""]",5,1.1420726776123047,True,True,True,True,1.0,1.0,1.0
topic-2711,energy sources,power sources,llm_rerank_llama3.2_3b_full,power sources,"[""power sources"", ""bioelectricity"", ""farming"", ""facilities"", ""energy markets""]",5,1.145080327987671,True,True,True,True,1.0,1.0000001192092896,1.0
topic-1429,energy problems,energy challenges,llm_rerank_llama3.2_3b_full,energy challenges,"[""energy challenges"", ""workload pressure"", ""power sources"", ""efficiency"", ""exhaustion""]",5,1.2069404125213623,True,True,True,True,1.0,1.000000238418579,1.0
topic-1430,english,the English language,llm_rerank_llama3.2_3b_full,the English language,"[""the English language"", ""language skills"", ""language learning"", ""language science"", ""language psychology""]",5,1.0773506164550781,True,True,True,True,1.0,1.0,1.0
topic-3666,epidemilogy,disease study,llm_rerank_llama3.2_3b_full,disease study,"[""disease study"", ""population studies"", ""study of victims"", ""health economics"", ""public policy""]",5,1.4689431190490723,True,True,True,True,1.0,1.000000238418579,1.0
topic-10401,epilepsy,seizure disorder,llm_rerank_llama3.2_3b_full,seizure disorder,"[""seizure disorder"", ""neuropsychological therapy"", ""brain injury"", ""neuropharmacology"", ""psychological disorders""]",5,2.0576012134552,True,True,True,True,1.0,1.0000001192092896,1.0
topic-1431,law of succession,inheritance law,llm_rerank_llama3.2_3b_full,inheritance law,"[""inheritance law"", ""family law"", ""domestic relations law"", ""civil law"", ""marital property law""]",5,1.8889400959014893,True,True,True,True,1.0,1.000000238418579,1.0
topic-2167,aesthetics,philosophy of beauty,llm_rerank_llama3.2_3b_full,aesthetics philosophy,"[""aesthetics philosophy"", ""philosophy of beauty"", ""work quality"", ""improvement"", ""web design""]",5,1.14577317237854,False,True,True,True,1.0,1.0,0.5
topic-1432,ethics,moral philosophy,llm_rerank_llama3.2_3b_full,professional ethics,"[""professional ethics"", ""healthcare ethics"", ""journalistic ethics"", ""tech ethics"", ""moral philosophy""]",5,1.1527585983276367,False,True,False,True,1.0,0.9999998807907104,0.2
topic-7103,ethnic groups,cultural communities,llm_rerank_llama3.2_3b_full,minority cultures,"[""minority cultures"", ""cultural communities"", ""minority communities"", ""cultural diversity"", ""minority languages""]",5,1.8420205116271973,False,True,True,True,1.0,1.0,0.5
topic-7102,ethnic minority groups,minority communities,llm_rerank_llama3.2_3b_full,minority communities,"[""minority communities"", ""ethnic groups"", ""minority cultures"", ""minority languages"", ""diverse society""]",5,1.2525644302368164,True,True,True,True,1.0,1.0000001192092896,1.0
topic-1435,ethnic minority groups and culture,minority cultures,llm_rerank_llama3.2_3b_full,ethnic groups,"[""ethnic groups"", ""minority cultures"", ""cultural communities"", ""minority languages"", ""cross-cultural support""]",5,1.1440777778625488,False,True,True,True,1.0,1.000000238418579,0.5
topic-13901,Ethnographic research,ethnographics,llm_rerank_llama3.2_3b_full,intercultural research,"[""intercultural research"", ""research methods"", ""cross-cultural communication"", ""social and cultural history"", ""historical study""]",5,1.2709934711456299,False,False,False,False,0.41379310344827597,0.5429854989051819,0.0
topic-5968,European Public Procurement Law,EU procurement regulations,llm_rerank_llama3.2_3b_full,EU procurement regulations,"[""EU procurement regulations"", ""EU legislation"", ""EU administrative law"", ""global public law"", ""procurement management""]",5,1.262418508529663,True,True,True,True,1.0,0.9999999403953552,1.0
topic-1438,european tax law,EU tax regulations,llm_rerank_llama3.2_3b_full,EU tax regulations,"[""EU tax regulations"", ""EU legislation"", ""EU private law"", ""global tax law"", ""EU administrative law""]",5,2.1381139755249023,True,True,True,True,1.0,1.0,1.0
topic-10221,European Administrative Law,EU administrative law,llm_rerank_llama3.2_3b_full,EU administrative law,"[""EU administrative law"", ""EU procurement regulations"", ""EU environmental regulations"", ""EU tax regulations"", ""principles of European legal development""]",5,1.179412841796875,True,True,True,True,1.0,1.000000238418579,1.0
topic-1440,european environmental law,EU environmental regulations,llm_rerank_llama3.2_3b_full,EU environmental regulations,"[""EU environmental regulations"", ""environmental protection law"", ""global environmental law"", ""EU legislation"", ""ecological law""]",5,1.9863286018371582,True,True,True,True,1.0,1.0,1.0
topic-1061,European Private Law,EU private law,llm_rerank_llama3.2_3b_full,EU private law,"[""EU private law"", ""EU legislation"", ""economic law"", ""global public law"", ""EU tax regulations""]",5,1.7278306484222412,True,True,True,True,1.0,1.0,1.0
topic-1441,european law,EU legislation,llm_rerank_llama3.2_3b_full,EU private law,"[""EU private law"", ""EU legislation"", ""EU administrative law"", ""EU tax regulations"", ""transnational criminal law""]",5,1.4642820358276367,False,True,True,True,1.0,1.0,0.5
topic-1443,european social security law,European welfare law,llm_rerank_llama3.2_3b_full,European welfare law,"[""European welfare law"", ""EU private law"", ""EU legislation"", ""social contract"", ""global social security law""]",5,1.1672046184539795,True,True,True,True,1.0,1.0,1.0
topic-5561,european convention on human rights,European Human Rights Charter,llm_rerank_llama3.2_3b_full,European Human Rights Charter,"[""European Human Rights Charter"", ""basic rights"", ""principles of European legal development"", ""EU legislation"", ""EU administrative law""]",5,1.670548439025879,True,True,True,True,1.0,1.0,1.0
topic-6384,european monetary union,eurozone,llm_rerank_llama3.2_3b_full,eurozone,"[""eurozone"", ""monetary authority"", ""financial economics"", ""EU legislation"", ""EU politics""]",5,1.194117546081543,True,True,True,True,1.0,1.0,1.0
topic-6764,european politics,EU politics,llm_rerank_llama3.2_3b_full,EU politics,"[""EU politics"", ""Political Groups"", ""European Values Study"", ""principles of European legal development"", ""East Europe""]",5,2.010101795196533,True,True,True,True,1.0,1.0000001192092896,1.0
topic-8825,euthanasia,mercy killing,llm_rerank_llama3.2_3b_full,end-of-life care,"[""end-of-life care"", ""mercy killing"", ""healthcare ethics"", ""unconscious state"", ""medical law""]",5,0.5496771335601807,False,True,True,True,1.0,0.9999998807907104,0.5
topic-2329,gospels,good news,llm_rerank_llama3.2_3b_full,Matthew's Gospel,"[""Matthew's Gospel"", ""Didache and the Gospel of Matthew"", ""early Christian texts"", ""New Testament studies"", ""biblical studies""]",5,2.4266459941864014,False,False,False,False,0.2857142857142857,0.061575233936309814,0.0
topic-2727,evolution,development,llm_rerank_llama3.2_3b_full,linguistic evolution,"[""linguistic evolution"", ""human development"", ""natural diversity"", ""development theories"", ""social theories""]",5,1.4136550426483154,False,False,False,False,0.7857142857142857,0.7086440920829773,0.0
topic-11181,evs,European Values Study,llm_rerank_llama3.2_3b_full,voting system,"[""voting system"", ""decision aid systems"", ""computing systems"", ""risk management"", ""support services""]",5,1.1604838371276855,False,False,False,False,0.3902439024390244,0.2173050343990326,0.0
topic-1448,exegesis,interpretation,llm_rerank_llama3.2_3b_full,New Testament studies,"[""New Testament studies"", ""theological literature"", ""doctrinal theology"", ""applied theology"", ""theological representations""]",5,1.8788013458251953,False,False,False,False,0.5853658536585367,0.3650461435317993,0.0
topic-1449,experimental economics,behavioral economics,llm_rerank_llama3.2_3b_full,behavioral economics,"[""behavioral economics"", ""financial economics"", ""regulatory economics"", ""economic science"", ""individual economics""]",5,1.1250078678131104,True,True,True,True,1.0,0.9999998807907104,1.0
topic-1450,expert systems,knowledge systems,llm_rerank_llama3.2_3b_full,decision aid systems,"[""decision aid systems"", ""knowledge systems"", ""collaborative systems"", ""computing systems"", ""artificial neural networks""]",5,1.2641024589538574,False,True,True,True,1.0,1.0,0.5
topic-1452,external reporting,external disclosure,llm_rerank_llama3.2_3b_full,financial reporting,"[""financial reporting"", ""information exchange"", ""online business"", ""commercial dealings"", ""Yearly report""]",5,2.1975553035736084,False,False,False,False,0.42105263157894735,0.45823389291763306,0.0
topic-2735,extreme value theory,extreme value analysis,llm_rerank_llama3.2_3b_full,extreme value analysis,"[""extreme value analysis"", ""asset valuation"", ""economic condition"", ""critical analysis"", ""investment theory""]",5,0.9304754734039307,True,True,True,True,1.0,1.0000001192092896,1.0
topic-1453,family law,domestic relations law,llm_rerank_llama3.2_3b_full,domestic relations law,"[""domestic relations law"", ""marital property law"", ""inheritance law"", ""family sociology"", ""legal sociology""]",5,1.5793101787567139,True,True,True,True,1.0,1.0,1.0
topic-1456,feminism,women's liberation,llm_rerank_llama3.2_3b_full,women's liberation,"[""women's liberation"", ""gender theology"", ""gender disparities"", ""feminist theology"", ""advocacy""]",5,1.4158530235290527,True,True,True,True,1.0,0.9999999403953552,1.0
topic-1892,feminist theology,gender theology,llm_rerank_llama3.2_3b_full,gender theology,"[""gender theology"", ""women's liberation"", ""liturgical theology"", ""theological representations"", ""modern theological themes""]",5,1.6296730041503906,True,True,True,True,1.0,1.0000001192092896,1.0
topic-7941,film en literature,cinematic literature,llm_rerank_llama3.2_3b_full,cinematic literature,"[""cinematic literature"", ""literary analysis"", ""cinema studies"", ""scriptural literature"", ""written works""]",5,1.5573604106903076,True,True,True,True,1.0,1.0,1.0
topic-1458,film studies,cinema studies,llm_rerank_llama3.2_3b_full,cinema studies,"[""cinema studies"", ""cognitive studies"", ""research methods and statistics"", ""study methods"", ""historical study""]",5,1.153012990951538,True,True,True,True,1.0,0.9999999403953552,1.0
topic-1459,philosophy,wisdom,llm_rerank_llama3.2_3b_full,moral philosophy,"[""moral philosophy"", ""scientific philosophy"", ""religious philosophy"", ""cultural philosophy"", ""Community-based philosophy""]",5,1.3042101860046387,False,False,False,False,0.2727272727272727,0.35511699318885803,0.0
topic-2025,philosophic and christian philosophy of life,Christian worldview philosophy,llm_rerank_llama3.2_3b_full,Christian worldview philosophy,"[""Christian worldview philosophy"", ""Christian worldview"", ""moral philosophy"", ""religious philosophy"", ""existential philosopher""]",5,1.8957335948944092,True,True,True,True,1.0,1.0,1.0
topic-2113,philosophy of cognitive psychology,cognitive psychology theory,llm_rerank_llama3.2_3b_full,philosophy of psychology,"[""philosophy of psychology"", ""neurocognitive psychology"", ""scientific philosophy"", ""mental philosophy"", ""cognitive psychology theory""]",5,1.8793585300445557,False,True,False,True,1.0,0.9999997615814209,0.2
topic-6481,philosophy of culture,cultural philosophy,llm_rerank_llama3.2_3b_full,cultural philosophy,"[""cultural philosophy"", ""sociology of culture"", ""religious philosophy"", ""scriptural influence on culture"", ""cultural practices""]",5,1.620863676071167,True,True,True,True,1.0,1.000000238418579,1.0
topic-1460,philosophy of economy,economic philosophy,llm_rerank_llama3.2_3b_full,economic philosophy,"[""economic philosophy"", ""economic science"", ""financial economics"", ""government economics"", ""individual economics""]",5,1.1654553413391113,True,True,True,True,1.0,0.9999997615814209,1.0
topic-1462,philosophy of mind,mental philosophy,llm_rerank_llama3.2_3b_full,mental philosophy,"[""mental philosophy"", ""cognitive psychology"", ""scientific philosophy"", ""philosophy of psychology"", ""mind-body medicine""]",5,1.5623507499694824,True,True,True,True,1.0,1.000000238418579,1.0
topic-2019,philosophy of ~the state,political theory,llm_rerank_llama3.2_3b_full,moral philosophy,"[""moral philosophy"", ""legal philosophy"", ""economic philosophy"", ""contemporary philosophy history"", ""cultural philosophy""]",5,1.228219747543335,False,False,False,False,0.45714285714285713,0.41979214549064636,0.0
topic-5602,philosophical psychology,philosophy of psychology,llm_rerank_llama3.2_3b_full,philosophy of psychology,"[""philosophy of psychology"", ""cognitive psychology"", ""linguistic philosophy"", ""moral philosophy"", ""theoretical psychology""]",5,2.1720027923583984,True,True,True,True,1.0,0.9999998807907104,1.0
topic-16502,Financial reporting,financial statements,llm_rerank_llama3.2_3b_full,financial statements,"[""financial statements"", ""financial accounting"", ""financial management"", ""financial auditing"", ""financial evaluation""]",5,1.1186833381652832,True,True,True,True,1.0,1.0,1.0
topic-2744,financial intermediation,financial brokerage,llm_rerank_llama3.2_3b_full,financial systems,"[""financial systems"", ""financial instruments"", ""financial management"", ""financial regulation"", ""financial policy""]",5,1.1257641315460205,False,False,False,False,0.6666666666666667,0.6649444699287415,0.0
topic-2747,financial management,fiscal management,llm_rerank_llama3.2_3b_full,business finance,"[""business finance"", ""financial accounting"", ""financial policy"", ""financial systems"", ""financial reporting""]",5,1.361943006515503,False,False,False,False,0.4864864864864865,0.5832080841064453,0.0
topic-2753,financial analysis,financial evaluation,llm_rerank_llama3.2_3b_full,financial evaluation,"[""financial evaluation"", ""financial modeling"", ""financial economics"", ""financial reporting"", ""financial management""]",5,1.1290676593780518,True,True,True,True,1.0,1.0,1.0
topic-2755,financial crisis,economic meltdown,llm_rerank_llama3.2_3b_full,economic meltdown,"[""economic meltdown"", ""governance crisis"", ""government finance"", ""public finance"", ""business finance""]",5,1.1268799304962158,True,True,True,True,1.0,1.0,1.0
topic-2756,financial econometrics,quantitative finance,llm_rerank_llama3.2_3b_full,financial economics,"[""financial economics"", ""economic statistics"", ""financial modeling"", ""financial policy"", ""financial systems""]",5,1.7685894966125488,False,False,False,False,0.41025641025641024,0.6811465620994568,0.0
topic-5548,"financial economics, models",financial modeling,llm_rerank_llama3.2_3b_full,financial modeling,"[""financial modeling"", ""economic modeling"", ""financial policy"", ""financial systems"", ""investment theory""]",5,2.297553777694702,True,True,True,True,1.0,1.0000001192092896,1.0
topic-1467,financial markets,capital markets,llm_rerank_llama3.2_3b_full,capital markets,"[""capital markets"", ""stock market"", ""global finance"", ""financial systems"", ""financial brokerage""]",5,1.10325026512146,True,True,True,True,1.0,1.0,1.0
topic-2565,capital structure,financial composition,llm_rerank_llama3.2_3b_full,financial structure,"[""financial structure"", ""corporate consolidation"", ""business finance"", ""financial composition"", ""governance""]",5,1.151648759841919,False,True,False,True,1.0,1.0,0.25
topic-2762,financial mathematics,quantitative finance,llm_rerank_llama3.2_3b_full,quantitative finance,"[""quantitative finance"", ""financial modeling"", ""financial economics"", ""financial management"", ""financial accounting""]",5,1.1374168395996094,True,True,True,True,1.0,0.9999999403953552,1.0
topic-1469,finance,financial management,llm_rerank_llama3.2_3b_full,financial economics,"[""financial economics"", ""business finance"", ""government finance"", ""financial management"", ""public finance""]",5,1.552896499633789,False,True,False,True,1.0,1.0,0.25
topic-1470,finance,funding,llm_rerank_llama3.2_3b_full,business finance,"[""business finance"", ""global finance"", ""public finance"", ""financial economics"", ""government finance""]",5,1.6394767761230469,False,False,False,False,0.34782608695652173,0.6317538619041443,0.0
topic-1471,corporate finance; international finance,business finance; global finance,llm_rerank_llama3.2_3b_full,business finance,"[""business finance"", ""global finance"", ""global financial institution"", ""financial economics"", ""financial management""]",5,1.429856777191162,False,False,False,False,0.6808510638297872,0.8747637271881104,0.0
topic-2764,fiscal policy,budgetary policy,llm_rerank_llama3.2_3b_full,budgetary policy,"[""budgetary policy"", ""financial policy"", ""government finance"", ""public policy"", ""policy analysis""]",5,1.1557285785675049,True,True,True,True,1.0,1.0,1.0
topic-1474,fiscal economics,public finance,llm_rerank_llama3.2_3b_full,government finance,"[""government finance"", ""financial policy"", ""budgetary policy"", ""government economics"", ""national economics""]",5,1.1287715435028076,False,False,False,False,0.5,0.8045828342437744,0.0
topic-9661,flexicurity,flexible security,llm_rerank_llama3.2_3b_full,flexible security,"[""flexible security"", ""recovery"", ""financial policy"", ""bonding"", ""tension""]",5,3.210684061050415,True,True,True,True,1.0,1.0,1.0
topic-1480,phonology,sound system study,llm_rerank_llama3.2_3b_full,linguistic morphology,"[""linguistic morphology"", ""language science"", ""psycholinguistics"", ""practical linguistics"", ""computational linguistics""]",5,1.809417486190796,False,False,False,False,0.34285714285714286,0.2681725025177002,0.0
topic-581,forensic psychology,criminal psychology,llm_rerank_llama3.2_3b_full,criminal psychology,"[""criminal psychology"", ""cognitive psychology"", ""philosophy of psychology"", ""physiological psychology"", ""theoretical psychology""]",5,1.221520185470581,True,True,True,True,1.0,1.0,1.0
topic-2103,fundamental research,basic research,llm_rerank_llama3.2_3b_full,basic research,"[""basic research"", ""research methods and statistics"", ""study methods"", ""cognitive studies"", ""mental science""]",5,1.1648120880126953,True,True,True,True,1.0,1.0000001192092896,1.0
topic-3000,mergers and acquisitions,corporate consolidation,llm_rerank_llama3.2_3b_full,consolidations,"[""consolidations"", ""corporate consolidation"", ""inter-firm relationships"", ""financial partnerships"", ""strategic partnerships""]",5,2.023216962814331,False,True,True,True,1.0,1.000000238418579,0.5
topic-1486,"mergers, acquisitions and protection",corporate consolidation,llm_rerank_llama3.2_3b_full,global antitrust law,"[""global antitrust law"", ""corporate consolidation"", ""antitrust policy"", ""financial regulation"", ""strategic partnerships""]",5,2.2945327758789062,False,True,True,True,1.0,1.000000238418579,0.5
topic-7704,physiology,biological functions,llm_rerank_llama3.2_3b_full,neural physiology,"[""neural physiology"", ""biological functions"", ""health psychology"", ""mind-body medicine"", ""bioelectricity""]",5,1.6185214519500732,False,True,True,True,1.0,1.0,0.5
topic-2143,birth,childbirth,llm_rerank_llama3.2_3b_full,childbirth,"[""childbirth"", ""development"", ""rebirth"", ""human development"", ""birth rate""]",5,1.0910017490386963,True,True,True,True,1.0,1.000000238418579,1.0
topic-16943,commemoration,remembrance,llm_rerank_llama3.2_3b_full,remembrance,"[""remembrance"", ""ceremonies"", ""religious ceremonies"", ""cultural legacy"", ""heritage and progress""]",5,1.2077255249023438,True,True,True,True,1.0,1.000000238418579,1.0
topic-1488,behaviour,conduct,llm_rerank_llama3.2_3b_full,behavior modification,"[""behavior modification"", ""linguistic behavior"", ""brain-behavior science"", ""behavioral economics"", ""self-control""]",5,1.2075798511505127,False,False,False,False,0.42105263157894735,0.40077245235443115,0.0
topic-2213,behaviour influence,behavior modification,llm_rerank_llama3.2_3b_full,behavior modification,"[""behavior modification"", ""organizational influence"", ""consumer psychology"", ""persuasion"", ""brain-behavior science""]",5,1.2272741794586182,True,True,True,True,1.0,1.0,1.0
topic-11301,behavioral economics,Behavioral finance,llm_rerank_llama3.2_3b_full,consumer psychology,"[""consumer psychology"", ""economic science"", ""financial economics"", ""managerial economics"", ""Behavioral finance""]",5,1.339925765991211,False,True,False,True,1.0,1.0,0.2
topic-7741,mental health,psychological well-being,llm_rerank_llama3.2_3b_full,health psychology,"[""health psychology"", ""psychological care"", ""psychological disorders"", ""emotional well-being"", ""psychological well-being""]",5,1.2139663696289062,False,True,False,True,1.0,1.0000001192092896,0.2
topic-3705,infant mental health,baby mental health,llm_rerank_llama3.2_3b_full,psychological care,"[""psychological care"", ""health psychology"", ""emotional well-being"", ""psychological disorders"", ""mental science""]",5,1.847076416015625,False,False,False,False,0.5,0.5775266885757446,0.0
topic-1489,mental health care,psychological care,llm_rerank_llama3.2_3b_full,health psychology,"[""health psychology"", ""psychological care"", ""spiritual care"", ""mental science"", ""baby mental health""]",5,1.1926496028900146,False,True,True,True,1.0,1.0,0.5
topic-1897,spiritual counseling,spiritual guidance,llm_rerank_llama3.2_3b_full,spiritual guidance,"[""spiritual guidance"", ""spiritual support"", ""spiritual care"", ""spiritual life"", ""spiritual leadership""]",5,1.2535507678985596,True,True,True,True,1.0,1.0000001192092896,1.0
topic-11663,spiritual counseling / pastoral work / soul care,spiritual guidance,llm_rerank_llama3.2_3b_full,spiritual counseling,"[""spiritual counseling"", ""spiritual care"", ""spiritual support"", ""spiritual guidance"", ""spiritual life""]",5,2.3411290645599365,False,True,False,True,1.0,1.0000001192092896,0.25
topic-5687,data banks,data repositories,llm_rerank_llama3.2_3b_full,data repository,"[""data repository"", ""data management systems"", ""data repositories"", ""data management"", ""financial systems""]",5,1.3805603981018066,False,True,True,True,1.0,1.0,0.3333333333333333
topic-1490,memory,recollection,llm_rerank_llama3.2_3b_full,consolidations,"[""consolidations"", ""recollection"", ""remembrance"", ""cognitive effort"", ""information processing""]",5,1.0785365104675293,False,True,True,True,1.0,1.0000001192092896,0.5
topic-2099,facial expressions,facial cues,llm_rerank_llama3.2_3b_full,body language,"[""body language"", ""facial cues"", ""embarrassment"", ""feelings"", ""speech""]",5,1.5334792137145996,False,True,True,True,1.0,1.0,0.5
topic-8141,literacy,reading and writing skills,llm_rerank_llama3.2_3b_full,reading and writing skills,"[""reading and writing skills"", ""language skills"", ""reading difficulties"", ""writing strategies"", ""native language education""]",5,1.8274345397949219,True,True,True,True,1.0,1.0,1.0
topic-7282,"gender studies, theology",feminist theology,llm_rerank_llama3.2_3b_full,feminist theology,"[""feminist theology"", ""cross-cultural theology"", ""modern theological themes"", ""theological literature"", ""applied theology""]",5,1.211944341659546,True,True,True,True,1.0,1.0,1.0
topic-1495,history,historical study,llm_rerank_llama3.2_3b_full,social and cultural history,"[""social and cultural history"", ""legal history"", ""economic history"", ""local history"", ""medieval history""]",5,1.5924410820007324,False,False,False,False,0.5517241379310345,0.630742609500885,0.0
topic-10325,history Persian period,Achaemenid history,llm_rerank_llama3.2_3b_full,Achaemenid history,"[""Achaemenid history"", ""medieval history"", ""social and cultural history"", ""textual history"", ""Islamic studies""]",5,1.6888275146484375,True,True,True,True,1.0,1.0000001192092896,1.0
topic-1862,history of reformation,Reformation history,llm_rerank_llama3.2_3b_full,Reformation history,"[""Reformation history"", ""Christian history"", ""ecclesiastical history"", ""medieval history"", ""Middle Ages theology""]",5,1.9658255577087402,True,True,True,True,1.0,1.0,1.0
topic-16542,History of Christianity,Christian history,llm_rerank_llama3.2_3b_full,Christian history,"[""Christian history"", ""ecclesiastical history"", ""Reformation history"", ""early Christian teachings and Judaism"", ""Christian cultural studies""]",5,1.0279204845428467,True,True,True,True,1.0,1.0000001192092896,1.0
topic-1569,history of church and theology,ecclesiastical history,llm_rerank_llama3.2_3b_full,ecclesiastical history,"[""ecclesiastical history"", ""Christian history"", ""theological literature"", ""Reformation history"", ""doctrinal theology""]",5,1.5498552322387695,True,True,True,True,1.0,1.0,1.0
topic-9981,dispute resolution,conflict resolution,llm_rerank_llama3.2_3b_full,conflict resolution,"[""conflict resolution"", ""negotiation"", ""disputes"", ""equitable justice"", ""jurisprudence""]",5,1.4508991241455078,True,True,True,True,1.0,1.000000238418579,1.0
topic-13722,Communication Skills,interpersonal skills,llm_rerank_llama3.2_3b_full,interpersonal skills,"[""interpersonal skills"", ""language skills"", ""cross-cultural communication"", ""reading and writing skills"", ""body language""]",5,1.144101858139038,True,True,True,True,1.0,1.0000001192092896,1.0
topic-1497,violence,aggression,llm_rerank_llama3.2_3b_full,aggression,"[""aggression"", ""extremism"", ""hostility"", ""disputes"", ""criminal psychology""]",5,1.3637213706970215,True,True,True,True,1.0,1.000000238418579,1.0
topic-7222,families,households,llm_rerank_llama3.2_3b_full,households,"[""households"", ""family sociology"", ""family law"", ""ethnic groups"", ""cultural communities""]",5,1.1396360397338867,True,True,True,True,1.0,1.0,1.0
topic-7221,sociology of the family,family sociology,llm_rerank_llama3.2_3b_full,family sociology,"[""family sociology"", ""sociology of culture"", ""sociology of organizations"", ""educational sociology"", ""religious sociology""]",5,1.581420660018921,True,True,True,True,1.0,1.0000001192092896,1.0
topic-6741,health,well-being,llm_rerank_llama3.2_3b_full,quality of life,"[""quality of life"", ""well-being after cardiovascular diseases"", ""occupational health"", ""health care quality"", ""health economics""]",5,1.436288595199585,False,False,False,False,0.4,0.5914768576622009,0.0
topic-1500,health law,medical law,llm_rerank_llama3.2_3b_full,health policy,"[""health policy"", ""medical law"", ""civil law"", ""family law"", ""school law""]",5,1.1344153881072998,False,True,True,True,1.0,1.0000001192092896,0.5
topic-2787,health care,medical services,llm_rerank_llama3.2_3b_full,medical services,"[""medical services"", ""health policy"", ""health services management"", ""health economics"", ""health care administration""]",5,1.1690773963928223,True,True,True,True,1.0,1.0,1.0
topic-7001,health care economics,health economics,llm_rerank_llama3.2_3b_full,health economics,"[""health economics"", ""health care quality"", ""health care administration"", ""global economics"", ""government economics""]",5,1.1488754749298096,True,True,True,True,1.0,1.0,1.0
topic-7202,health care management,health services management,llm_rerank_llama3.2_3b_full,health care administration,"[""health care administration"", ""health services management"", ""coordinated care"", ""care models"", ""health policy""]",5,1.1843667030334473,False,True,True,True,1.0,1.0,0.5
topic-7201,health care organisation,health services management,llm_rerank_llama3.2_3b_full,health care administration,"[""health care administration"", ""health services management"", ""coordinated care"", ""care models"", ""health policy""]",5,1.6996724605560303,False,True,True,True,1.0,1.0,0.5
topic-1502,health care strategy and management,health care administration,llm_rerank_llama3.2_3b_full,health care administration,"[""health care administration"", ""health services management"", ""coordinated care"", ""health care quality"", ""strategic planning""]",5,1.2233405113220215,True,True,True,True,1.0,1.000000238418579,1.0
topic-9024,health care policy,health policy,llm_rerank_llama3.2_3b_full,health policy,"[""health policy"", ""public policy"", ""policy analysis"", ""health economics"", ""employment policy""]",5,1.861039161682129,True,True,True,True,1.0,1.0,1.0
topic-2792,globalisation,international integration,llm_rerank_llama3.2_3b_full,global economics,"[""global economics"", ""global commerce"", ""global management"", ""global finance"", ""global culture""]",5,1.6665916442871094,False,False,False,False,0.41025641025641024,0.48247388005256653,0.0
topic-11664,images of god en men,theological representations,llm_rerank_llama3.2_3b_full,conceptions of God,"[""conceptions of God"", ""divinity studies"", ""theological literature"", ""gender theology"", ""feminist theology""]",5,1.989408254623413,False,False,False,False,0.653061224489796,0.7825520634651184,0.0
topic-2083,images of god,conceptions of God,llm_rerank_llama3.2_3b_full,conceptions of God,"[""conceptions of God"", ""theological representations"", ""divinity studies"", ""modern theological themes"", ""Christian worship""]",5,1.2254047393798828,True,True,True,True,1.0,0.9999999403953552,1.0
topic-1504,religion,faith,llm_rerank_llama3.2_3b_full,faith,"[""faith"", ""spiritual life"", ""religious tradition"", ""Christian worship"", ""religious studies""]",5,1.1541306972503662,True,True,True,True,1.0,1.0,1.0
topic-1506,psychology of religion and pastoral psychology,religious psychology,llm_rerank_llama3.2_3b_full,Pastoral Counseling Psychology,"[""Pastoral Counseling Psychology"", ""religious psychology"", ""mental health and spirituality"", ""spiritual counseling"", ""religious philosophy""]",5,1.1533019542694092,False,True,True,True,1.0,1.0000001192092896,0.5
topic-1507,religion and pastoral sociology,religious sociology,llm_rerank_llama3.2_3b_full,sociology of pastoral care,"[""sociology of pastoral care"", ""religious sociology"", ""religious psychology"", ""religious studies"", ""Christian cultural studies""]",5,2.239553451538086,False,True,True,True,1.0,1.0000001192092896,0.5
topic-1505,religions; phenomenology,religious studies,llm_rerank_llama3.2_3b_full,religious philosophy,"[""religious philosophy"", ""religious studies"", ""divinity studies"", ""religious education theory"", ""cross-cultural theology""]",5,1.7552087306976318,False,True,True,True,1.0,1.0,0.5
topic-4251,philosophy of religion,religious philosophy,llm_rerank_llama3.2_3b_full,religious philosophy,"[""religious philosophy"", ""relationship between anthropology and religious philosophy"", ""religious sociology"", ""Christian worldview philosophy"", ""religious education theory""]",5,2.0159759521484375,True,True,True,True,1.0,0.9999998807907104,1.0
topic-1508,pedagogy of religion,religious education theory,llm_rerank_llama3.2_3b_full,religious education theory,"[""religious education theory"", ""divinity studies"", ""applied theology"", ""religious philosophy"", ""religious sociology""]",5,1.2540879249572754,True,True,True,True,1.0,1.0000001192092896,1.0
topic-1894,"divinity, contemporary themes of",modern theological themes,llm_rerank_llama3.2_3b_full,modern theological themes,"[""modern theological themes"", ""theological literature"", ""applied theology"", ""liturgical theology"", ""doctrinal theology""]",5,1.7481813430786133,True,True,True,True,1.0,1.0,1.0
topic-2046,gods call,divine vocation,llm_rerank_llama3.2_3b_full,divine vocation,"[""divine vocation"", ""Christian worship"", ""conceptions of God"", ""Christ"", ""faith""]",5,1.754615068435669,True,True,True,True,1.0,1.000000238418579,1.0
topic-2794,gambling,betting,llm_rerank_llama3.2_3b_full,compulsive gambling,"[""compulsive gambling"", ""betting"", ""investing"", ""stock market"", ""quantitative finance""]",5,1.8579106330871582,False,True,True,True,1.0,1.000000238418579,0.5
topic-1978,gambling addiction,compulsive gambling,llm_rerank_llama3.2_3b_full,compulsive gambling,"[""compulsive gambling"", ""substance dependence"", ""alcohol dependence"", ""investing"", ""Behavioral finance""]",5,2.01957106590271,True,True,True,True,1.0,1.000000238418579,1.0
topic-2091,gregorian,plainchant,llm_rerank_llama3.2_3b_full,ecclesiastical Latin,"[""ecclesiastical Latin"", ""liturgical theology"", ""ecclesiastical authority"", ""ecclesiastical history"", ""clerical ministry""]",5,1.6518826484680176,False,False,False,False,0.4444444444444444,0.22877435386180878,0.0
topic-1510,greek,Koine Greek,llm_rerank_llama3.2_3b_full,Koine Greek,"[""Koine Greek"", ""classical language"", ""ancient Hebrew"", ""Anatolian"", ""ecclesiastical Latin""]",5,1.8970954418182373,True,True,True,True,1.0,1.0000001192092896,1.0
topic-1511,growth theories,development theories,llm_rerank_llama3.2_3b_full,organizational growth,"[""organizational growth"", ""economic development"", ""development theories"", ""local economic growth"", ""investment theory""]",5,1.2124357223510742,False,True,True,True,1.0,1.0,0.3333333333333333
topic-2295,group dynamics,team dynamics,llm_rerank_llama3.2_3b_full,team dynamics,"[""team dynamics"", ""sociology of organizations"", ""mixed organization"", ""collective action problem"", ""social hierarchy""]",5,1.200225591659546,True,True,True,True,1.0,1.000000238418579,1.0
topic-2800,group support systems,collaborative systems,llm_rerank_llama3.2_3b_full,collaborative work,"[""collaborative work"", ""support services"", ""group interactions"", ""group dynamics"", ""collaborative systems""]",5,1.2736575603485107,False,True,False,True,1.0,0.9999999403953552,0.2
topic-2146,group processes,group dynamics,llm_rerank_llama3.2_3b_full,group dynamics,"[""group dynamics"", ""team dynamics"", ""group interactions"", ""collaborative systems"", ""mixed organization""]",5,1.665219783782959,True,True,True,True,1.0,0.9999998211860657,1.0
topic-3789,fundamental rights,basic rights,llm_rerank_llama3.2_3b_full,Civil Liberties,"[""Civil Liberties"", ""basic rights"", ""welfare principles"", ""constitutional challenges"", ""authority""]",5,1.175687551498413,False,True,True,True,1.0,0.9999998211860657,0.5
topic-2315,foundations of mathematics,mathematical foundations,llm_rerank_llama3.2_3b_full,mathematical foundations,"[""mathematical foundations"", ""frameworks"", ""business frameworks"", ""computing systems"", ""constructivist mathematics""]",5,1.4842579364776611,True,True,True,True,1.0,0.9999999403953552,1.0
topic-2079,fundamentals of psychology,basics of psychology,llm_rerank_llama3.2_3b_full,basics of psychology,"[""basics of psychology"", ""cognitive psychology theory"", ""philosophy of psychology"", ""theoretical psychology"", ""physiological psychology""]",5,1.3022265434265137,True,True,True,True,1.0,0.9999998211860657,1.0
topic-2000,foundations of developments in european law,principles of European legal development,llm_rerank_llama3.2_3b_full,legal theory,"[""legal theory"", ""Empirical jurisprudence"", ""EU legislation"", ""European Human Rights Charter"", ""legal governance""]",5,2.296518564224243,False,False,False,False,0.38095238095238093,0.6969596147537231,0.0
topic-2187,habermas,critical theorist,llm_rerank_llama3.2_3b_full,"Matthew, James, and Didache","[""Matthew, James, and Didache"", ""Didache and the Gospel of Matthew"", ""St. Augustine"", ""Castilian"", ""ceremonies""]",5,1.4630811214447021,False,False,False,False,0.4444444444444444,0.13361218571662903,0.0
topic-3375,trade policy,commercial policy,llm_rerank_llama3.2_3b_full,commercial policy,"[""commercial policy"", ""financial policy"", ""global commerce"", ""regulatory economics"", ""government economics""]",5,1.1485836505889893,True,True,True,True,1.0,0.9999999403953552,1.0
topic-1514,commercial law,business law,llm_rerank_llama3.2_3b_full,business law,"[""business law"", ""contract law"", ""regulatory law"", ""economic law"", ""commercial policy""]",5,1.1140124797821045,True,True,True,True,1.0,1.0000001192092896,1.0
topic-2160,heart and vascular diseases,cardiovascular diseases,llm_rerank_llama3.2_3b_full,cardiovascular diseases,"[""cardiovascular diseases"", ""long-term illnesses"", ""work-related illnesses"", ""persistent heart failure"", ""medical law""]",5,1.8739001750946045,True,True,True,True,1.0,1.000000238418579,1.0
topic-1516,hebrew,ancient Hebrew,llm_rerank_llama3.2_3b_full,Tanakh,"[""Tanakh"", ""Hebrew Bible"", ""ancient Hebrew"", ""contemporary Judaism"", ""biblical studies""]",5,3.9804532527923584,False,True,True,True,1.0,1.0,0.3333333333333333
topic-4237,hebrew bible,Tanakh,llm_rerank_llama3.2_3b_full,Tanakh,"[""Tanakh"", ""Bible interpretation"", ""ancient Hebrew"", ""theological literature"", ""scripture translations""]",5,2.0410139560699463,True,True,True,True,1.0,1.0,1.0
topic-12281,attachment,bonding,llm_rerank_llama3.2_3b_full,conveyance,"[""conveyance"", ""bidding"", ""tension"", ""disposition"", ""arts instruction""]",5,1.1559648513793945,False,False,False,False,0.7142857142857143,0.3157089352607727,0.0
topic-1517,contemporary philosophy; history of,modern philosophy; historical development,llm_rerank_llama3.2_3b_full,modern philosophy; historical development,"[""modern philosophy; historical development"", ""contemporary philosophy history"", ""philosophical texts"", ""religious philosophy"", ""cultural philosophy""]",5,1.9872641563415527,True,True,True,True,1.0,1.000000238418579,1.0
topic-15002,hedge funds,investment funds,llm_rerank_llama3.2_3b_full,investment fund,"[""investment fund"", ""investment funds"", ""financial brokerage"", ""financial partnerships"", ""financial systems""]",5,1.626345157623291,False,True,True,True,1.0,1.0,0.5
topic-2184,hegel,Hegelian philosophy,llm_rerank_llama3.2_3b_full,Hegelian philosophy,"[""Hegelian philosophy"", ""Christian unity"", ""Judeo-Christian relations"", ""St. Augustine"", ""Christian worship""]",5,1.1071512699127197,True,True,True,True,1.0,0.9999999403953552,1.0
topic-2045,Heidegger,existential philosopher,llm_rerank_llama3.2_3b_full,existential philosopher,"[""existential philosopher"", ""Hegelian philosophy"", ""unity"", ""character"", ""levies""]",5,2.6093170642852783,True,True,True,True,1.0,1.0,1.0
topic-4252,hermeneutics,interpretive theory,llm_rerank_llama3.2_3b_full,religious philosophy,"[""religious philosophy"", ""theological literature"", ""applied theology"", ""doctrinal theology"", ""biblical studies""]",5,1.243729591369629,False,False,False,False,0.5142857142857142,0.36857303977012634,0.0
topic-2326,cerebral/brain haemorrhage,brain bleed,llm_rerank_llama3.2_3b_full,brain bleed,"[""brain bleed"", ""brain injury"", ""unconscious state"", ""neurobehavioral science"", ""head cooling""]",5,1.7068262100219727,True,True,True,True,1.0,1.0,1.0
topic-7703,brain,cerebrum,llm_rerank_llama3.2_3b_full,neural physiology,"[""neural physiology"", ""cognitive psychology"", ""neurocognitive psychology"", ""mental science"", ""language cognition""]",5,1.9296526908874512,False,False,False,False,0.2727272727272727,0.19851826131343842,0.0
topic-2052,brain and behaviour,neurobehavioral science,llm_rerank_llama3.2_3b_full,neurocognitive psychology,"[""neurocognitive psychology"", ""cognitive psychology"", ""neurobehavioral science"", ""brain-behavior science"", ""cognitive studies""]",5,1.6983163356781006,False,True,True,True,1.0,1.0,0.3333333333333333
topic-8944,brain damage,brain injury,llm_rerank_llama3.2_3b_full,brain injury,"[""brain injury"", ""cognitive decline"", ""neuropharmacology"", ""neural physiology"", ""brain bleed""]",5,1.9989044666290283,True,True,True,True,1.0,0.9999998211860657,1.0
topic-15523,recovery (in long term psychiatry),rehabilitation,llm_rerank_llama3.2_3b_full,rehabilitation,"[""rehabilitation"", ""neuropsychological therapy"", ""health psychology"", ""talk therapy"", ""psychological care""]",5,1.3490028381347656,True,True,True,True,1.0,1.0,1.0
topic-5044,scalp cooling,head cooling,llm_rerank_llama3.2_3b_full,head cooling,"[""head cooling"", ""stress control"", ""confidence"", ""psychological care"", ""basic research""]",5,1.1466000080108643,True,True,True,True,1.0,1.0,1.0
topic-5630,horkheimer,Frankfurt School theorist,llm_rerank_llama3.2_3b_full,Marxism,"[""Marxism"", ""Levinasian philosophy"", ""Jacques Derrida"", ""Friedrich Heinrich Jacobi"", ""Jacob""]",5,0.7427022457122803,False,False,False,False,0.4,0.48960983753204346,0.0
topic-7421,household economics,family economics,llm_rerank_llama3.2_3b_full,family economics,"[""family economics"", ""financial economics"", ""employment economics"", ""behavioral economics"", ""households""]",5,1.2290077209472656,True,True,True,True,1.0,1.0,1.0
topic-1519,assistance,support services,llm_rerank_llama3.2_3b_full,guidance,"[""guidance"", ""welfare"", ""humanitarian aid"", ""funding"", ""advocacy""]",5,1.885636329650879,False,False,False,False,0.33333333333333337,0.4562757611274719,0.0
topic-9122,human resource development,talent development,llm_rerank_llama3.2_3b_full,human development,"[""human development"", ""skill development"", ""talent development"", ""Capability development"", ""employee development""]",5,1.3834686279296875,False,True,True,True,1.0,1.0000001192092896,0.3333333333333333
topic-2264,human resource management,personnel management,llm_rerank_llama3.2_3b_full,global HR management,"[""global HR management"", ""corporate management"", ""personnel management"", ""organizational studies"", ""administrative organisation""]",5,1.184262990951538,False,True,True,True,1.0,1.0000001192092896,0.3333333333333333
topic-1898,humanitarian intervention,humanitarian aid,llm_rerank_llama3.2_3b_full,charitable organizations,"[""charitable organizations"", ""volunteer service"", ""assistance"", ""welfare"", ""refugees""]",5,1.1943769454956055,False,False,False,False,0.5,0.611675500869751,0.0
topic-1520,law governing matrimonial property rights,marital property law,llm_rerank_llama3.2_3b_full,family law,"[""family law"", ""domestic relations law"", ""marital property law"", ""civil law"", ""inheritance law""]",5,1.2530736923217773,False,True,True,True,1.0,1.0000001192092896,0.3333333333333333
topic-8461,hybrid organization,mixed organization,llm_rerank_llama3.2_3b_full,mixed organization,"[""mixed organization"", ""administrative organisation"", ""organizational structure"", ""adaptive organizations"", ""organizational inclusivity""]",5,1.943617820739746,True,True,True,True,1.0,1.0,1.0
topic-7321,hyperactivity,overactivity,llm_rerank_llama3.2_3b_full,overactivity,"[""overactivity"", ""health psychology"", ""behavior modification"", ""brain-behavior science"", ""physiological psychology""]",5,1.7387781143188477,True,True,True,True,1.0,1.0,1.0
topic-2814,ict,information and communication technology,llm_rerank_llama3.2_3b_full,information and communication technology,"[""information and communication technology"", ""information technology"", ""internet technology"", ""human-computer interaction"", ""IT administration""]",5,1.8331289291381836,True,True,True,True,1.0,1.0000001192092896,1.0
topic-9641,ICT and labour,digital labor,llm_rerank_llama3.2_3b_full,information and communication technology,"[""information and communication technology"", ""digital labor"", ""worker participation"", ""employment economics"", ""information exchange""]",5,1.1015708446502686,False,True,True,True,1.0,1.0,0.5
topic-2815,ict in education,educational technology,llm_rerank_llama3.2_3b_full,information and communication technology,"[""information and communication technology"", ""educational technology"", ""internet technology"", ""IT management"", ""schooling""]",5,1.3470702171325684,False,True,True,True,1.0,0.9999998211860657,0.5
topic-5805,ict management,IT administration,llm_rerank_llama3.2_3b_full,IT management,"[""IT management"", ""information systems management"", ""information technology"", ""data management"", ""internet technology""]",5,1.7648289203643799,False,False,False,False,0.4666666666666666,0.7745037078857422,0.0
topic-4165,identity,self-concept,llm_rerank_llama3.2_3b_full,IdM,"[""IdM"", ""nationality"", ""authority"", ""character"", ""awareness""]",5,1.1610593795776367,False,False,False,False,0.2857142857142857,0.41393598914146423,0.0
topic-10263,identity management,IdM,llm_rerank_llama3.2_3b_full,personnel management,"[""personnel management"", ""information systems management"", ""administrative organisation"", ""corporate management"", ""financial management""]",5,1.2036306858062744,False,False,False,False,0.17391304347826086,0.33986732363700867,0.0
topic-3401,imf,international financial institution,llm_rerank_llama3.2_3b_full,international financial institution,"[""international financial institution"", ""global financial institution"", ""investment fund"", ""investment funds"", ""financial policy""]",5,1.205786943435669,True,True,True,True,1.0,1.000000238418579,1.0
topic-8002,inculturation,cultural adaptation,llm_rerank_llama3.2_3b_full,cultural adaptation,"[""cultural adaptation"", ""rebirth"", ""self-awareness"", ""contemplation"", ""disposition""]",5,1.137174129486084,True,True,True,True,1.0,1.0,1.0
topic-2151,industrial networks,industrial connections,llm_rerank_llama3.2_3b_full,interconnected systems,"[""interconnected systems"", ""collaborative networks"", ""network analysis"", ""industrial connections"", ""industrial economics""]",5,1.1322457790374756,False,True,False,True,1.0,1.000000238418579,0.25
topic-1522,industrial organization,industrial economics,llm_rerank_llama3.2_3b_full,organizational structure,"[""organizational structure"", ""administrative organisation"", ""corporate management"", ""mixed organization"", ""adaptive organizations""]",5,1.2473199367523193,False,False,False,False,0.46808510638297873,0.40209826827049255,0.0
topic-5621,computer science and ethics,ethical computing,llm_rerank_llama3.2_3b_full,ethical computing,"[""ethical computing"", ""tech ethics"", ""corporate ethics"", ""professional ethics"", ""social ethics""]",5,1.0716984272003174,True,True,True,True,1.0,1.0,1.0
topic-1525,computer science law,IT law,llm_rerank_llama3.2_3b_full,IT law,"[""IT law"", ""legal informatics"", ""data law"", ""corporate law"", ""economic law""]",5,1.9863383769989014,True,True,True,True,1.0,1.0000001192092896,1.0
topic-2340,information and communication technology in education,educational technology,llm_rerank_llama3.2_3b_full,information and communication technology,"[""information and communication technology"", ""educational technology"", ""information technology"", ""internet technology"", ""voice technology""]",5,2.7195167541503906,False,True,True,True,1.0,0.9999998211860657,0.5
topic-1526,information management,data management,llm_rerank_llama3.2_3b_full,information systems management,"[""information systems management"", ""IT management"", ""data management systems"", ""data management"", ""information technology""]",5,1.6062910556793213,False,True,False,True,1.0,1.0000001192092896,0.25
topic-2827,information processes,information processing,llm_rerank_llama3.2_3b_full,information processing,"[""information processing"", ""information exchange"", ""information and communication technology"", ""information systems management"", ""information modeling""]",5,1.1932053565979004,True,True,True,True,1.0,0.9999998807907104,1.0
topic-1527,information law,data law,llm_rerank_llama3.2_3b_full,IT law,"[""IT law"", ""data law"", ""corporate law"", ""business law"", ""legal informatics""]",5,1.1465706825256348,False,True,True,True,1.0,1.0000001192092896,0.5
topic-1528,information systems,data management systems,llm_rerank_llama3.2_3b_full,information technology,"[""information technology"", ""information systems management"", ""computing systems"", ""data management systems"", ""information and communication technology""]",5,1.4523389339447021,False,True,False,True,1.0,1.0,0.25
topic-16722,Information Systems Management,IT management,llm_rerank_llama3.2_3b_full,IT management,"[""IT management"", ""information technology"", ""data management"", ""IT administration"", ""information and communication technology""]",5,1.7707643508911133,True,True,True,True,1.0,1.0000001192092896,1.0
topic-1529,information technology,IT,llm_rerank_llama3.2_3b_full,information and communication technology,"[""information and communication technology"", ""information systems management"", ""collaborative information systems"", ""technology oversight"", ""internet technology""]",5,1.1985619068145752,False,False,False,False,0.19047619047619047,0.2117060422897339,0.0
topic-2054,data processing,information processing,llm_rerank_llama3.2_3b_full,information processing,"[""information processing"", ""data management"", ""data analysis"", ""business analytics"", ""decision analysis""]",5,1.1538753509521484,True,True,True,True,1.0,1.0,1.0
topic-6183,information retrieval,information search,llm_rerank_llama3.2_3b_full,information retrieval system,"[""information retrieval system"", ""information search"", ""text analysis"", ""document search"", ""information processing""]",5,1.7619011402130127,False,True,True,True,1.0,1.0,0.5
topic-3109,infrastructure,facilities,llm_rerank_llama3.2_3b_full,interconnected systems,"[""interconnected systems"", ""facilities"", ""credit infrastructure"", ""institutions"", ""government sector""]",5,1.1588666439056396,False,True,True,True,1.0,1.000000238418579,0.5
topic-16322,Indigenous peoples,native communities,llm_rerank_llama3.2_3b_full,native communities,"[""native communities"", ""cultural communities"", ""ethnic groups"", ""minority cultures"", ""nationality""]",5,2.142644166946411,True,True,True,True,1.0,1.0000001192092896,1.0
topic-8922,income inequality,income disparity,llm_rerank_llama3.2_3b_full,income disparity,"[""income disparity"", ""economic condition"", ""employment economics"", ""economic statistics"", ""family economics""]",5,1.1297712326049805,True,True,True,True,1.0,1.0,1.0
topic-1532,income distribution,income allocation,llm_rerank_llama3.2_3b_full,income allocation,"[""income allocation"", ""income disparity"", ""financial composition"", ""profit distribution strategy"", ""economic statistics""]",5,1.5809319019317627,True,True,True,True,1.0,1.0000001192092896,1.0
topic-1533,income tax,earnings tax,llm_rerank_llama3.2_3b_full,earnings tax,"[""earnings tax"", ""fiscal law"", ""global tax law"", ""fiscal management"", ""company tax""]",5,1.1746885776519775,True,True,True,True,1.0,1.0,1.0
topic-16602,Purchasing and supply management,procurement management,llm_rerank_llama3.2_3b_full,procurement management,"[""procurement management"", ""supply chain management"", ""logistics management"", ""stock management"", ""business strategy""]",5,1.9340121746063232,True,True,True,True,1.0,1.0,1.0
topic-2153,innovation,advancement,llm_rerank_llama3.2_3b_full,improvement,"[""improvement"", ""development"", ""business creation"", ""organizational growth"", ""economic development""]",5,1.0622100830078125,False,False,False,False,0.6363636363636364,0.6330549716949463,0.0
topic-1534,insolvency law,bankruptcy law,llm_rerank_llama3.2_3b_full,bankruptcy law,"[""bankruptcy law"", ""fiscal law"", ""business law"", ""financial law"", ""economic law""]",5,1.2839441299438477,True,True,True,True,1.0,1.0,1.0
topic-6742,effort,exertion,llm_rerank_llama3.2_3b_full,cognitive effort,"[""cognitive effort"", ""meaning-making"", ""work quality"", ""improvement"", ""assistance""]",5,1.1256089210510254,False,False,False,False,0.33333333333333337,0.31645137071609497,0.0
topic-2845,institutional economics,institutional theory,llm_rerank_llama3.2_3b_full,institutions,"[""institutions"", ""regulatory economics"", ""government economics"", ""economic science"", ""financial economics""]",5,1.1593222618103027,False,False,False,False,0.6875,0.7423542737960815,0.0
topic-10967,institutional theory,Institutional framework,llm_rerank_llama3.2_3b_full,Institutional framework,"[""Institutional framework"", ""organizational theory"", ""sociology of organizations"", ""institutions"", ""institution""]",5,1.0646653175354004,True,True,True,True,1.0,1.0,1.0
topic-1535,instructive texts (*),instructional materials,llm_rerank_llama3.2_3b_full,instructional materials,"[""instructional materials"", ""writing strategies"", ""textual history"", ""philosophical texts"", ""scriptural literature""]",5,1.214409589767456,True,True,True,True,1.0,1.000000238418579,1.0
topic-1536,intellectual property law,IP law,llm_rerank_llama3.2_3b_full,IP law,"[""IP law"", ""regulatory law"", ""contract law"", ""corporate law"", ""business law""]",5,1.1679701805114746,True,True,True,True,1.0,1.0,1.0
topic-1537,intelligent interfaces,smart interfaces,llm_rerank_llama3.2_3b_full,smart interfaces,"[""smart interfaces"", ""human-computer interaction"", ""artificial neural networks"", ""autonomous learning"", ""automated learning""]",5,1.543821096420288,True,True,True,True,1.0,1.0,1.0
topic-1952,intelligence differences between cultures,cross-cultural intelligence,llm_rerank_llama3.2_3b_full,cross-cultural intelligence,"[""cross-cultural intelligence"", ""intercultural psychology"", ""cross-cultural psychology"", ""cultural diversity"", ""cultural adaptation""]",5,3.9723360538482666,True,True,True,True,1.0,1.0,1.0
topic-1222,Inter-organizational networks,collaborative networks,llm_rerank_llama3.2_3b_full,interconnected industries,"[""interconnected industries"", ""inter-firm relationships"", ""collaborative networks"", ""organizational structure"", ""social networks""]",5,1.1723413467407227,False,True,True,True,1.0,0.9999997615814209,0.3333333333333333
topic-8581,inter-organisational relationships,inter-firm relationships,llm_rerank_llama3.2_3b_full,employment relations,"[""employment relations"", ""inter-firm relationships"", ""organizational influence"", ""organizational theory"", ""mixed organization""]",5,1.3231723308563232,False,True,True,True,1.0,1.0,0.5
topic-1538,interaction and communication skills,interpersonal skills,llm_rerank_llama3.2_3b_full,interpersonal skills,"[""interpersonal skills"", ""cross-cultural communication"", ""communication channels"", ""language skills"", ""textual interaction""]",5,1.2376129627227783,True,True,True,True,1.0,1.0000001192092896,1.0
topic-10942,interactive governance,Participatory governance,llm_rerank_llama3.2_3b_full,Participatory governance,"[""Participatory governance"", ""Consensus-based democracy"", ""Municipal governance"", ""community governance"", ""self-governance""]",5,1.1947100162506104,True,True,True,True,1.0,1.0,1.0
topic-2109,intercultural negotiating,cross-cultural negotiation,llm_rerank_llama3.2_3b_full,cross-cultural negotiation,"[""cross-cultural negotiation"", ""cross-cultural communication"", ""cross-cultural psychology"", ""global culture"", ""cross-cultural support""]",5,1.9427461624145508,True,True,True,True,1.0,1.0000001192092896,1.0
topic-1540,intercultural communication,cross-cultural communication,llm_rerank_llama3.2_3b_full,cross-cultural communication,"[""cross-cultural communication"", ""cross-cultural psychology"", ""cross-cultural negotiation"", ""cross-cultural support"", ""global culture""]",5,1.2835607528686523,True,True,True,True,1.0,0.9999999403953552,1.0
topic-4941,intercultural assistance,cross-cultural support,llm_rerank_llama3.2_3b_full,cross-cultural communication,"[""cross-cultural communication"", ""cross-cultural psychology"", ""cross-cultural support"", ""cross-cultural negotiation"", ""cross-cultural differences""]",5,0.9827620983123779,False,True,True,True,1.0,0.9999996423721313,0.3333333333333333
topic-1895,intercultural theologie,cross-cultural theology,llm_rerank_llama3.2_3b_full,cross-cultural theology,"[""cross-cultural theology"", ""cross-cultural psychology"", ""intercultural research"", ""global culture"", ""cross-cultural communication""]",5,1.2791929244995117,True,True,True,True,1.0,1.0,1.0
topic-15422,intergenerational risk sharing,cross-generational risk distribution,llm_rerank_llama3.2_3b_full,cross-generational risk distribution,"[""cross-generational risk distribution"", ""financial partnerships"", ""retirement economics"", ""family economics"", ""risk management""]",5,1.9869024753570557,True,True,True,True,1.0,1.0,1.0
topic-1541,intergroup relationships,group interactions,llm_rerank_llama3.2_3b_full,group interactions,"[""group interactions"", ""group dynamics"", ""social hierarchy"", ""family sociology"", ""Social understanding""]",5,1.1683754920959473,True,True,True,True,1.0,1.0000001192092896,1.0
topic-16462,internal control,internal oversight,llm_rerank_llama3.2_3b_full,governance,"[""governance"", ""self-control"", ""self-governance"", ""authority"", ""personnel management""]",5,1.1578726768493652,False,False,False,False,0.3703703703703704,0.5229751467704773,0.0
topic-4348,international labour law,global employment law,llm_rerank_llama3.2_3b_full,global employment law,"[""global employment law"", ""employment law"", ""global social security law"", ""transnational criminal law"", ""global public law""]",5,1.2146310806274414,True,True,True,True,1.0,1.0000001192092896,1.0
topic-1542,international tax law,global tax law,llm_rerank_llama3.2_3b_full,global tax law,"[""global tax law"", ""global employment law"", ""global public law"", ""fiscal law"", ""company tax""]",5,1.96165132522583,True,True,True,True,1.0,1.0,1.0
topic-12781,international human resource management,global HR management,llm_rerank_llama3.2_3b_full,global HR management,"[""global HR management"", ""global management"", ""corporate management"", ""employee development"", ""personnel sciences""]",5,3.9758517742156982,True,True,True,True,1.0,1.0,1.0
topic-1543,international management,global management,llm_rerank_llama3.2_3b_full,global management,"[""global management"", ""global HR management"", ""global finance"", ""global commerce"", ""financial management""]",5,1.9246833324432373,True,True,True,True,1.0,1.0,1.0
topic-1544,international competition law,global antitrust law,llm_rerank_llama3.2_3b_full,global antitrust law,"[""global antitrust law"", ""regulatory law"", ""global public law"", ""economic law"", ""antitrust law""]",5,0.9867684841156006,True,True,True,True,1.0,1.000000238418579,1.0
topic-1545,international environmental law,global environmental law,llm_rerank_llama3.2_3b_full,global environmental law,"[""global environmental law"", ""environmental protection law"", ""ecological law"", ""regulatory law"", ""global public law""]",5,1.782304286956787,True,True,True,True,1.0,1.0,1.0
topic-6403,international monetary fund,global financial institution,llm_rerank_llama3.2_3b_full,international financial institution,"[""international financial institution"", ""global financial institution"", ""business finance; global finance"", ""financial economics"", ""monetary authority""]",5,1.230149745941162,False,True,True,True,1.0,1.0000001192092896,0.5
topic-1547,international public law,global public law,llm_rerank_llama3.2_3b_full,global public law,"[""global public law"", ""global law"", ""global environmental law"", ""global employment law"", ""global social security law""]",5,1.4495868682861328,True,True,True,True,1.0,0.9999998807907104,1.0
topic-1548,international law,global law,llm_rerank_llama3.2_3b_full,global law,"[""global law"", ""global public law"", ""transnational criminal law"", ""global employment law"", ""global environmental law""]",5,1.204746961593628,True,True,True,True,1.0,0.9999999403953552,1.0
topic-12021,International Criminal Court,ICCt,llm_rerank_llama3.2_3b_full,global public law,"[""global public law"", ""transnational criminal law"", ""criminal procedural law"", ""criminal code"", ""criminal science""]",5,1.454249382019043,False,False,False,False,0.30000000000000004,0.16931825876235962,0.0
topic-1549,international criminal law,transnational criminal law,llm_rerank_llama3.2_3b_full,transnational criminal law,"[""transnational criminal law"", ""global public law"", ""global law"", ""criminal procedural law"", ""penal law""]",5,1.412278652191162,True,True,True,True,1.0,0.9999998807907104,1.0
topic-13701,International Financial Reporting Standards (IFRS),global accounting standards,llm_rerank_llama3.2_3b_full,global accounting standards,"[""global accounting standards"", ""financial reporting"", ""financial statements"", ""financial instruments"", ""financial evaluation""]",5,1.8693346977233887,True,True,True,True,1.0,1.0000001192092896,1.0
topic-6223,international economics,global economics,llm_rerank_llama3.2_3b_full,global economics,"[""global economics"", ""financial economics"", ""government economics"", ""industrial economics"", ""economic science""]",5,1.4003489017486572,True,True,True,True,1.0,1.000000238418579,1.0
topic-1551,international finance,global finance,llm_rerank_llama3.2_3b_full,global finance,"[""global finance"", ""global financial institution"", ""global economics"", ""business finance"", ""financial policy""]",5,1.127544641494751,True,True,True,True,1.0,1.0,1.0
topic-2870,international trade,global commerce,llm_rerank_llama3.2_3b_full,global commerce,"[""global commerce"", ""global finance"", ""global economics"", ""interconnected industries"", ""emerging economies""]",5,2.1689727306365967,True,True,True,True,1.0,0.9999998807907104,1.0
topic-1552,internet,cyberspace,llm_rerank_llama3.2_3b_full,the web,"[""the web"", ""cyberspace"", ""online services"", ""information technology"", ""social networks""]",5,1.037585973739624,False,True,True,True,1.0,0.9999999403953552,0.5
topic-5127,internet addiction,online dependency,llm_rerank_llama3.2_3b_full,online dependency,"[""online dependency"", ""cyber culture"", ""self-control"", ""compulsive gambling"", ""alcohol dependence""]",5,1.725771427154541,True,True,True,True,1.0,1.0,1.0
topic-4882,interpolation,estimation,llm_rerank_llama3.2_3b_full,spatial interpolation,"[""spatial interpolation"", ""computational modeling"", ""estimation"", ""parameter estimation"", ""data analysis""]",5,1.1913087368011475,False,True,True,True,1.0,1.0,0.3333333333333333
topic-1868,inter-religious communication,interfaith dialogue,llm_rerank_llama3.2_3b_full,cross-cultural communication,"[""cross-cultural communication"", ""faith-based communication"", ""church-state interaction"", ""religious sociology"", ""religious psychology""]",5,1.258812665939331,False,False,False,False,0.41860465116279066,0.32667794823646545,0.0
topic-16883,Intertextuality,textual interaction,llm_rerank_llama3.2_3b_full,cross-cultural communication,"[""cross-cultural communication"", ""linguistic philosophy"", ""language science"", ""intercultural research"", ""social linguistics""]",5,1.7217490673065186,False,False,False,False,0.4878048780487805,0.4424857497215271,0.0
topic-4164,intuitionistic mathematics,constructivist mathematics,llm_rerank_llama3.2_3b_full,constructivist mathematics,"[""constructivist mathematics"", ""interpretive theory"", ""theoretical psychology"", ""mathematical foundations"", ""theory of knowledge""]",5,1.656721830368042,True,True,True,True,1.0,0.9999998807907104,1.0
topic-2887,investment under uncertainty,uncertain investments,llm_rerank_llama3.2_3b_full,risk management,"[""risk management"", ""uncertain investments"", ""investment evaluation"", ""financial economics"", ""investment funds""]",5,1.1506247520446777,False,True,True,True,1.0,1.0,0.5
topic-3368,investment analysis,investment evaluation,llm_rerank_llama3.2_3b_full,financial evaluation,"[""financial evaluation"", ""market analysis"", ""investment evaluation"", ""financial modeling"", ""investment funds""]",5,1.1437435150146484,False,True,True,True,1.0,1.0,0.3333333333333333
topic-2891,islam,Islamic studies,llm_rerank_llama3.2_3b_full,Arabian,"[""Arabian"", ""Islamic studies"", ""Muslim Communities in the Netherlands"", ""religious philosophy"", ""alternative religious groups""]",5,1.2017080783843994,False,True,True,True,1.0,0.9999999403953552,0.5
topic-1865,islam in the netherlands,Muslim Communities in the Netherlands,llm_rerank_llama3.2_3b_full,Muslim Communities in the Netherlands,"[""Muslim Communities in the Netherlands"", ""Islamic studies"", ""religious observance and secularism"", ""religious sociology"", ""religious studies""]",5,1.5261499881744385,True,True,True,True,1.0,1.000000238418579,1.0
topic-7542,ivf,test-tube fertilization,llm_rerank_llama3.2_3b_full,test-tube fertilization,"[""test-tube fertilization"", ""childbirth"", ""medical services"", ""baby mental health"", ""birth rate""]",5,1.4156723022460938,True,True,True,True,1.0,1.0000001192092896,1.0
topic-5883,annual reporting,Yearly report,llm_rerank_llama3.2_3b_full,financial reporting,"[""financial reporting"", ""financial statements"", ""fiscal management"", ""financial accounting"", ""financial auditing""]",5,1.4443998336791992,False,False,False,False,0.5625,0.5790170431137085,0.0
topic-13641,"Jacobi, F.H.",Friedrich Heinrich Jacobi,llm_rerank_llama3.2_3b_full,Friedrich Heinrich Jacobi,"[""Friedrich Heinrich Jacobi"", ""Matthew, James, and Didache"", ""Jacob"", ""Jacques Derrida"", ""modern Jewish history""]",5,0.5879712104797363,True,True,True,True,1.0,1.0000001192092896,1.0
topic-17063,James,Jacob,llm_rerank_llama3.2_3b_full,Jacob,"[""Jacob"", ""John the Apostle"", ""strangers"", ""spirit"", ""administration""]",5,0.9267857074737549,True,True,True,True,1.0,1.0,1.0
topic-15562,The Book of Ben Sira,Ecclesiasticus,llm_rerank_llama3.2_3b_full,scriptural literature,"[""scriptural literature"", ""divinity studies"", ""New Testament studies"", ""historical study"", ""19th-century British literature""]",5,0.9752142429351807,False,False,False,False,0.45714285714285713,0.4341641068458557,0.0
topic-1556,youth assistance,youth support,llm_rerank_llama3.2_3b_full,youth support,"[""youth support"", ""youth ministry"", ""assistance"", ""volunteer service"", ""welfare payments""]",5,1.2523534297943115,True,True,True,True,1.0,1.0,1.0
topic-2331,jesus,Christ,llm_rerank_llama3.2_3b_full,sex,"[""sex"", ""Christ"", ""Matthew's Gospel"", ""faith"", ""Christian worship""]",5,0.662581205368042,False,True,True,True,1.0,0.9999999403953552,0.5
topic-2287,"judaism and christianity, relationship between",interfaith relations,llm_rerank_llama3.2_3b_full,Judeo-Christian relations,"[""Judeo-Christian relations"", ""early Christian teachings and Judaism"", ""Christian Scriptures"", ""Christian history"", ""Christian statement of belief""]",5,1.2189984321594238,False,False,False,False,0.6222222222222222,0.49462735652923584,0.0
topic-14882,Jews in modernity,modern Jewish history,llm_rerank_llama3.2_3b_full,contemporary Judaism,"[""contemporary Judaism"", ""modern Jewish history"", ""cultural legacy"", ""modernisation"", ""early Christian teachings and Judaism""]",5,1.8288977146148682,False,True,True,True,1.0,0.9999999403953552,0.5
topic-862,"Judaism, modern",contemporary Judaism,llm_rerank_llama3.2_3b_full,contemporary Judaism,"[""contemporary Judaism"", ""modern Jewish history"", ""modern worship"", ""Christian history"", ""early Christian teachings and Judaism""]",5,1.994234561920166,True,True,True,True,1.0,1.0,1.0
topic-1914,"judaism, early/ancient",ancient Jewish religion,llm_rerank_llama3.2_3b_full,ancient Jewish religion,"[""ancient Jewish religion"", ""Hebrew Bible"", ""early theologians"", ""ancient Hebrew"", ""Christian history""]",5,2.2723538875579834,True,True,True,True,1.0,1.0,1.0
topic-1884,johannes,John the Apostle,llm_rerank_llama3.2_3b_full,Jacob,"[""Jacob"", ""John the Apostle"", ""Friedrich Heinrich Jacobi"", ""Scholastic philosopher"", ""classical language""]",5,1.6322300434112549,False,True,True,True,1.0,0.9999998807907104,0.5
topic-3523,youth and pastoral care,youth ministry,llm_rerank_llama3.2_3b_full,Catholic pastoral care,"[""Catholic pastoral care"", ""spiritual care"", ""youth ministry"", ""spiritual counseling"", ""youth support""]",5,1.3338489532470703,False,True,True,True,1.0,0.9999998211860657,0.3333333333333333
topic-3983,legal skills,legal competencies,llm_rerank_llama3.2_3b_full,legal competencies,"[""legal competencies"", ""legal procedure"", ""legal theory"", ""jurisprudence"", ""legal governance""]",5,1.1428427696228027,True,True,True,True,1.0,1.0,1.0
topic-10741,cancer,malignant neoplasm,llm_rerank_llama3.2_3b_full,malignant neoplasm,"[""malignant neoplasm"", ""long-term illnesses"", ""health policy"", ""disease study"", ""health psychology""]",5,1.2204885482788086,True,True,True,True,1.0,1.0,1.0
topic-2174,catholic church in the 19th and 20th century,modern Catholic history,llm_rerank_llama3.2_3b_full,ecclesiastical history,"[""ecclesiastical history"", ""modern Catholic history"", ""church-state interaction"", ""Catholic pastoral care"", ""Ecclesiastical leadership""]",5,1.8363866806030273,False,True,True,True,1.0,0.9999999403953552,0.5
topic-1847,epistemology,theory of knowledge,llm_rerank_llama3.2_3b_full,theory of knowledge,"[""theory of knowledge"", ""nature of truth"", ""scientific philosophy"", ""metaphysical study"", ""ontology""]",5,1.7394027709960938,True,True,True,True,1.0,1.0000001192092896,1.0
topic-1566,knowledge representation,information modeling,llm_rerank_llama3.2_3b_full,ontology,"[""ontology"", ""information modeling"", ""machine semantics"", ""language processing systems"", ""knowledge systems""]",5,1.6697883605957031,False,True,True,True,1.0,1.0,0.5
topic-1567,knowledge technology,information technology,llm_rerank_llama3.2_3b_full,information and communication technology,"[""information and communication technology"", ""information technology"", ""organizational knowledge acquisition"", ""educational technology"", ""internet technology""]",5,1.1645777225494385,False,True,True,True,1.0,1.0000001192092896,0.5
topic-11381,church,congregation,llm_rerank_llama3.2_3b_full,congregation,"[""congregation"", ""Clergy"", ""Christian worship"", ""Christian unity"", ""modern worship""]",5,1.156404972076416,True,True,True,True,1.0,1.0,1.0
topic-3791,church state relations,church-state interaction,llm_rerank_llama3.2_3b_full,Judeo-Christian relations,"[""Judeo-Christian relations"", ""church-state interaction"", ""ecclesiastical authority"", ""Catholic pastoral care"", ""religious sociology""]",5,1.3554844856262207,False,True,True,True,1.0,1.000000238418579,0.5
topic-11382,ministry,Clergy,llm_rerank_llama3.2_3b_full,clerical ministry,"[""clerical ministry"", ""spiritual leadership"", ""Ecclesiastical leadership"", ""congregation"", ""spiritual care""]",5,2.1076443195343018,False,False,False,False,0.43478260869565216,0.7383109331130981,0.0
topic-4236,church authority,ecclesiastical authority,llm_rerank_llama3.2_3b_full,ecclesiastical authority,"[""ecclesiastical authority"", ""Ecclesiastical leadership"", ""Clergy"", ""ecclesiastical history"", ""doctrinal theology""]",5,2.048584222793579,True,True,True,True,1.0,0.9999998807907104,1.0
topic-11384,ecclesial leadership,Ecclesiastical leadership,llm_rerank_llama3.2_3b_full,Ecclesiastical leadership,"[""Ecclesiastical leadership"", ""spiritual leadership"", ""Ecclesiasticus"", ""ecclesiastical authority"", ""authority""]",5,2.263930320739746,True,True,True,True,1.0,0.9999998211860657,1.0
topic-2086,devotion/piety and non-practising,religious observance and secularism,llm_rerank_llama3.2_3b_full,divine vocation,"[""divine vocation"", ""spiritual guidance"", ""Pastoral Counseling Psychology"", ""religious psychology"", ""spiritual counseling""]",5,1.5238313674926758,False,False,False,False,0.47272727272727283,0.5884599685668945,0.0
topic-2092,church music,sacred music,llm_rerank_llama3.2_3b_full,sacred music,"[""sacred music"", ""Christian worship"", ""modern worship"", ""theological literature"", ""liturgical theology""]",5,1.2349226474761963,True,True,True,True,1.0,1.000000238418579,1.0
topic-1915,"church fathers, ancient",early theologians,llm_rerank_llama3.2_3b_full,early theologians,"[""early theologians"", ""Christian history"", ""ecclesiastical authority"", ""Clergy"", ""ecclesiastical history""]",5,1.1000661849975586,True,True,True,True,1.0,1.0000001192092896,1.0
topic-16565,Integrated care,coordinated care,llm_rerank_llama3.2_3b_full,coordinated care,"[""coordinated care"", ""health care administration"", ""medical services"", ""care models"", ""health care quality""]",5,2.0029454231262207,True,True,True,True,1.0,0.9999999403953552,1.0
topic-1991,voting mechanisms,electoral methods,llm_rerank_llama3.2_3b_full,voting system,"[""voting system"", ""electoral methods"", ""Participatory governance"", ""governance"", ""Cooperation""]",5,1.510812520980835,False,True,True,True,1.0,1.0000001192092896,0.5
topic-4661,electoral systems,voting system,llm_rerank_llama3.2_3b_full,voting system,"[""voting system"", ""electoral methods"", ""governance"", ""institutions"", ""popular government""]",5,1.209418773651123,True,True,True,True,1.0,1.0,1.0
topic-1572,clinical neuropsychology,neuropsychological therapy,llm_rerank_llama3.2_3b_full,neuropsychological therapy,"[""neuropsychological therapy"", ""neurocognitive psychology"", ""brain-behavior science"", ""neurobehavioral science"", ""cognitive psychology""]",5,1.9765172004699707,True,True,True,True,1.0,1.0000001192092896,1.0
topic-1574,credit systems,credit infrastructure,llm_rerank_llama3.2_3b_full,financial systems,"[""financial systems"", ""financial instruments"", ""financial structure"", ""financial partnerships"", ""financial accounting""]",5,1.1049795150756836,False,False,False,False,0.6,0.6082115769386292,0.0
topic-4886,Kriging,spatial interpolation,llm_rerank_llama3.2_3b_full,prediction,"[""prediction"", ""data analysis"", ""data management"", ""consolidations"", ""learning techniques""]",5,1.1329145431518555,False,False,False,False,0.45714285714285713,0.267648309469223,0.0
topic-15982,Kriging,spatial interpolation,llm_rerank_llama3.2_3b_full,prediction,"[""prediction"", ""data analysis"", ""data management"", ""consolidations"", ""betting""]",5,1.1112613677978516,False,False,False,False,0.45714285714285713,0.267648309469223,0.0
topic-4149,critical theory,radical critique,llm_rerank_llama3.2_3b_full,Marxist theory,"[""Marxist theory"", ""political theory"", ""liberal political theory"", ""economic theory"", ""social theories""]",5,1.5859971046447754,False,False,False,False,0.4516129032258065,0.3618811368942261,0.0
topic-4881,splines,curves,llm_rerank_llama3.2_3b_full,curves,"[""curves"", ""tension"", ""spatial interpolation"", ""guidance"", ""way of life""]",5,1.5882656574249268,True,True,True,True,1.0,0.9999997615814209,1.0
topic-6501,philosophy of art,aesthetics philosophy,llm_rerank_llama3.2_3b_full,aesthetics philosophy,"[""aesthetics philosophy"", ""philosophy of beauty"", ""cultural philosophy"", ""arts instruction"", ""mental philosophy""]",5,1.895216941833496,True,True,True,True,1.0,1.0000001192092896,1.0
topic-1575,artificial intelligence,machine intelligence,llm_rerank_llama3.2_3b_full,machine intelligence,"[""machine intelligence"", ""artificial neural networks"", ""computational models"", ""information processing"", ""automated learning""]",5,1.1899421215057373,True,True,True,True,1.0,1.0000003576278687,1.0
topic-12641,quality of work,work quality,llm_rerank_llama3.2_3b_full,quality of life,"[""quality of life"", ""work quality"", ""health care quality"", ""life quality"", ""work psychology""]",5,1.0582139492034912,False,True,True,True,1.0,1.0,0.5
topic-2061,quality of life,well-being,llm_rerank_llama3.2_3b_full,way of life,"[""way of life"", ""health care quality"", ""psychological well-being"", ""emotional well-being"", ""self-improvement""]",5,1.7579326629638672,False,False,False,False,0.6666666666666667,0.817481517791748,0.0
topic-121,Quality of life,life quality,llm_rerank_llama3.2_3b_full,way of life,"[""way of life"", ""quality of worklife"", ""health care quality"", ""psychological well-being"", ""emotional well-being""]",5,1.5103564262390137,False,False,False,False,0.6451612903225806,0.7475734949111938,0.0
topic-9461,quality of the judiciary,judicial performance,llm_rerank_llama3.2_3b_full,judicial performance,"[""judicial performance"", ""jurisprudence"", ""legal governance"", ""Empirical jurisprudence"", ""legal philosophy""]",5,1.8892083168029785,True,True,True,True,1.0,1.0000001192092896,1.0
topic-11701,quality of care,health care quality,llm_rerank_llama3.2_3b_full,health care quality,"[""health care quality"", ""coordinated care"", ""end-of-life care"", ""health care administration"", ""Health Care Usage""]",5,2.0921480655670166,True,True,True,True,1.0,1.0,1.0
topic-1577,agriculture,farming,llm_rerank_llama3.2_3b_full,farming,"[""farming"", ""ecological management"", ""green development"", ""industrial economics"", ""economic development""]",5,1.3328862190246582,True,True,True,True,1.0,1.0000001192092896,1.0
topic-1578,latin,classical language,llm_rerank_llama3.2_3b_full,ecclesiastical Latin,"[""ecclesiastical Latin"", ""classical language"", ""Dutch language"", ""the English language"", ""minority languages""]",5,1.2763111591339111,False,True,True,True,1.0,1.0,0.5
topic-1579,lifestyle,way of life,llm_rerank_llama3.2_3b_full,way of life,"[""way of life"", ""quality of life"", ""life quality"", ""spiritual life"", ""leisure activities""]",5,1.21293306350708,True,True,True,True,1.0,0.9999998807907104,1.0
topic-9121,learning styles,study methods,llm_rerank_llama3.2_3b_full,language skills,"[""language skills"", ""skills training"", ""arts instruction"", ""writing strategies"", ""guidance""]",5,1.1367783546447754,False,False,False,False,0.3448275862068966,0.41146403551101685,0.0
topic-7283,learning disorders,learning disabilities,llm_rerank_llama3.2_3b_full,learning disabilities,"[""learning disabilities"", ""attention deficit disorder"", ""reading difficulties"", ""neurocognitive psychology"", ""neuropsychological therapy""]",5,1.2899744510650635,True,True,True,True,1.0,1.0,1.0
topic-10601,reading research,Reading studies,llm_rerank_llama3.2_3b_full,research methods,"[""research methods"", ""literary analysis"", ""cognitive studies"", ""study methods"", ""basic research""]",5,1.4105191230773926,False,False,False,False,0.5625,0.6052614450454712,0.0
topic-1581,reading disorders,reading difficulties,llm_rerank_llama3.2_3b_full,learning disabilities,"[""learning disabilities"", ""attention deficit disorder"", ""psychological disorders"", ""reading difficulties"", ""reading and writing skills""]",5,1.7844972610473633,False,True,False,True,1.0,1.0000001192092896,0.25
topic-1582,leadership,guidance,llm_rerank_llama3.2_3b_full,spiritual leadership,"[""spiritual leadership"", ""public management"", ""corporate management"", ""authority"", ""personnel management""]",5,1.3238577842712402,False,False,False,False,0.4,0.4608624577522278,0.0
topic-8101,organisational learning,organizational knowledge acquisition,llm_rerank_llama3.2_3b_full,organizational studies,"[""organizational studies"", ""organizational theory"", ""organizational structure"", ""employee development"", ""cooperative learning""]",5,2.1355175971984863,False,False,False,False,0.6206896551724138,0.5397301912307739,0.0
topic-2941,machine learning,automated learning,llm_rerank_llama3.2_3b_full,artificial neural networks,"[""artificial neural networks"", ""automated learning"", ""learning techniques"", ""data analysis"", ""decision analysis""]",5,1.895740032196045,False,True,True,True,1.0,1.0000001192092896,0.5
topic-3102,learning organisations,adaptive organizations,llm_rerank_llama3.2_3b_full,organizational studies,"[""organizational studies"", ""cooperative learning"", ""organizational knowledge acquisition"", ""employee development"", ""corporate management""]",5,1.2846341133117676,False,False,False,False,0.5909090909090908,0.5799863338470459,0.0
topic-8362,Latvia,Latvian Republic,llm_rerank_llama3.2_3b_full,Latvian Republic,"[""Latvian Republic"", ""Brabant heritage"", ""East Europe"", ""eurozone"", ""Turkish immigrants""]",5,1.5887186527252197,True,True,True,True,1.0,0.9999999403953552,1.0
topic-2162,quality of life after heart and vascular diseases,well-being after cardiovascular diseases,llm_rerank_llama3.2_3b_full,quality of life,"[""quality of life"", ""well-being after cardiovascular diseases"", ""health care quality"", ""life quality"", ""long-term illnesses""]",5,1.192624568939209,False,True,True,True,1.0,1.0000001192092896,0.5
topic-5631,levinas,Levinasian philosophy,llm_rerank_llama3.2_3b_full,Levinasian philosophy,"[""Levinasian philosophy"", ""Nietzschean philosophy"", ""Frankfurt School theorist"", ""Jacob"", ""Friedrich Heinrich Jacobi""]",5,2.6000564098358154,True,True,True,True,1.0,1.0,1.0
topic-5181,liberalisation,deregulation,llm_rerank_llama3.2_3b_full,deregulation,"[""deregulation"", ""modernisation"", ""reorganisation"", ""transformation economics"", ""Americanisation""]",5,1.3069815635681152,True,True,True,True,1.0,1.0,1.0
topic-2015,liberalism and political philosophy,liberal political theory,llm_rerank_llama3.2_3b_full,liberal political theory,"[""liberal political theory"", ""modern philosophy; historical development"", ""political theory"", ""moral philosophy"", ""contemporary philosophy history""]",5,2.1135246753692627,True,True,True,True,1.0,1.0,1.0
topic-2280,literary-historical aspects,textual history,llm_rerank_llama3.2_3b_full,historical study,"[""historical study"", ""textual history"", ""literary analysis"", ""19th-century British literature"", ""medieval history""]",5,1.0848145484924316,False,True,True,True,1.0,1.0000001192092896,0.5
topic-1585,literature,written works,llm_rerank_llama3.2_3b_full,written works,"[""written works"", ""text analysis"", ""philosophical texts"", ""scriptural literature"", ""theological literature""]",5,1.3073556423187256,True,True,True,True,1.0,1.0,1.0
topic-1893,literature and theology,theological literature,llm_rerank_llama3.2_3b_full,theological literature,"[""theological literature"", ""liturgical theology"", ""doctrinal theology"", ""early Christian texts"", ""Middle Ages theology""]",5,1.344459056854248,True,True,True,True,1.0,1.0000001192092896,1.0
topic-1586,study of literature,literary analysis,llm_rerank_llama3.2_3b_full,literary analysis,"[""literary analysis"", ""text analysis"", ""historical study"", ""research methods"", ""Reading studies""]",5,1.2120072841644287,True,True,True,True,1.0,0.9999999403953552,1.0
topic-2189,liturgy (contemporary),modern worship,llm_rerank_llama3.2_3b_full,current liturgical practice,"[""current liturgical practice"", ""modern worship"", ""Christian worship"", ""Clergy"", ""religious ceremonies""]",5,1.3069326877593994,False,True,True,True,1.0,1.0000001192092896,0.5
topic-1587,liturgical studies,liturgical theology,llm_rerank_llama3.2_3b_full,liturgical theology,"[""liturgical theology"", ""current liturgical practice"", ""religious studies"", ""Christian cultural studies"", ""ecclesiastical history""]",5,1.5917527675628662,True,True,True,True,1.0,1.000000238418579,1.0
topic-5361,liturgical latin,ecclesiastical Latin,llm_rerank_llama3.2_3b_full,ecclesiastical Latin,"[""ecclesiastical Latin"", ""classical language"", ""Christian worship"", ""modern worship"", ""Clergy""]",5,2.004730224609375,True,True,True,True,1.0,1.0,1.0
topic-1920,liturgic celebrations,religious ceremonies,llm_rerank_llama3.2_3b_full,religious ceremonies,"[""religious ceremonies"", ""sacred music"", ""ritual analysis"", ""religious tradition"", ""current liturgical practice""]",5,1.2227890491485596,True,True,True,True,1.0,0.9999998211860657,1.0
topic-2090,liturgic music,sacred music,llm_rerank_llama3.2_3b_full,sacred music,"[""sacred music"", ""contemporary piety"", ""modern worship"", ""current liturgical practice"", ""classical language""]",5,1.7320351600646973,True,True,True,True,1.0,1.000000238418579,1.0
topic-5632,locke,John Locke,llm_rerank_llama3.2_3b_full,John Locke,"[""John Locke"", ""character"", ""spirit"", ""bonding"", ""Castilian""]",5,1.154686450958252,True,True,True,True,1.0,1.000000238418579,1.0
topic-2314,logic,reasoning,llm_rerank_llama3.2_3b_full,logical argumentation,"[""logical argumentation"", ""ontology"", ""machine semantics"", ""mental science"", ""nature of truth""]",5,1.1149892807006836,False,False,False,False,0.43478260869565216,0.6645931005477905,0.0
topic-1588,logic and philosophy of language,analytical philosophy,llm_rerank_llama3.2_3b_full,linguistic philosophy,"[""linguistic philosophy"", ""language science"", ""practical linguistics"", ""machine semantics"", ""logical argumentation""]",5,1.2465996742248535,False,False,False,False,0.7142857142857143,0.39332711696624756,0.0
topic-1589,logistics,supply chain management,llm_rerank_llama3.2_3b_full,supply chain management,"[""supply chain management"", ""logistics management"", ""business administration"", ""global commerce"", ""corporate management""]",5,1.169888973236084,True,True,True,True,1.0,0.9999999403953552,1.0
topic-1590,logistics management,supply chain management,llm_rerank_llama3.2_3b_full,supply chain management,"[""supply chain management"", ""procurement management"", ""information systems management"", ""business administration"", ""manufacturing process management""]",5,1.1959257125854492,True,True,True,True,1.0,0.9999999403953552,1.0
topic-17162,Local Democracy,community governance,llm_rerank_llama3.2_3b_full,Municipal governance,"[""Municipal governance"", ""Participatory governance"", ""community governance"", ""Consensus-based democracy"", ""popular government""]",5,1.5279929637908936,False,True,True,True,1.0,1.0000001192092896,0.3333333333333333
topic-1591,tax on wages/income tax,income tax,llm_rerank_llama3.2_3b_full,income tax,"[""income tax"", ""earnings tax"", ""value-added tax"", ""company tax"", ""asset tax""]",5,2.1092162132263184,True,True,True,True,1.0,1.0,1.0
topic-2169,lyotard,postmodern theorist,llm_rerank_llama3.2_3b_full,Tamazight,"[""Tamazight"", ""IdM"", ""seizure disorder"", ""character"", ""development""]",5,1.5606887340545654,False,False,False,False,0.34285714285714286,0.2819340229034424,0.0
topic-1201,corporate social responsibility,corporate conscience,llm_rerank_llama3.2_3b_full,corporate conscience,"[""corporate conscience"", ""social ethics"", ""corporate culture"", ""corporate communication ethics"", ""ethical accountability""]",5,1.205376386642456,True,True,True,True,1.0,1.0000001192092896,1.0
topic-5633,machiavelli,political strategist,llm_rerank_llama3.2_3b_full,Friedrich Heinrich Jacobi,"[""Friedrich Heinrich Jacobi"", ""Castilian"", ""Tamazight"", ""Arabian"", ""extremism""]",5,0.9894771575927734,False,False,False,False,0.3448275862068966,0.3611932396888733,0.0
topic-1593,power,authority,llm_rerank_llama3.2_3b_full,authority,"[""authority"", ""drive"", ""exertion"", ""energy challenges"", ""efficiency""]",5,1.0488147735595703,True,True,True,True,1.0,0.9999998211860657,1.0
topic-2148,power in organisations,organizational influence,llm_rerank_llama3.2_3b_full,organizational influence,"[""organizational influence"", ""organizational theory"", ""organizational structure"", ""organizational transformation"", ""organizational studies""]",5,1.3964712619781494,True,True,True,True,1.0,0.9999997615814209,1.0
topic-1595,macroeconomics,national economics,llm_rerank_llama3.2_3b_full,economic science,"[""economic science"", ""economic modeling"", ""financial economics"", ""government economics"", ""industrial economics""]",5,1.1470601558685303,False,False,False,False,0.8108108108108109,0.7784318923950195,0.0
topic-1596,management,administration,llm_rerank_llama3.2_3b_full,financial management,"[""financial management"", ""IT management"", ""global management"", ""corporate management"", ""personnel management""]",5,1.1226398944854736,False,False,False,False,0.32258064516129037,0.6027618646621704,0.0
topic-1598,management and ethics,ethical management,llm_rerank_llama3.2_3b_full,ethical management,"[""ethical management"", ""corporate management"", ""self-governance and ethics"", ""professional ethics"", ""corporate communication ethics""]",5,1.2381319999694824,True,True,True,True,1.0,0.9999997615814209,1.0
topic-2968,management games,business simulations,llm_rerank_llama3.2_3b_full,strategic planning,"[""strategic planning"", ""managerial economics"", ""IT management"", ""financial management"", ""global management""]",5,1.6988043785095215,False,False,False,False,0.368421052631579,0.3816852569580078,0.0
topic-3168,small business management,small enterprise management,llm_rerank_llama3.2_3b_full,business administration,"[""business administration"", ""business finance"", ""business strategy"", ""small enterprise management"", ""logistics management""]",5,1.1245427131652832,False,True,False,True,1.0,1.0000001192092896,0.25
topic-1599,marketing,market strategy,llm_rerank_llama3.2_3b_full,marketing strategy,"[""marketing strategy"", ""market strategy"", ""service promotion"", ""promotion"", ""commercial dealings""]",5,2.090864419937134,False,True,True,True,1.0,1.0,0.5
topic-2979,marketing management,marketing strategy,llm_rerank_llama3.2_3b_full,business administration,"[""business administration"", ""corporate management"", ""business strategy"", ""information systems management"", ""supply chain management""]",5,1.1677615642547607,False,False,False,False,0.6285714285714286,0.7835856080055237,0.0
topic-1602,services marketing,service promotion,llm_rerank_llama3.2_3b_full,service sector,"[""service sector"", ""support services"", ""online services"", ""marketing strategy"", ""businesses""]",5,1.1138596534729004,False,False,False,False,0.6451612903225806,0.6290056705474854,0.0
topic-1603,market research,market analysis,llm_rerank_llama3.2_3b_full,research methods,"[""research methods"", ""research methods and statistics"", ""marketing strategy"", ""market analysis"", ""market strategy""]",5,1.6836986541748047,False,True,False,True,1.0,1.000000238418579,0.25
topic-262,Marx,Marxism,llm_rerank_llama3.2_3b_full,Marxism,"[""Marxism"", ""Marxist theory"", ""critical theorist"", ""contemporary philosopher"", ""Frankfurt School theorist""]",5,1.7757923603057861,True,True,True,True,1.0,1.0000001192092896,1.0
topic-161,marxism,Marxist theory,llm_rerank_llama3.2_3b_full,Marxist theory,"[""Marxist theory"", ""social science"", ""sociology of culture"", ""sociology of organizations"", ""liberal political theory""]",5,1.2111766338348389,True,True,True,True,1.0,1.000000238418579,1.0
topic-1605,substantive criminal law,criminal code,llm_rerank_llama3.2_3b_full,criminal procedural law,"[""criminal procedural law"", ""penal law"", ""criminal code"", ""transnational criminal law"", ""criminal science""]",5,1.2759666442871094,False,True,True,True,1.0,1.0,0.3333333333333333
topic-1606,mathematical statistics,statistical mathematics,llm_rerank_llama3.2_3b_full,statistical mathematics,"[""statistical mathematics"", ""research methods and statistics"", ""computational mathematics"", ""statistical techniques"", ""population studies""]",5,1.2077000141143799,True,True,True,True,1.0,1.0,1.0
topic-17064,Matthew-James-Didache,"Matthew, James, and Didache",llm_rerank_llama3.2_3b_full,"Matthew, James, and Didache","[""Matthew, James, and Didache"", ""Didache and the Gospel of Matthew"", ""Matthew's Gospel"", ""Christian Scriptures"", ""Epistle of James""]",5,1.3622117042541504,True,True,True,True,1.0,1.0000001192092896,1.0
topic-1916,mathew,Matthew's Gospel,llm_rerank_llama3.2_3b_full,Matthew's Gospel,"[""Matthew's Gospel"", ""Didache and the Gospel of Matthew"", ""Friedrich Heinrich Jacobi"", ""Christ"", ""Jacob""]",5,0.7098915576934814,True,True,True,True,1.0,0.9999999403953552,1.0
topic-8683,competition policy,antitrust policy,llm_rerank_llama3.2_3b_full,antitrust policy,"[""antitrust policy"", ""regulatory economics"", ""public policy"", ""economic law"", ""commercial policy""]",5,1.151766300201416,True,True,True,True,1.0,1.0,1.0
topic-1607,competition law,antitrust law,llm_rerank_llama3.2_3b_full,antitrust law,"[""antitrust law"", ""regulatory law"", ""global antitrust law"", ""economic law"", ""business law""]",5,1.1588637828826904,True,True,True,True,1.0,1.0000001192092896,1.0
topic-13401,codetermination,worker participation,llm_rerank_llama3.2_3b_full,computing systems,"[""computing systems"", ""information processing"", ""language processing systems"", ""ethical computing"", ""machine semantics""]",5,1.1715285778045654,False,False,False,False,0.4324324324324324,0.20868471264839172,0.0
topic-1286,Media,communication channels,llm_rerank_llama3.2_3b_full,mixed media,"[""mixed media"", ""communication channels"", ""cinema studies"", ""journalistic ethics"", ""funding""]",5,1.4795589447021484,False,True,True,True,1.0,1.0,0.5
topic-1608,media,communication channels,llm_rerank_llama3.2_3b_full,mixed media,"[""mixed media"", ""communication channels"", ""cinema studies"", ""journalistic ethics"", ""funding""]",5,1.2895476818084717,False,True,True,True,1.0,1.0,0.5
topic-2085,media ethics,journalistic ethics,llm_rerank_llama3.2_3b_full,journalistic ethics,"[""journalistic ethics"", ""professional ethics"", ""corporate communication ethics"", ""healthcare ethics"", ""tech ethics""]",5,1.3891222476959229,True,True,True,True,1.0,1.0,1.0
topic-10841,mediation,dispute resolution,llm_rerank_llama3.2_3b_full,conflict resolution,"[""conflict resolution"", ""dispute resolution"", ""interpersonal process"", ""e-mediation"", ""advocacy""]",5,1.187593698501587,False,True,True,True,1.0,1.0000001192092896,0.5
topic-1609,medical ethics,healthcare ethics,llm_rerank_llama3.2_3b_full,healthcare ethics,"[""healthcare ethics"", ""professional ethics"", ""ministerial ethics"", ""tech ethics"", ""social ethics""]",5,1.1438076496124268,True,True,True,True,1.0,1.0000001192092896,1.0
topic-9361,medical psychology,health psychology,llm_rerank_llama3.2_3b_full,health psychology,"[""health psychology"", ""cognitive psychology"", ""occupational psychology"", ""psychological disorders"", ""work psychology""]",5,1.120093822479248,True,True,True,True,1.0,1.0000001192092896,1.0
topic-2994,multilingualism,polyglotism,llm_rerank_llama3.2_3b_full,multiple language proficiency,"[""multiple language proficiency"", ""dual language proficiency"", ""cross-cultural communication"", ""language psychology"", ""linguistic philosophy""]",5,1.246185541152954,False,False,False,False,0.3125,0.3369080722332001,0.0
topic-3901,man-machine interaction,human-computer interaction,llm_rerank_llama3.2_3b_full,human-computer interaction,"[""human-computer interaction"", ""smart interfaces"", ""collaborative systems"", ""group interactions"", ""Cooperation""]",5,1.2009601593017578,True,True,True,True,1.0,1.0000001192092896,1.0
topic-2002,human evolution,human development,llm_rerank_llama3.2_3b_full,linguistic evolution,"[""linguistic evolution"", ""cultural adaptation"", ""development theories"", ""social theories"", ""natural diversity""]",5,1.1996533870697021,False,False,False,False,0.5945945945945945,0.6797099113464355,0.0
topic-1610,human rights,Civil Liberties,llm_rerank_llama3.2_3b_full,Civil Liberties,"[""Civil Liberties"", ""basic rights"", ""social ethics"", ""human development"", ""ethical accountability""]",5,1.128293752670288,True,True,True,True,1.0,0.9999998211860657,1.0
topic-2102,mental effort,cognitive effort,llm_rerank_llama3.2_3b_full,cognitive effort,"[""cognitive effort"", ""cognitive psychology"", ""cognitive studies"", ""mindset"", ""cognitive psychology theory""]",5,1.699094533920288,True,True,True,True,1.0,1.0000001192092896,1.0
topic-3521,metaphors,allegories,llm_rerank_llama3.2_3b_full,interpretation,"[""interpretation"", ""literary analysis"", ""linguistic philosophy"", ""social linguistics"", ""practical linguistics""]",5,0.9760658740997314,False,False,False,False,0.4285714285714286,0.34506499767303467,0.0
topic-1611,metaphysics,ontology,llm_rerank_llama3.2_3b_full,philosophy of psychology,"[""philosophy of psychology"", ""mental philosophy"", ""scientific philosophy"", ""theoretical psychology"", ""cognitive psychology theory""]",5,1.1474087238311768,False,False,False,False,0.4666666666666666,0.44071799516677856,0.0
topic-2008,metaphysics of reason and action,philosophy of action,llm_rerank_llama3.2_3b_full,philosophy of action,"[""philosophy of action"", ""metaphysics"", ""mental philosophy"", ""scientific philosophy"", ""interpretive theory""]",5,2.464262008666992,True,True,True,True,1.0,1.0000001192092896,1.0
topic-4885,meta models,higher-order models,llm_rerank_llama3.2_3b_full,computational models,"[""computational models"", ""higher-order models"", ""information modeling"", ""Systems modeling"", ""economic modeling""]",5,1.1738123893737793,False,True,True,True,1.0,1.000000238418579,0.5
topic-1954,cross-cultural research methodology,intercultural research methods,llm_rerank_llama3.2_3b_full,intercultural research methods,"[""intercultural research methods"", ""intercultural research"", ""cross-cultural communication"", ""cross-cultural intelligence"", ""cross-cultural negotiation""]",5,2.069594621658325,True,True,True,True,1.0,1.000000238418579,1.0
topic-1658,methodology and statistics,research methods and statistics,llm_rerank_llama3.2_3b_full,research methods and statistics,"[""research methods and statistics"", ""research methods"", ""statistical techniques"", ""study methods"", ""data analysis""]",5,1.5729126930236816,True,True,True,True,1.0,1.0000001192092896,1.0
topic-1613,methodology,research methods,llm_rerank_llama3.2_3b_full,research methods,"[""research methods"", ""study methods"", ""statistical techniques"", ""business strategy"", ""IT strategy""]",5,1.5193371772766113,True,True,True,True,1.0,1.0000003576278687,1.0
topic-101,Methodology of civil law,Civil law methodology,llm_rerank_llama3.2_3b_full,civil law,"[""civil law"", ""Civil law methodology"", ""principles of European legal development"", ""legal theory"", ""legal governance""]",5,1.1155641078948975,False,True,True,True,1.0,1.0,0.5
topic-3008,micro-econometrics,individual econometrics,llm_rerank_llama3.2_3b_full,individual econometrics,"[""individual econometrics"", ""economic modeling"", ""behavioral economics"", ""economic statistics"", ""local economics""]",5,1.8116016387939453,True,True,True,True,1.0,1.0000001192092896,1.0
topic-1614,microeconomics,individual economics,llm_rerank_llama3.2_3b_full,individual economics,"[""individual economics"", ""managerial economics"", ""financial economics"", ""economic science"", ""global economics""]",5,1.1374382972717285,True,True,True,True,1.0,0.9999998807907104,1.0
topic-1615,medieval philosophy; history of,medieval thought,llm_rerank_llama3.2_3b_full,medieval thought,"[""medieval thought"", ""philosophical texts"", ""Middle Ages theology"", ""modern philosophy; historical development"", ""Reformation history""]",5,1.0011284351348877,True,True,True,True,1.0,1.0,1.0
topic-3601,history of middle ages,medieval history,llm_rerank_llama3.2_3b_full,medieval history,"[""medieval history"", ""Christian history"", ""ecclesiastical history"", ""Reformation history"", ""historical study""]",5,2.1958401203155518,True,True,True,True,1.0,1.0000001192092896,1.0
topic-13602,medieval theology,Middle Ages theology,llm_rerank_llama3.2_3b_full,Middle Ages theology,"[""Middle Ages theology"", ""doctrinal theology"", ""liturgical theology"", ""theological literature"", ""early theologians""]",5,1.8838679790496826,True,True,True,True,1.0,1.0,1.0
topic-1617,small and medium-sized enterprises,small businesses,llm_rerank_llama3.2_3b_full,small businesses,"[""small businesses"", ""businesses"", ""online business"", ""business strategy"", ""corporate management""]",5,1.1974804401397705,True,True,True,True,1.0,1.0,1.0
topic-1618,migrants,immigrants,llm_rerank_llama3.2_3b_full,immigrants,"[""immigrants"", ""refugees"", ""asylum seekers"", ""ethnic groups"", ""nationality""]",5,1.5252139568328857,True,True,True,True,1.0,1.0,1.0
topic-15302,Migration Law,immigration law,llm_rerank_llama3.2_3b_full,immigration law,"[""immigration law"", ""Asylum law"", ""refugees"", ""asylum seekers"", ""global law""]",5,1.8180081844329834,True,True,True,True,1.0,1.0,1.0
topic-3013,environmental economics,ecological economics,llm_rerank_llama3.2_3b_full,ecological economics,"[""ecological economics"", ""regulatory economics"", ""government economics"", ""global economics"", ""economic science""]",5,1.1593174934387207,True,True,True,True,1.0,1.0,1.0
topic-1619,environmental policy,ecological policy,llm_rerank_llama3.2_3b_full,global environmental law,"[""global environmental law"", ""EU environmental regulations"", ""ecological policy"", ""ecological economics"", ""ecological law""]",5,1.206299066543579,False,True,True,True,1.0,1.0000001192092896,0.3333333333333333
topic-1621,environmental impact study,environmental assessment,llm_rerank_llama3.2_3b_full,ecological economics,"[""ecological economics"", ""environmental assessment"", ""green development"", ""ecological policy"", ""ecological management""]",5,1.2427074909210205,False,True,True,True,1.0,1.0,0.5
topic-1625,environmental management,ecological management,llm_rerank_llama3.2_3b_full,ecological management,"[""ecological management"", ""global environmental law"", ""EU environmental regulations"", ""ecological policy"", ""ecological economics""]",5,1.1967766284942627,True,True,True,True,1.0,1.0,1.0
topic-1626,environmental law,ecological law,llm_rerank_llama3.2_3b_full,global environmental law,"[""global environmental law"", ""environmental protection law"", ""EU environmental regulations"", ""ecological policy"", ""regulatory law""]",5,1.2130696773529053,False,False,False,False,0.7741935483870968,0.7161805033683777,0.0
topic-1627,environmental criminal law,ecological criminal law,llm_rerank_llama3.2_3b_full,global environmental law,"[""global environmental law"", ""environmental protection law"", ""ecological criminal law"", ""transnational criminal law"", ""penal law""]",5,1.8222603797912598,False,True,True,True,1.0,1.0,0.3333333333333333
topic-11621,doctrines of war,Military doctrine,llm_rerank_llama3.2_3b_full,doctrine,"[""doctrine"", ""Military doctrine"", ""philosophy of action"", ""legal doctrines"", ""doctrinal theology""]",5,1.440108299255371,False,True,True,True,1.0,1.0,0.5
topic-1629,minorities,ethnic groups,llm_rerank_llama3.2_3b_full,ethnic groups,"[""ethnic groups"", ""cultural diversity"", ""diversity"", ""minority communities"", ""minority cultures""]",5,1.18803071975708,True,True,True,True,1.0,1.0,1.0
topic-5821,modeling,simulation,llm_rerank_llama3.2_3b_full,computational modeling,"[""computational modeling"", ""information modeling"", ""economic modeling"", ""financial modeling"", ""higher-order models""]",5,1.1506836414337158,False,False,False,False,0.4666666666666666,0.5673333406448364,0.0
topic-6441,models,frameworks,llm_rerank_llama3.2_3b_full,computational models,"[""computational models"", ""information modeling"", ""economic modeling"", ""financial modeling"", ""Systems modeling""]",5,1.1514341831207275,False,False,False,False,0.33333333333333337,0.4148246645927429,0.0
topic-1863,modern devotion,contemporary piety,llm_rerank_llama3.2_3b_full,Christian worship,"[""Christian worship"", ""sacred music"", ""current liturgical practice"", ""modern theological themes"", ""liturgical theology""]",5,1.710681438446045,False,False,False,False,0.4,0.42329925298690796,0.0
topic-2041,modern philosophy; history of,contemporary philosophy history,llm_rerank_llama3.2_3b_full,contemporary philosophy history,"[""contemporary philosophy history"", ""modern philosophy; historical development"", ""philosophical texts"", ""religious philosophy"", ""Christian history""]",5,1.3307991027832031,True,True,True,True,1.0,1.000000238418579,1.0
topic-11961,modernisation,modernisation,llm_rerank_llama3.2_3b_full,bureaucratic reform,"[""bureaucratic reform"", ""reorganisation"", ""cultural legacy"", ""contemporary philosophy history"", ""contemporary philosopher""]",5,1.5347611904144287,False,False,False,False,0.7407407407407408,0.5187300443649292,0.0
topic-1632,mother tongue; education,native language education,llm_rerank_llama3.2_3b_full,native language education,"[""native language education"", ""linguistic education"", ""language skills"", ""language science"", ""language cognition""]",5,1.6296629905700684,True,True,True,True,1.0,0.9999999403953552,1.0
topic-3388,monetary policy,financial policy,llm_rerank_llama3.2_3b_full,financial policy,"[""financial policy"", ""government finance"", ""budgetary policy"", ""economic science"", ""policy analysis""]",5,1.115631341934204,True,True,True,True,1.0,1.0,1.0
topic-1633,monetary economics,financial economics,llm_rerank_llama3.2_3b_full,financial economics,"[""financial economics"", ""economic science"", ""global economics"", ""government economics"", ""individual economics""]",5,1.1090948581695557,True,True,True,True,1.0,0.9999997615814209,1.0
topic-12941,moral responsibility,ethical accountability,llm_rerank_llama3.2_3b_full,ethical accountability,"[""ethical accountability"", ""moral culpability"", ""professional ethics"", ""corporate ethics"", ""social ethics""]",5,1.17680025100708,True,True,True,True,1.0,1.0000001192092896,1.0
topic-10441,morphology,linguistic morphology,llm_rerank_llama3.2_3b_full,linguistic morphology,"[""linguistic morphology"", ""language science"", ""linguistic evolution"", ""speech"", ""practical linguistics""]",5,1.9922327995300293,True,True,True,True,1.0,1.0,1.0
topic-7882,muslims - christians dialogue,interfaith dialogue,llm_rerank_llama3.2_3b_full,interfaith dialogue,"[""interfaith dialogue"", ""Christian Scriptures"", ""early Christian teachings and Judaism"", ""Christian worldview philosophy"", ""Christian cultural studies""]",5,1.6419684886932373,True,True,True,True,1.0,0.9999998211860657,1.0
topic-3794,motivation,drive,llm_rerank_llama3.2_3b_full,work motivation,"[""work motivation"", ""self-improvement"", ""emotional well-being"", ""psychological well-being"", ""feelings""]",5,1.4968197345733643,False,False,False,False,0.30000000000000004,0.28609025478363037,0.0
topic-9201,multi level analysis,hierarchical analysis,llm_rerank_llama3.2_3b_full,hierarchical analysis,"[""hierarchical analysis"", ""systems analysis"", ""network analysis"", ""text analysis"", ""decision analysis""]",5,1.590158224105835,True,True,True,True,1.0,1.0,1.0
topic-3039,multiculturalism,cultural diversity,llm_rerank_llama3.2_3b_full,cultural diversity,"[""cultural diversity"", ""diverse society"", ""cultural communities"", ""cross-cultural support"", ""ethnic groups""]",5,1.3048932552337646,True,True,True,True,1.0,1.0000001192092896,1.0
topic-1951,multicultural society,diverse society,llm_rerank_llama3.2_3b_full,cultural diversity,"[""cultural diversity"", ""diverse society"", ""cultural communities"", ""ethnic groups"", ""minority cultures""]",5,1.1802101135253906,False,True,True,True,1.0,1.0,0.5
topic-1956,multicultural city,diverse city,llm_rerank_llama3.2_3b_full,diverse city,"[""diverse city"", ""cultural diversity"", ""minority cultures"", ""ethnic groups"", ""cultural communities""]",5,1.324622631072998,True,True,True,True,1.0,1.0000001192092896,1.0
topic-1635,multimedia,mixed media,llm_rerank_llama3.2_3b_full,mixed media,"[""mixed media"", ""information and communication technology"", ""human-computer interaction"", ""educational technology"", ""voice technology""]",5,1.183581829071045,True,True,True,True,1.0,1.0,1.0
topic-12122,"Nancy, Jean-Luc (1940-)",contemporary philosopher,llm_rerank_llama3.2_3b_full,Jacques Derrida,"[""Jacques Derrida"", ""contemporary philosopher"", ""Friedrich Heinrich Jacobi"", ""modern Jewish history"", ""Jacob""]",5,1.0274345874786377,False,True,True,True,1.0,1.0000001192092896,0.5
topic-10901,nanotechnology,Nanoengineering,llm_rerank_llama3.2_3b_full,Nanoengineering,"[""Nanoengineering"", ""information technology"", ""physical science"", ""mathematical sciences"", ""quantitative finance""]",5,1.1774091720581055,True,True,True,True,1.0,1.0000001192092896,1.0
topic-1887,narcissism and shame,egoism and guilt,llm_rerank_llama3.2_3b_full,egoism and guilt,"[""egoism and guilt"", ""moral culpability"", ""interpersonal psychology"", ""philosophy of psychology"", ""remorse""]",5,1.7418625354766846,True,True,True,True,1.0,1.000000238418579,1.0
topic-2142,natality/birth rate,birth rate,llm_rerank_llama3.2_3b_full,birth rate,"[""birth rate"", ""economic statistics"", ""family economics"", ""local economic growth"", ""population aging""]",5,2.1759185791015625,True,True,True,True,1.0,1.0000001192092896,1.0
topic-4167,nationalism,nationalist ideology,llm_rerank_llama3.2_3b_full,nationhood,"[""nationhood"", ""nationalist ideology"", ""nationality"", ""cultural diversity"", ""ethnic groups""]",5,1.4857511520385742,False,True,True,True,1.0,0.9999998807907104,0.5
topic-421,Nature Protection Law,environmental protection law,llm_rerank_llama3.2_3b_full,environmental protection law,"[""environmental protection law"", ""global environmental law"", ""ecological law"", ""regulatory law"", ""responsibility law""]",5,1.897336483001709,True,True,True,True,1.0,1.000000238418579,1.0
topic-8121,physics,physical science,llm_rerank_llama3.2_3b_full,physical science,"[""physical science"", ""scientific philosophy"", ""fundamental law"", ""mathematical sciences"", ""theoretical psychology""]",5,1.2328286170959473,True,True,True,True,1.0,1.0,1.0
topic-1638,dutch,Dutch language,llm_rerank_llama3.2_3b_full,Dutch language,"[""Dutch language"", ""Muslim Communities in the Netherlands"", ""Teutonic"", ""Latvian Republic"", ""Anatolian""]",5,1.2596361637115479,True,True,True,True,1.0,1.0000001192092896,1.0
topic-1639,dutch as a second language,Dutch language acquisition,llm_rerank_llama3.2_3b_full,dual language proficiency,"[""dual language proficiency"", ""dual language development"", ""minority languages"", ""social linguistics"", ""language psychology""]",5,1.8266427516937256,False,False,False,False,0.5882352941176471,0.5403884649276733,0.0
topic-5061,privilege against self-incrimination,right to remain silent,llm_rerank_llama3.2_3b_full,Civil Liberties,"[""Civil Liberties"", ""confidentiality"", ""self-governance and ethics"", ""self-governance"", ""jurisprudence""]",5,2.1107006072998047,False,False,False,False,0.375,0.39554089307785034,0.0
topic-1221,Networks,interconnected systems,llm_rerank_llama3.2_3b_full,social networks,"[""social networks"", ""communication channels"", ""interconnected systems"", ""collaborative networks"", ""the web""]",5,1.179856300354004,False,True,True,True,1.0,1.0,0.3333333333333333
topic-1641,networks,interconnected systems,llm_rerank_llama3.2_3b_full,social networks,"[""social networks"", ""communication channels"", ""interconnected systems"", ""collaborative networks"", ""the web""]",5,1.178708791732788,False,True,True,True,1.0,1.0,0.3333333333333333
topic-8684,network industries,interconnected industries,llm_rerank_llama3.2_3b_full,industrial connections,"[""industrial connections"", ""interconnected industries"", ""service sector"", ""businesses"", ""internet technology""]",5,1.1598265171051025,False,True,True,True,1.0,0.9999998211860657,0.5
topic-3061,neural networks,artificial neural networks,llm_rerank_llama3.2_3b_full,artificial neural networks,"[""artificial neural networks"", ""computational models"", ""machine intelligence"", ""automated learning"", ""learning techniques""]",5,1.7994403839111328,True,True,True,True,1.0,0.9999999403953552,1.0
topic-8943,neurophysiology,neural physiology,llm_rerank_llama3.2_3b_full,neural physiology,"[""neural physiology"", ""neurobehavioral science"", ""neurocognitive psychology"", ""neuropharmacology"", ""physiological psychology""]",5,1.5356383323669434,True,True,True,True,1.0,1.0,1.0
topic-1979,neuropsychology,brain-behavior science,llm_rerank_llama3.2_3b_full,neurocognitive psychology,"[""neurocognitive psychology"", ""neuropsychological therapy"", ""neurobehavioral science"", ""brain-behavior science"", ""cognitive psychology theory""]",5,1.3269479274749756,False,True,False,True,1.0,1.000000238418579,0.25
topic-2130,nietzsche,Nietzschean philosophy,llm_rerank_llama3.2_3b_full,Nietzschean philosophy,"[""Nietzschean philosophy"", ""contemporary philosopher"", ""literary philosopher"", ""critical theorist"", ""Marxism""]",5,1.991126537322998,True,True,True,True,1.0,1.0000001192092896,1.0
topic-7401,new testament,Christian Scriptures,llm_rerank_llama3.2_3b_full,Christian Scriptures,"[""Christian Scriptures"", ""biblical studies"", ""Bible interpretation"", ""scripture translations"", ""theological literature""]",5,1.2613959312438965,True,True,True,True,1.0,1.0,1.0
topic-7501,nonresponse,no response,llm_rerank_llama3.2_3b_full,no response,"[""no response"", ""destitution"", ""joblessness"", ""assistance"", ""responsibility law""]",5,1.2107484340667725,True,True,True,True,1.0,1.0,1.0
topic-2680,non profit sector,charitable sector,llm_rerank_llama3.2_3b_full,charitable sector,"[""charitable sector"", ""charitable organizations"", ""non-profit management"", ""service sector"", ""government sector""]",5,1.8504159450531006,True,True,True,True,1.0,1.0,1.0
topic-16682,Nonverbal communication,body language,llm_rerank_llama3.2_3b_full,body language,"[""body language"", ""facial cues"", ""linguistic behavior"", ""cross-cultural communication"", ""interpersonal skills""]",5,1.2176616191864014,True,True,True,True,1.0,1.0,1.0
topic-3065,nonprofit organisations,charitable organizations,llm_rerank_llama3.2_3b_full,charitable organizations,"[""charitable organizations"", ""charitable sector"", ""humanitarian aid"", ""public management"", ""administrative organisation""]",5,1.2557404041290283,True,True,True,True,1.0,1.0000001192092896,1.0
topic-5766,numerical analysis,computational mathematics,llm_rerank_llama3.2_3b_full,computational mathematics,"[""computational mathematics"", ""computational modeling"", ""parameter estimation"", ""data analysis"", ""simulation""]",5,1.221163034439087,True,True,True,True,1.0,1.0000001192092896,1.0
topic-1923,"ecumenism, ecumenical theology",Christian unity,llm_rerank_llama3.2_3b_full,theological literature,"[""theological literature"", ""ecclesiastical authority"", ""Middle Ages theology"", ""liturgical theology"", ""doctrinal theology""]",5,1.6006643772125244,False,False,False,False,0.5641025641025641,0.47104668617248535,0.0
topic-1645,moot court,mock trial,llm_rerank_llama3.2_3b_full,mock trial,"[""mock trial"", ""judicial performance"", ""jurisprudence"", ""civil litigation law"", ""disputes""]",5,1.2366461753845215,True,True,True,True,1.0,1.0,1.0
topic-1647,sales tax,value-added tax,llm_rerank_llama3.2_3b_full,value-added tax,"[""value-added tax"", ""company tax"", ""fiscal law"", ""global tax law"", ""EU tax regulations""]",5,2.1274478435516357,True,True,True,True,1.0,1.0,1.0
topic-11343,negotiating,negotiation,llm_rerank_llama3.2_3b_full,negotiation,"[""negotiation"", ""dispute resolution"", ""Cooperation"", ""bidding"", ""union contracts""]",5,1.2004790306091309,True,True,True,True,1.0,1.0,1.0
topic-5421,entrepreneurship,business creation,llm_rerank_llama3.2_3b_full,business creation,"[""business creation"", ""small businesses"", ""organizational growth"", ""economic development"", ""employment economics""]",5,1.5666985511779785,True,True,True,True,1.0,1.0000001192092896,1.0
topic-1651,enterprises,businesses,llm_rerank_llama3.2_3b_full,businesses,"[""businesses"", ""business administration"", ""business finance"", ""business creation"", ""business strategy""]",5,1.3575634956359863,True,True,True,True,1.0,0.9999998807907104,1.0
topic-1652,corporate finance,business finance,llm_rerank_llama3.2_3b_full,business finance,"[""business finance"", ""financial management"", ""global finance"", ""business finance; global finance"", ""financial economics""]",5,2.0317347049713135,True,True,True,True,1.0,1.0,1.0
topic-5550,corporate models,business frameworks,llm_rerank_llama3.2_3b_full,financial modeling,"[""financial modeling"", ""business strategy"", ""managerial economics"", ""economic modeling"", ""business creation""]",5,1.1858155727386475,False,False,False,False,0.6666666666666667,0.5538592338562012,0.0
topic-13402,works council,employee council,llm_rerank_llama3.2_3b_full,employee council,"[""employee council"", ""collaborative work"", ""labor unions"", ""administrative organisation"", ""authority""]",5,1.096635341644287,True,True,True,True,1.0,0.9999999403953552,1.0
topic-1653,company law,corporate law,llm_rerank_llama3.2_3b_full,corporate law,"[""corporate law"", ""business law"", ""contract law"", ""antitrust law"", ""economic law""]",5,1.2617478370666504,True,True,True,True,1.0,1.0,1.0
topic-1654,company strategy,business strategy,llm_rerank_llama3.2_3b_full,business strategy,"[""business strategy"", ""strategic planning"", ""marketing strategy"", ""corporate management"", ""profit distribution strategy""]",5,1.1601884365081787,True,True,True,True,1.0,1.000000238418579,1.0
topic-1655,company assessment (*),business valuation,llm_rerank_llama3.2_3b_full,financial evaluation,"[""financial evaluation"", ""business valuation"", ""business analytics"", ""organizational studies"", ""corporate management""]",5,1.3323047161102295,False,True,True,True,1.0,1.0,0.5
topic-7561,education,schooling,llm_rerank_llama3.2_3b_full,schooling,"[""schooling"", ""skills training"", ""institutions"", ""elementary education"", ""linguistic education""]",5,1.1654627323150635,True,True,True,True,1.0,1.0,1.0
topic-1656,educational and training psychology,instructional psychology,llm_rerank_llama3.2_3b_full,instructional psychology,"[""instructional psychology"", ""occupational psychology"", ""work psychology"", ""industrial psychology"", ""cognitive psychology""]",5,1.1632046699523926,True,True,True,True,1.0,1.0000001192092896,1.0
topic-1657,educational law,school law,llm_rerank_llama3.2_3b_full,school law,"[""school law"", ""educational sociology"", ""educational technology"", ""elementary education"", ""schooling""]",5,2.0618910789489746,True,True,True,True,1.0,1.0,1.0
topic-13281,sociology of education,educational sociology,llm_rerank_llama3.2_3b_full,educational sociology,"[""educational sociology"", ""religious sociology"", ""social science"", ""family sociology"", ""legal sociology""]",5,1.2403051853179932,True,True,True,True,1.0,1.0000001192092896,1.0
topic-7562,research,investigation,llm_rerank_llama3.2_3b_full,basic research,"[""basic research"", ""research methods"", ""study methods"", ""data analysis"", ""historical study""]",5,1.1497228145599365,False,False,False,False,0.41379310344827597,0.48124393820762634,0.0
topic-9202,research design,study plan,llm_rerank_llama3.2_3b_full,research methods,"[""research methods"", ""study methods"", ""survey design"", ""basic research"", ""study plan""]",5,1.1658356189727783,False,True,False,True,1.0,0.9999998807907104,0.2
topic-9421,online dispute resolution,e-mediation,llm_rerank_llama3.2_3b_full,dispute resolution,"[""dispute resolution"", ""conflict resolution"", ""negotiation"", ""disputes"", ""equitable justice""]",5,1.8434422016143799,False,False,False,False,0.6363636363636364,0.4345231056213379,0.0
topic-2285,online shopping,internet shopping,llm_rerank_llama3.2_3b_full,e-commerce,"[""e-commerce"", ""internet shopping"", ""online retail"", ""global commerce"", ""online services""]",5,1.1270601749420166,False,True,True,True,1.0,1.000000238418579,0.5
topic-6281,ontology,metaphysical study,llm_rerank_llama3.2_3b_full,theory of knowledge,"[""theory of knowledge"", ""machine semantics"", ""scientific philosophy"", ""knowledge systems"", ""information modeling""]",5,1.2113096714019775,False,False,False,False,0.41025641025641024,0.5119161605834961,0.0
topic-2616,cooperative information system development,Collaborative Information Systems Development,llm_rerank_llama3.2_3b_full,Collaborative Information Systems Development,"[""Collaborative Information Systems Development"", ""collaborative information systems"", ""collaborative systems"", ""information systems management"", ""collaborative work""]",5,2.265467882156372,True,True,True,True,1.0,1.0000001192092896,1.0
topic-3088,development economics,economic development,llm_rerank_llama3.2_3b_full,economic development,"[""economic development"", ""development"", ""industrial economics"", ""government economics"", ""global economics""]",5,1.1138124465942383,True,True,True,True,1.0,1.0,1.0
topic-1659,developing countries,emerging economies,llm_rerank_llama3.2_3b_full,emerging economies,"[""emerging economies"", ""development"", ""human development"", ""global economics"", ""local economic growth""]",5,4.021216869354248,True,True,True,True,1.0,1.000000238418579,1.0
topic-1660,developing countries; economy,emerging economies,llm_rerank_llama3.2_3b_full,economic development,"[""economic development"", ""emerging economies"", ""local economic growth"", ""economic condition"", ""national economics""]",5,1.3412177562713623,False,True,True,True,1.0,1.000000238418579,0.5
topic-13241,eye tracking,gaze tracking,llm_rerank_llama3.2_3b_full,gaze tracking,"[""gaze tracking"", ""human-computer interaction"", ""facial cues"", ""sight perception"", ""learning techniques""]",5,1.7756576538085938,True,True,True,True,1.0,1.0,1.0
topic-3385,Eastern Europe,East Europe,llm_rerank_llama3.2_3b_full,East Europe,"[""East Europe"", ""EU politics"", ""Latvian Republic"", ""Brabant region"", ""regional administration""]",5,2.0331974029541016,True,True,True,True,1.0,1.000000238418579,1.0
topic-1665,public administration,public management,llm_rerank_llama3.2_3b_full,administration,"[""administration"", ""public management"", ""business administration"", ""government sector"", ""health care administration""]",5,1.1338295936584473,False,True,True,True,1.0,1.0000001192092896,0.5
topic-1666,public finance,government finance,llm_rerank_llama3.2_3b_full,government finance,"[""government finance"", ""financial policy"", ""municipal finance"", ""government economics"", ""financial regulation""]",5,1.0999755859375,True,True,True,True,1.0,0.9999998807907104,1.0
topic-1667,public finance of local authorities,municipal finance,llm_rerank_llama3.2_3b_full,municipal finance,"[""municipal finance"", ""public finance"", ""government finance"", ""public management"", ""government economics""]",5,1.256868600845337,True,True,True,True,1.0,1.0000001192092896,1.0
topic-2236,revelation,divine disclosure,llm_rerank_llama3.2_3b_full,divine disclosure,"[""divine disclosure"", ""doctrine"", ""Christian unity"", ""theological literature"", ""modern theological themes""]",5,1.2065260410308838,True,True,True,True,1.0,0.9999998807907104,1.0
topic-3095,operations research,operational analysis,llm_rerank_llama3.2_3b_full,operational analysis,"[""operational analysis"", ""industrial economics"", ""organizational studies"", ""organizational growth"", ""organizational transformation""]",5,1.2194788455963135,True,True,True,True,1.0,1.000000238418579,1.0
topic-5941,options,financial derivatives,llm_rerank_llama3.2_3b_full,sex,"[""sex"", ""assistance"", ""customization"", ""option valuation"", ""decision process""]",5,0.602881669998169,False,False,False,False,0.3783783783783784,0.29419368505477905,0.0
topic-1669,option pricing,option valuation,llm_rerank_llama3.2_3b_full,option valuation,"[""option valuation"", ""asset valuation"", ""market analysis"", ""business valuation"", ""investing""]",5,1.4186763763427734,True,True,True,True,1.0,1.0000001192092896,1.0
topic-3099,optimisation,improvement,llm_rerank_llama3.2_3b_full,process optimization,"[""process optimization"", ""operational analysis"", ""parameter estimation"", ""computational models"", ""efficiency""]",5,1.1633942127227783,False,False,False,False,0.3870967741935484,0.4821779131889343,0.0
topic-12402,parenting,child rearing,llm_rerank_llama3.2_3b_full,child rearing,"[""child rearing"", ""human development"", ""family sociology"", ""youth support"", ""family economics""]",5,1.1146926879882812,True,True,True,True,1.0,1.0,1.0
topic-1670,organisation,institution,llm_rerank_llama3.2_3b_full,organizational structure,"[""organizational structure"", ""business administration"", ""corporate management"", ""administration"", ""organizational theory""]",5,1.1701979637145996,False,False,False,False,0.64,0.50059974193573,0.0
topic-1671,organisation and management,business administration,llm_rerank_llama3.2_3b_full,business administration,"[""business administration"", ""corporate management"", ""administrative organisation"", ""organizational structure"", ""personnel management""]",5,1.1851654052734375,True,True,True,True,1.0,0.9999999403953552,1.0
topic-16564,organizational commitment,workplace loyalty,llm_rerank_llama3.2_3b_full,workplace loyalty,"[""workplace loyalty"", ""organizational influence"", ""personnel management"", ""organizational studies"", ""adaptive organizations""]",5,1.4705467224121094,True,True,True,True,1.0,1.0000001192092896,1.0
topic-1960,organisational culture,corporate culture,llm_rerank_llama3.2_3b_full,corporate culture,"[""corporate culture"", ""cultural practices"", ""global culture"", ""organizational influence"", ""cultural communities""]",5,1.1736910343170166,True,True,True,True,1.0,1.0,1.0
topic-3105,organizational design,organizational structure,llm_rerank_llama3.2_3b_full,organizational structure,"[""organizational structure"", ""organizational theory"", ""organizational studies"", ""organizational transformation"", ""organizational influence""]",5,1.1268982887268066,True,True,True,True,1.0,1.0,1.0
topic-1672,organisational development,organizational growth,llm_rerank_llama3.2_3b_full,development,"[""development"", ""organizational growth"", ""organizational structure"", ""employee development"", ""administrative organisation""]",5,1.2147364616394043,False,True,True,True,1.0,1.0,0.5
topic-1673,organisational psychology,industrial psychology,llm_rerank_llama3.2_3b_full,work psychology,"[""work psychology"", ""occupational psychology"", ""industrial psychology"", ""theoretical psychology"", ""cognitive psychology""]",5,1.2615165710449219,False,True,True,True,1.0,1.0000001192092896,0.3333333333333333
topic-7581,organisations,institutions,llm_rerank_llama3.2_3b_full,businesses,"[""businesses"", ""corporate management"", ""employee council"", ""mixed organization"", ""administrative organisation""]",5,1.2075951099395752,False,False,False,False,0.4666666666666666,0.4890471398830414,0.0
topic-1674,organisational sociology,sociology of organizations,llm_rerank_llama3.2_3b_full,sociology of organizations,"[""sociology of organizations"", ""organizational studies"", ""organizational theory"", ""organizational structure"", ""mixed organization""]",5,1.9711065292358398,True,True,True,True,1.0,1.000000238418579,1.0
topic-3104,organisation theory,organizational theory,llm_rerank_llama3.2_3b_full,organizational theory,"[""organizational theory"", ""institutional theory"", ""sociology of organizations"", ""organizational studies"", ""organizational influence""]",5,1.9686222076416016,True,True,True,True,1.0,1.0,1.0
topic-2266,organisational change,organizational transformation,llm_rerank_llama3.2_3b_full,organizational transformation,"[""organizational transformation"", ""reorganisation"", ""administrative organisation"", ""organizational structure"", ""organizational theory""]",5,1.2541768550872803,True,True,True,True,1.0,1.0000001192092896,1.0
topic-6762,organisation studies,organizational studies,llm_rerank_llama3.2_3b_full,organizational studies,"[""organizational studies"", ""sociology of organizations"", ""organizational theory"", ""organizational structure"", ""corporate management""]",5,1.4537286758422852,True,True,True,True,1.0,1.000000238418579,1.0
topic-1676,old testament,Hebrew Bible,llm_rerank_llama3.2_3b_full,Hebrew Bible,"[""Hebrew Bible"", ""Tanakh"", ""Christian Scriptures"", ""Bible interpretation"", ""scripture translations""]",5,1.198073148727417,True,True,True,True,1.0,1.0,1.0
topic-2275,aging,growing old,llm_rerank_llama3.2_3b_full,growing old,"[""growing old"", ""senior citizens"", ""long-term illnesses"", ""retirement benefits"", ""population aging""]",5,1.1834931373596191,True,True,True,True,1.0,1.0000001192092896,1.0
topic-9341,older workers,senior employees,llm_rerank_llama3.2_3b_full,senior employees,"[""senior employees"", ""population aging"", ""senior citizens"", ""employment participation"", ""employee development""]",5,2.8911375999450684,True,True,True,True,1.0,1.0,1.0
topic-7061,elderly people,senior citizens,llm_rerank_llama3.2_3b_full,senior citizens,"[""senior citizens"", ""senior employees"", ""households"", ""strangers"", ""survivors""]",5,1.2118024826049805,True,True,True,True,1.0,1.0,1.0
topic-1678,government policy,public policy,llm_rerank_llama3.2_3b_full,public policy,"[""public policy"", ""budgetary policy"", ""financial policy"", ""employment policy"", ""health policy""]",5,1.1153695583343506,True,True,True,True,1.0,1.000000238418579,1.0
topic-6261,public economics,government economics,llm_rerank_llama3.2_3b_full,public finance,"[""public finance"", ""government economics"", ""public policy"", ""global economics"", ""national economics""]",5,1.3733272552490234,False,True,True,True,1.0,1.0000001192092896,0.5
topic-1679,government finance,public finance,llm_rerank_llama3.2_3b_full,public finance,"[""public finance"", ""financial policy"", ""financial regulation"", ""financial economics"", ""financial systems""]",5,1.1294877529144287,True,True,True,True,1.0,1.0000001192092896,1.0
topic-1681,mergers,consolidations,llm_rerank_llama3.2_3b_full,consolidations,"[""consolidations"", ""strategic partnerships"", ""financial partnerships"", ""inter-firm relationships"", ""reorganisation""]",5,1.1998305320739746,True,True,True,True,1.0,0.9999998807907104,1.0
topic-12321,minor mental disorders,emotional exhaustion,llm_rerank_llama3.2_3b_full,psychological disorders,"[""psychological disorders"", ""mental health and spirituality"", ""health psychology"", ""youth support"", ""attention deficit disorder""]",5,1.2357959747314453,False,False,False,False,0.43999999999999995,0.4453619122505188,0.0
topic-1682,paneldata and latent variables,longitudinal data and hidden variables,llm_rerank_llama3.2_3b_full,longitudinal data and hidden variables,"[""longitudinal data and hidden variables"", ""chronological data"", ""government finance"", ""government sector"", ""income tax""]",5,2.3194146156311035,True,True,True,True,1.0,1.000000238418579,1.0
topic-1683,pastoral psychology,Pastoral Counseling Psychology,llm_rerank_llama3.2_3b_full,Pastoral Counseling Psychology,"[""Pastoral Counseling Psychology"", ""Catholic pastoral care"", ""spiritual counseling"", ""religious sociology"", ""theological literature""]",5,1.6021711826324463,True,True,True,True,1.0,0.9999999403953552,1.0
topic-1684,pastoral sociology,sociology of pastoral care,llm_rerank_llama3.2_3b_full,sociology of pastoral care,"[""sociology of pastoral care"", ""Catholic pastoral care"", ""Pastoral Counseling Psychology"", ""religious psychology"", ""Christian cultural studies""]",5,1.6609513759613037,True,True,True,True,1.0,1.0000001192092896,1.0
topic-1685,pastoral theology,spiritual care theology,llm_rerank_llama3.2_3b_full,Catholic pastoral care,"[""Catholic pastoral care"", ""spiritual care theology"", ""applied theology"", ""liturgical theology"", ""theological literature""]",5,1.620478868484497,False,True,True,True,1.0,1.0000001192092896,0.5
topic-1891,priesthood/pastoral care,clerical ministry,llm_rerank_llama3.2_3b_full,Catholic pastoral care,"[""Catholic pastoral care"", ""spiritual care"", ""clerical ministry"", ""Pastoral Counseling Psychology"", ""liturgical theology""]",5,1.2058358192443848,False,True,True,True,1.0,0.9999998211860657,0.3333333333333333
topic-363,pastoral counseling,spiritual counseling,llm_rerank_llama3.2_3b_full,Catholic pastoral care,"[""Catholic pastoral care"", ""spiritual counseling"", ""spiritual care"", ""spiritual guidance"", ""religious psychology""]",5,1.8380029201507568,False,True,True,True,1.0,1.0000001192092896,0.5
topic-2180,pastoral assistance,spiritual support,llm_rerank_llama3.2_3b_full,Catholic pastoral care,"[""Catholic pastoral care"", ""spiritual support"", ""spiritual care"", ""sociology of pastoral care"", ""Pastoral Counseling Psychology""]",5,1.2737393379211426,False,True,True,True,1.0,1.0,0.5
topic-16922,Ecclesiastical Latin New Testament Greek,Patristic studies,llm_rerank_llama3.2_3b_full,ecclesiastical Latin,"[""ecclesiastical Latin"", ""ecclesiastical authority"", ""New Testament studies"", ""early Christian texts"", ""scripture translations""]",5,0.9403598308563232,False,False,False,False,0.5789473684210527,0.44061559438705444,0.0
topic-15702,pensions,retirement benefits,llm_rerank_llama3.2_3b_full,retirement benefits,"[""retirement benefits"", ""retirement economics"", ""welfare payments"", ""government finance"", ""budgetary policy""]",5,1.159454107284546,True,True,True,True,1.0,1.0000001192092896,1.0
topic-15442,"pensions, pension deal, pensioenfondsen",retirement benefits,llm_rerank_llama3.2_3b_full,retirement benefits,"[""retirement benefits"", ""investment fund"", ""investment funds"", ""public finance"", ""government finance""]",5,1.1832447052001953,True,True,True,True,1.0,1.0000001192092896,1.0
topic-6061,perception,awareness,llm_rerank_llama3.2_3b_full,sight perception,"[""sight perception"", ""hearing perception"", ""sensory awareness"", ""mental science"", ""cognitive psychology""]",5,1.2522337436676025,False,False,False,False,0.6923076923076923,0.6843878030776978,0.0
topic-41,Personalization,customization,llm_rerank_llama3.2_3b_full,customization,"[""customization"", ""recommendation engine"", ""collaborative systems"", ""human-computer interaction"", ""information processing""]",5,1.1455366611480713,True,True,True,True,1.0,1.0000001192092896,1.0
topic-1690,psychology of human resources,occupational psychology,llm_rerank_llama3.2_3b_full,occupational psychology,"[""occupational psychology"", ""work psychology"", ""industrial psychology"", ""interpersonal psychology"", ""employee development""]",5,1.479182481765747,True,True,True,True,1.0,1.0,1.0
topic-8701,human resource development,employee development,llm_rerank_llama3.2_3b_full,human development,"[""human development"", ""skill development"", ""talent development"", ""Capability development"", ""employee development""]",5,1.3648126125335693,False,True,False,True,1.0,1.0000001192092896,0.2
topic-1691,human resources sciences,personnel sciences,llm_rerank_llama3.2_3b_full,personnel sciences,"[""personnel sciences"", ""organizational studies"", ""work psychology"", ""occupational psychology"", ""employment relations""]",5,1.1797900199890137,True,True,True,True,1.0,1.000000238418579,1.0
topic-1692,persons and family law,family law,llm_rerank_llama3.2_3b_full,family law,"[""family law"", ""domestic relations law"", ""marital property law"", ""inheritance law"", ""responsibility law""]",5,1.7841479778289795,True,True,True,True,1.0,1.0000001192092896,1.0
topic-364,personal growth,self-improvement,llm_rerank_llama3.2_3b_full,self-improvement,"[""self-improvement"", ""human development"", ""work-life balance"", ""quality of worklife"", ""skill development""]",5,1.177354097366333,True,True,True,True,1.0,1.0,1.0
topic-2226,personality,character,llm_rerank_llama3.2_3b_full,interpersonal psychology,"[""interpersonal psychology"", ""interpersonal skills"", ""self-concept"", ""emotional well-being"", ""psychological well-being""]",5,1.0871756076812744,False,False,False,False,0.2857142857142857,0.3629090487957001,0.0
topic-2124,personality and health,health psychology,llm_rerank_llama3.2_3b_full,quality of life,"[""quality of life"", ""psychological well-being"", ""interpersonal psychology"", ""health psychology"", ""life quality""]",5,1.1691484451293945,False,True,False,True,1.0,1.0,0.25
topic-10922,persuasive communication,persuasion,llm_rerank_llama3.2_3b_full,persuasion,"[""persuasion"", ""persuasive speech"", ""communication channels"", ""faith-based communication"", ""corporate communication ethics""]",5,1.9357261657714844,True,True,True,True,1.0,1.0000001192092896,1.0
topic-5601,philosophy of mind,mental philosophy,llm_rerank_llama3.2_3b_full,mental philosophy,"[""mental philosophy"", ""cognitive psychology"", ""scientific philosophy"", ""philosophy of psychology"", ""mind-body medicine""]",5,1.5699093341827393,True,True,True,True,1.0,1.000000238418579,1.0
topic-1908,pluralism,diversity,llm_rerank_llama3.2_3b_full,diverse society,"[""diverse society"", ""minority cultures"", ""cultural philosophy"", ""social unity"", ""religious philosophy""]",5,1.6405658721923828,False,False,False,False,0.75,0.7810331583023071,0.0
topic-4234,pastoral care,spiritual care,llm_rerank_llama3.2_3b_full,spiritual care,"[""spiritual care"", ""spiritual support"", ""spiritual counseling"", ""Catholic pastoral care"", ""psychological care""]",5,1.2929112911224365,True,True,True,True,1.0,1.0,1.0
topic-10961,consensus democracy,Consensus-based democracy,llm_rerank_llama3.2_3b_full,Consensus-based democracy,"[""Consensus-based democracy"", ""self-governance"", ""community governance"", ""popular government"", ""Cooperation""]",5,1.1020374298095703,True,True,True,True,1.0,1.0,1.0
topic-1694,political science,government studies,llm_rerank_llama3.2_3b_full,social science,"[""social science"", ""government studies"", ""political strategist"", ""political theory"", ""liberal political theory""]",5,1.112428903579712,False,True,True,True,1.0,1.000000238418579,0.5
topic-1695,politics,governance,llm_rerank_llama3.2_3b_full,political theory,"[""political theory"", ""government economics"", ""governance"", ""EU politics"", ""social science""]",5,1.1248571872711182,False,True,True,True,1.0,1.0,0.3333333333333333
topic-1696,political and administrative crisis,governance crisis,llm_rerank_llama3.2_3b_full,governance crisis,"[""governance crisis"", ""public management"", ""government sector"", ""administration"", ""bureaucratic reform""]",5,1.2113614082336426,True,True,True,True,1.0,1.0,1.0
topic-1697,political philosophy / political ethics,political theory,llm_rerank_llama3.2_3b_full,political-economic ethics,"[""political-economic ethics"", ""moral philosophy"", ""self-governance and ethics"", ""social ethics"", ""legal philosophy""]",5,1.2145533561706543,False,False,False,False,0.5853658536585367,0.46794670820236206,0.0
topic-1698,political parties,Political Groups,llm_rerank_llama3.2_3b_full,Political Groups,"[""Political Groups"", ""public policy"", ""electoral methods"", ""popular government"", ""welfare politics""]",5,1.474229335784912,True,True,True,True,1.0,1.000000238418579,1.0
topic-3370,portfolio theory,investment theory,llm_rerank_llama3.2_3b_full,financial economics,"[""financial economics"", ""investment theory"", ""capital markets"", ""stock market"", ""market analysis""]",5,1.112579584121704,False,True,True,True,1.0,1.0000001192092896,0.5
topic-2168,postmodernism,post-structuralism,llm_rerank_llama3.2_3b_full,post-structuralism,"[""post-structuralism"", ""contemporary philosopher"", ""literary analysis"", ""Marxist theory"", ""cyber culture""]",5,1.636582374572754,True,True,True,True,1.0,1.0000001192092896,1.0
topic-1701,practical theology,applied theology,llm_rerank_llama3.2_3b_full,applied theology,"[""applied theology"", ""spiritual care theology"", ""liturgical theology"", ""theological literature"", ""doctrinal theology""]",5,1.6023073196411133,True,True,True,True,1.0,1.0,1.0
topic-15522,performance indicators,performance metrics,llm_rerank_llama3.2_3b_full,performance metrics,"[""performance metrics"", ""data analysis"", ""financial evaluation"", ""operational analysis"", ""business analytics""]",5,1.1418790817260742,True,True,True,True,1.0,0.9999999403953552,1.0
topic-1702,private law,civil law,llm_rerank_llama3.2_3b_full,civil law,"[""civil law"", ""business law"", ""corporate law"", ""family law"", ""economic law""]",5,1.3169143199920654,True,True,True,True,1.0,1.000000238418579,1.0
topic-1704,privacy,confidentiality,llm_rerank_llama3.2_3b_full,confidentiality,"[""confidentiality"", ""Civil Liberties"", ""external disclosure"", ""public-private divide"", ""cybercrime""]",5,1.5204756259918213,True,True,True,True,1.0,0.9999999403953552,1.0
topic-3126,privatization,deregulation,llm_rerank_llama3.2_3b_full,deregulation,"[""deregulation"", ""managerial economics"", ""regulatory economics"", ""corporate consolidation"", ""government economics""]",5,1.3736555576324463,True,True,True,True,1.0,1.0,1.0
topic-1705,procedural law,legal procedure,llm_rerank_llama3.2_3b_full,legal procedure,"[""legal procedure"", ""criminal procedural law"", ""civil law"", ""contract law"", ""business law""]",5,2.0388681888580322,True,True,True,True,1.0,1.0,1.0
topic-1707,production management,manufacturing process management,llm_rerank_llama3.2_3b_full,manufacturing process management,"[""manufacturing process management"", ""supply chain management"", ""logistics management"", ""IT management"", ""global management""]",5,1.4136066436767578,True,True,True,True,1.0,1.0,1.0
topic-3127,productivity,efficiency,llm_rerank_llama3.2_3b_full,efficiency,"[""efficiency"", ""development"", ""advancement"", ""work quality"", ""employee development""]",5,1.0375769138336182,True,True,True,True,1.0,1.0000001192092896,1.0
topic-7062,professionalisation,skill development,llm_rerank_llama3.2_3b_full,modernisation,"[""modernisation"", ""guidance"", ""collaborative work"", ""schooling"", ""advancement""]",5,1.1888055801391602,False,False,False,False,0.5,0.4854905605316162,0.0
topic-3130,programming,coding,llm_rerank_llama3.2_3b_full,coding,"[""coding"", ""development"", ""computational mathematics"", ""software applications"", ""information technology""]",5,1.8103537559509277,True,True,True,True,1.0,1.0,1.0
topic-11671,psychiatry and religion,mental health and spirituality,llm_rerank_llama3.2_3b_full,mental health and spirituality,"[""mental health and spirituality"", ""spiritual care theology"", ""religious psychology"", ""spiritual counseling"", ""religious studies""]",5,1.2427716255187988,True,True,True,True,1.0,1.000000238418579,1.0
topic-6721,mental disorders,psychological disorders,llm_rerank_llama3.2_3b_full,psychological disorders,"[""psychological disorders"", ""health psychology"", ""cognitive psychology"", ""attention deficit disorder"", ""seizure disorder""]",5,1.4913930892944336,True,True,True,True,1.0,1.000000238418579,1.0
topic-9961,psycho-oncology,cancer psychology,llm_rerank_llama3.2_3b_full,cancer psychology,"[""cancer psychology"", ""health psychology"", ""psychological care"", ""talk therapy"", ""neuropsychological therapy""]",5,1.8653652667999268,True,True,True,True,1.0,1.0,1.0
topic-2097,psychopharmacology,neuropharmacology,llm_rerank_llama3.2_3b_full,neuropharmacology,"[""neuropharmacology"", ""health psychology"", ""physiological psychology"", ""mental science"", ""psychological disorders""]",5,1.5476903915405273,True,True,True,True,1.0,0.9999998807907104,1.0
topic-2101,psychophysiology,physiological psychology,llm_rerank_llama3.2_3b_full,neurocognitive psychology,"[""neurocognitive psychology"", ""neural physiology"", ""brain-behavior science"", ""neurobehavioral science"", ""physiological psychology""]",5,1.853475570678711,False,True,False,True,1.0,1.0000001192092896,0.2
topic-1711,psycholinguistics,language psychology,llm_rerank_llama3.2_3b_full,language psychology,"[""language psychology"", ""linguistic behavior"", ""language cognition"", ""social linguistics"", ""practical linguistics""]",5,1.24000883102417,True,True,True,True,1.0,1.000000238418579,1.0
topic-1712,psychology,mental science,llm_rerank_llama3.2_3b_full,cognitive psychology,"[""cognitive psychology"", ""health psychology"", ""industrial psychology"", ""occupational psychology"", ""philosophy of psychology""]",5,1.4041647911071777,False,False,False,False,0.4,0.7141884565353394,0.0
topic-16563,psychological contract,implicit agreement,llm_rerank_llama3.2_3b_full,contract law,"[""contract law"", ""union contracts"", ""work psychology"", ""industrial psychology"", ""occupational psychology""]",5,1.1938319206237793,False,False,False,False,0.303030303030303,0.255795955657959,0.0
topic-2214,psychological marketing,consumer psychology,llm_rerank_llama3.2_3b_full,advertising psychology,"[""advertising psychology"", ""consumer psychology"", ""cognitive psychology"", ""health psychology"", ""theoretical psychology""]",5,1.728839635848999,False,True,True,True,1.0,1.0,0.5
topic-15742,psychometrics,psychological measurement,llm_rerank_llama3.2_3b_full,research methods and statistics,"[""research methods and statistics"", ""individual econometrics"", ""theoretical psychology"", ""cognitive psychology theory"", ""criminal psychology""]",5,1.1917622089385986,False,False,False,False,0.4615384615384615,0.555878758430481,0.0
topic-1714,psychonomics,cognitive psychology,llm_rerank_llama3.2_3b_full,cognitive psychology,"[""cognitive psychology"", ""mental science"", ""philosophy of psychology"", ""theoretical psychology"", ""industrial psychology""]",5,1.1978986263275146,True,True,True,True,1.0,1.0000001192092896,1.0
topic-1715,psychosomatics,mind-body medicine,llm_rerank_llama3.2_3b_full,health psychology,"[""health psychology"", ""psychological disorders"", ""occupational psychology"", ""industrial psychology"", ""cognitive psychology""]",5,1.8044660091400146,False,False,False,False,0.2564102564102564,0.4757877588272095,0.0
topic-1716,psychotherapy,talk therapy,llm_rerank_llama3.2_3b_full,talk therapy,"[""talk therapy"", ""psychological care"", ""neuropsychological therapy"", ""health psychology"", ""spiritual counseling""]",5,1.3697118759155273,True,True,True,True,1.0,1.0000001192092896,1.0
topic-17222,public/private distinction,public-private divide,llm_rerank_llama3.2_3b_full,public-private divide,"[""public-private divide"", ""external disclosure"", ""EU private law"", ""social disparity"", ""social ethics""]",5,1.1526751518249512,True,True,True,True,1.0,1.000000238418579,1.0
topic-1717,public sector,government sector,llm_rerank_llama3.2_3b_full,government sector,"[""government sector"", ""administration"", ""Municipal governance"", ""government studies"", ""government economics""]",5,1.133148193359375,True,True,True,True,1.0,1.000000238418579,1.0
topic-11241,disasters,Catastrophes,llm_rerank_llama3.2_3b_full,Catastrophes,"[""Catastrophes"", ""governance crisis"", ""economic meltdown"", ""humanitarian aid"", ""refugees""]",5,1.2494964599609375,True,True,True,True,1.0,1.000000238418579,1.0
topic-5635,rawls,John Rawls' theories,llm_rerank_llama3.2_3b_full,John Rawls' theories,"[""John Rawls' theories"", ""cultural legacy"", ""Tamazight"", ""IdM"", ""strangers""]",5,1.1737377643585205,True,True,True,True,1.0,0.9999999403953552,1.0
topic-12042,law and economics,economic law,llm_rerank_llama3.2_3b_full,regulatory economics,"[""regulatory economics"", ""financial economics"", ""economic law"", ""government economics"", ""national economics""]",5,1.188037633895874,False,True,True,True,1.0,1.0,0.3333333333333333
topic-1719,law and informatization/computerization,legal informatics,llm_rerank_llama3.2_3b_full,IT law,"[""IT law"", ""legal informatics"", ""information technology"", ""data law"", ""jurisprudence""]",5,2.0216684341430664,False,True,True,True,1.0,1.0000001192092896,0.5
topic-9463,judiciary system,judiciary,llm_rerank_llama3.2_3b_full,judicial performance,"[""judicial performance"", ""legal governance"", ""jurisprudence"", ""judiciary"", ""South African legal system""]",5,1.2151708602905273,False,True,False,True,1.0,0.9999999403953552,0.25
topic-2248,legal principles,legal doctrines,llm_rerank_llama3.2_3b_full,jurisprudence,"[""jurisprudence"", ""legal theory"", ""legal philosophy"", ""legal governance"", ""legal history""]",5,1.0381531715393066,False,False,False,False,0.6451612903225806,0.7151803374290466,0.0
topic-1721,philosophy of law,legal philosophy,llm_rerank_llama3.2_3b_full,legal philosophy,"[""legal philosophy"", ""jurisprudence"", ""moral philosophy"", ""legal theory"", ""Empirical jurisprudence""]",5,1.337007761001587,True,True,True,True,1.0,0.9999998807907104,1.0
topic-1722,history of law,legal history,llm_rerank_llama3.2_3b_full,legal history,"[""legal history"", ""history of constitutional law"", ""international legal history"", ""jurisprudence"", ""legal theory""]",5,1.8740780353546143,True,True,True,True,1.0,1.0000001192092896,1.0
topic-1723,computer science law,IT law,llm_rerank_llama3.2_3b_full,IT law,"[""IT law"", ""legal informatics"", ""data law"", ""corporate law"", ""economic law""]",5,1.9641246795654297,True,True,True,True,1.0,1.0000001192092896,1.0
topic-1724,legal persons law,corporate law,llm_rerank_llama3.2_3b_full,civil law,"[""civil law"", ""jurisprudence"", ""business law"", ""family law"", ""legal philosophy""]",5,1.9210259914398193,False,False,False,False,0.4545454545454546,0.8244169354438782,0.0
topic-1725,sociology of law,legal sociology,llm_rerank_llama3.2_3b_full,legal sociology,"[""legal sociology"", ""legal philosophy"", ""legal governance"", ""legal theory"", ""jurisprudence""]",5,2.1290066242218018,True,True,True,True,1.0,1.0,1.0
topic-2186,rule of law,legal governance,llm_rerank_llama3.2_3b_full,regulatory law,"[""regulatory law"", ""civil law"", ""corporate law"", ""global law"", ""fundamental law""]",5,1.1858243942260742,False,False,False,False,0.4,0.5880920886993408,0.0
topic-1726,legal theory,jurisprudence,llm_rerank_llama3.2_3b_full,jurisprudence,"[""jurisprudence"", ""legal philosophy"", ""legal sociology"", ""legal doctrines"", ""legal interpretation""]",5,1.1260766983032227,True,True,True,True,1.0,1.0000001192092896,1.0
topic-1727,comparative law,legal comparison,llm_rerank_llama3.2_3b_full,legal comparison,"[""legal comparison"", ""jurisprudence"", ""legal theory"", ""business law"", ""global law""]",5,1.946028709411621,True,True,True,True,1.0,1.0,1.0
topic-1728,judicial construction,legal interpretation,llm_rerank_llama3.2_3b_full,jurisprudence,"[""jurisprudence"", ""legal governance"", ""judicial performance"", ""legal philosophy"", ""history of constitutional law""]",5,1.367462158203125,False,False,False,False,0.5555555555555556,0.632212221622467,0.0
topic-2058,advertising,promotion,llm_rerank_llama3.2_3b_full,marketing strategy,"[""marketing strategy"", ""service promotion"", ""promotion"", ""commercial policy"", ""businesses""]",5,1.0292556285858154,False,True,True,True,1.0,1.0,0.3333333333333333
topic-1996,advertising and ethics,ethical marketing,llm_rerank_llama3.2_3b_full,corporate communication ethics,"[""corporate communication ethics"", ""professional ethics"", ""commercial policy"", ""ethical marketing"", ""corporate ethics""]",5,1.1835887432098389,False,True,False,True,1.0,0.9999999403953552,0.25
topic-2209,psychology of advertising,advertising psychology,llm_rerank_llama3.2_3b_full,advertising psychology,"[""advertising psychology"", ""consumer psychology"", ""cognitive psychology"", ""behavioral economics"", ""persuasion""]",5,1.083519458770752,True,True,True,True,1.0,1.0,1.0
topic-4641,recreation,leisure activities,llm_rerank_llama3.2_3b_full,leisure activities,"[""leisure activities"", ""free time"", ""wildlands"", ""cultural adaptation"", ""volunteer service""]",5,1.2077133655548096,True,True,True,True,1.0,1.0,1.0
topic-5626,reductionism,simplification,llm_rerank_llama3.2_3b_full,Marxist theory,"[""Marxist theory"", ""scientific philosophy"", ""political theory"", ""interpretive theory"", ""radical critique""]",5,0.9244272708892822,False,False,False,False,0.5333333333333333,0.21537160873413086,0.0
topic-10481,reflection,contemplation,llm_rerank_llama3.2_3b_full,reflective awareness,"[""reflective awareness"", ""sight perception"", ""spirit"", ""assessment"", ""orthography""]",5,1.158165693283081,False,False,False,False,0.48275862068965514,0.4344273507595062,0.0
topic-5640,regional governance,regional administration,llm_rerank_llama3.2_3b_full,community governance,"[""community governance"", ""Participatory governance"", ""Municipal governance"", ""regional administration"", ""government sector""]",5,2.0158498287200928,False,True,False,True,1.0,1.0,0.25
topic-1729,regional economics,local economics,llm_rerank_llama3.2_3b_full,spatial economics,"[""spatial economics"", ""local economics"", ""industrial economics"", ""cultural economics"", ""government economics""]",5,1.153853416442871,False,True,True,True,1.0,1.0000001192092896,0.5
topic-2150,regional economic development,local economic growth,llm_rerank_llama3.2_3b_full,emerging economies,"[""emerging economies"", ""economic development"", ""local economic growth"", ""spatial economics"", ""global economics""]",5,1.8448922634124756,False,True,True,True,1.0,1.0,0.3333333333333333
topic-3602,regional history,local history,llm_rerank_llama3.2_3b_full,social and cultural history,"[""social and cultural history"", ""historical study"", ""economic history"", ""local history"", ""city history""]",5,1.1901421546936035,False,True,False,True,1.0,1.0,0.25
topic-12205,regulation of new technologies,technology oversight,llm_rerank_llama3.2_3b_full,financial regulation,"[""financial regulation"", ""information technology"", ""technology oversight"", ""internet technology"", ""innovation economics""]",5,1.3115019798278809,False,True,True,True,1.0,1.0,0.3333333333333333
topic-7341,relationship between judaism and christianity,Judeo-Christian relations,llm_rerank_llama3.2_3b_full,Judeo-Christian relations,"[""Judeo-Christian relations"", ""early Christian teachings and Judaism"", ""Christian cultural studies"", ""Christian history"", ""Christian worldview""]",5,1.3289985656738281,True,True,True,True,1.0,1.0,1.0
topic-1730,relations law (*),family law,llm_rerank_llama3.2_3b_full,domestic relations law,"[""domestic relations law"", ""family law"", ""marital property law"", ""inheritance law"", ""interfaith relations""]",5,1.6259841918945312,False,True,True,True,1.0,1.0,0.5
topic-881,religion,religious tradition,llm_rerank_llama3.2_3b_full,faith,"[""faith"", ""spiritual life"", ""religious tradition"", ""Christian worship"", ""religious studies""]",5,1.1509487628936768,False,True,True,True,1.0,1.0,0.3333333333333333
topic-4664,religious fundamentalism,religious extremism,llm_rerank_llama3.2_3b_full,religious extremism,"[""religious extremism"", ""Christian worldview"", ""religious observance and secularism"", ""religious education theory"", ""religious studies""]",5,1.1060853004455566,True,True,True,True,1.0,1.0,1.0
topic-2291,religious leadership,spiritual leadership,llm_rerank_llama3.2_3b_full,Ecclesiastical leadership,"[""Ecclesiastical leadership"", ""Clergy"", ""spiritual leadership"", ""Christian unity"", ""religious sociology""]",5,1.9911799430847168,False,True,True,True,1.0,1.0000001192092896,0.3333333333333333
topic-1889,religious communication,faith-based communication,llm_rerank_llama3.2_3b_full,faith-based communication,"[""faith-based communication"", ""cross-cultural communication"", ""church-state interaction"", ""religious philosophy"", ""religious education theory""]",5,1.2044949531555176,True,True,True,True,1.0,1.000000238418579,1.0
topic-2088,religious market,faith marketplace,llm_rerank_llama3.2_3b_full,faith marketplace,"[""faith marketplace"", ""alternative religious groups"", ""religious education theory"", ""religious philosophy"", ""religious tradition""]",5,1.611905813217163,True,True,True,True,1.0,1.000000238418579,1.0
topic-7684,religious associations,faith-based groups,llm_rerank_llama3.2_3b_full,religious sociology,"[""religious sociology"", ""religious studies"", ""religious tradition"", ""religious philosophy"", ""religious education theory""]",5,1.2150311470031738,False,False,False,False,0.3157894736842105,0.5131455659866333,0.0
topic-8822,catholic care and its tradition,Catholic pastoral care,llm_rerank_llama3.2_3b_full,Catholic pastoral care,"[""Catholic pastoral care"", ""spiritual care"", ""obligation of care"", ""spiritual care theology"", ""current liturgical practice""]",5,1.2060470581054688,True,True,True,True,1.0,1.0,1.0
topic-11601,reorganizations,reorganisation,llm_rerank_llama3.2_3b_full,reorganisation,"[""reorganisation"", ""consolidations"", ""organizational transformation"", ""bureaucratic reform"", ""corporate consolidation""]",5,1.145374059677124,True,True,True,True,1.0,0.9999998211860657,1.0
topic-12601,representation,advocacy,llm_rerank_llama3.2_3b_full,interpretation,"[""interpretation"", ""coding"", ""character"", ""conveyance"", ""group dynamics""]",5,1.1086227893829346,False,False,False,False,0.3529411764705882,0.27150094509124756,0.0
topic-1732,rethorics,persuasive speech,llm_rerank_llama3.2_3b_full,guidance,"[""guidance"", ""authority"", ""administration"", ""advocacy"", ""institutions""]",5,1.134037971496582,False,False,False,False,0.27586206896551724,0.3122589886188507,0.0
topic-2161,convalescence,recovery,llm_rerank_llama3.2_3b_full,dispute resolution,"[""dispute resolution"", ""conflict resolution"", ""interpersonal psychology"", ""work-life conflict"", ""remorse""]",5,0.9253597259521484,False,False,False,False,0.5333333333333333,0.4531165361404419,0.0
topic-10903,rfid,radio-frequency identification,llm_rerank_llama3.2_3b_full,radio-frequency identification,"[""radio-frequency identification"", ""information and communication technology"", ""information technology"", ""internet technology"", ""communication channels""]",5,1.810814619064331,True,True,True,True,1.0,1.0,1.0
topic-3151,risk models,risk assessment models,llm_rerank_llama3.2_3b_full,risk assessment models,"[""risk assessment models"", ""computational models"", ""information modeling"", ""financial modeling"", ""economic modeling""]",5,1.228672981262207,True,True,True,True,1.0,1.0,1.0
topic-12203,risk regulation,risk management,llm_rerank_llama3.2_3b_full,financial regulation,"[""financial regulation"", ""regulatory economics"", ""financial law"", ""policy analysis"", ""commercial policy""]",5,1.1573865413665771,False,False,False,False,0.34285714285714286,0.43350785970687866,0.0
topic-4701,ritual studies,ritual analysis,llm_rerank_llama3.2_3b_full,ritual analysis,"[""ritual analysis"", ""religious ceremonies"", ""cultural practices"", ""divinity studies"", ""Christian cultural studies""]",5,1.2125821113586426,True,True,True,True,1.0,1.0,1.0
topic-2190,rituals,ceremonies,llm_rerank_llama3.2_3b_full,religious ceremonies,"[""religious ceremonies"", ""ceremonies"", ""cultural practices"", ""Christian worship"", ""current liturgical practice""]",5,1.1252963542938232,False,True,True,True,1.0,1.0,0.5
topic-2178,mourning,grieving,llm_rerank_llama3.2_3b_full,grieving,"[""grieving"", ""remembrance"", ""melancholy"", ""remorse"", ""emotional exhaustion""]",5,1.3525221347808838,True,True,True,True,1.0,1.0000001192092896,1.0
topic-621,spatial information / geographical information,location data,llm_rerank_llama3.2_3b_full,location data,"[""location data"", ""city planning"", ""information modeling"", ""spatial interpolation"", ""spatial economics""]",5,1.2676198482513428,True,True,True,True,1.0,1.0,1.0
topic-1736,sacramental theology,sacramentology,llm_rerank_llama3.2_3b_full,liturgical theology,"[""liturgical theology"", ""doctrinal theology"", ""spiritual care theology"", ""Catholic pastoral care"", ""ecclesiastical authority""]",5,1.947817325592041,False,False,False,False,0.5945945945945945,0.2545372545719147,0.0
topic-12301,collaborative learning,cooperative learning,llm_rerank_llama3.2_3b_full,cooperative learning,"[""cooperative learning"", ""collaborative work"", ""collaborative systems"", ""collaborative networks"", ""collaborative information systems""]",5,1.7430026531219482,True,True,True,True,1.0,0.9999999403953552,1.0
topic-17102,Collaboration,Cooperation,llm_rerank_llama3.2_3b_full,Cooperation,"[""Cooperation"", ""collaborative work"", ""strategic partnerships"", ""mixed organization"", ""team dynamics""]",5,1.3054203987121582,True,True,True,True,1.0,1.0000001192092896,1.0
topic-2293,shame,embarrassment,llm_rerank_llama3.2_3b_full,embarrassment,"[""embarrassment"", ""remorse"", ""grieving"", ""worry"", ""IdM""]",5,1.3916330337524414,True,True,True,True,1.0,1.0,1.0
topic-3156,estimation theory,parameter estimation,llm_rerank_llama3.2_3b_full,parameter estimation,"[""parameter estimation"", ""estimation"", ""statistical mathematics"", ""prediction"", ""decision analysis""]",5,1.273632526397705,True,True,True,True,1.0,1.0,1.0
topic-4255,creation (stories of the),origin myths,llm_rerank_llama3.2_3b_full,origin myths,"[""origin myths"", ""scriptural literature"", ""theological literature"", ""conceptions of God"", ""early theologians""]",5,1.2362501621246338,True,True,True,True,1.0,1.0000001192092896,1.0
topic-1739,writing methods/processes/techniques,writing strategies,llm_rerank_llama3.2_3b_full,learning techniques,"[""learning techniques"", ""research methods and statistics"", ""writing strategies"", ""study methods"", ""instructional materials""]",5,1.219252109527588,False,True,True,True,1.0,1.0,0.3333333333333333
topic-4721,guilt,remorse,llm_rerank_llama3.2_3b_full,remorse,"[""remorse"", ""embarrassment"", ""grieving"", ""egoism and guilt"", ""feelings""]",5,1.0752105712890625,True,True,True,True,1.0,1.0,1.0
topic-1888,guilt and sin,moral culpability,llm_rerank_llama3.2_3b_full,moral culpability,"[""moral culpability"", ""remorse"", ""egoism and guilt"", ""Christian statement of belief"", ""Pastoral Counseling Psychology""]",5,1.2758843898773193,True,True,True,True,1.0,1.0,1.0
topic-6921,gender,sex,llm_rerank_llama3.2_3b_full,feminist theology,"[""feminist theology"", ""gender theology"", ""gender disparities"", ""women's liberation"", ""mental science""]",5,1.1028327941894531,False,False,False,False,0.23529411764705888,0.3881036043167114,0.0
topic-2205,gender differences,gender disparities,llm_rerank_llama3.2_3b_full,cultural diversity,"[""cultural diversity"", ""cross-cultural differences"", ""gender disparities"", ""feminist theology"", ""women's liberation""]",5,1.1651966571807861,False,True,True,True,1.0,1.0,0.3333333333333333
topic-2087,sects and new religious movements,alternative religious groups,llm_rerank_llama3.2_3b_full,alternative religious groups,"[""alternative religious groups"", ""faith-based groups"", ""religious sociology"", ""religious studies"", ""modern theological themes""]",5,1.2315397262573242,True,True,True,True,1.0,1.0,1.0
topic-1743,semantics,meaning analysis,llm_rerank_llama3.2_3b_full,linguistic behavior,"[""linguistic behavior"", ""interpretation"", ""machine semantics"", ""computational linguistics"", ""practical linguistics""]",5,1.2362725734710693,False,False,False,False,0.5454545454545454,0.5663789510726929,0.0
topic-1744,semiotics,sign theory,llm_rerank_llama3.2_3b_full,linguistic morphology,"[""linguistic morphology"", ""computational linguistics"", ""psycholinguistics"", ""social linguistics"", ""practical linguistics""]",5,1.5665018558502197,False,False,False,False,0.375,0.17216570675373077,0.0
topic-15462,Service-Oriented Computing,service-based computing,llm_rerank_llama3.2_3b_full,service-based computing,"[""service-based computing"", ""online services"", ""support services"", ""service sector"", ""data management systems""]",5,1.1786861419677734,True,True,True,True,1.0,1.0000001192092896,1.0
topic-1745,simulation,imitative representation,llm_rerank_llama3.2_3b_full,computational modeling,"[""computational modeling"", ""business simulations"", ""economic modeling"", ""Systems modeling"", ""computational models""]",5,1.1555469036102295,False,False,False,False,0.40909090909090906,0.24078738689422607,0.0
topic-13621,victims,survivors,llm_rerank_llama3.2_3b_full,survivors,"[""survivors"", ""refugees"", ""advocacy"", ""immigrants"", ""character""]",5,1.1038448810577393,True,True,True,True,1.0,1.0,1.0
topic-4233,social capital,social networks,llm_rerank_llama3.2_3b_full,social unity,"[""social unity"", ""social contract"", ""Social understanding"", ""social ethics"", ""social disparity""]",5,1.5224261283874512,False,False,False,False,0.7142857142857143,0.5101442933082581,0.0
topic-12482,social network analysis,network analysis,llm_rerank_llama3.2_3b_full,network analysis,"[""network analysis"", ""social networks"", ""collaborative networks"", ""data analysis"", ""business analytics""]",5,1.1599640846252441,True,True,True,True,1.0,0.9999998211860657,1.0
topic-321,social law,welfare law,llm_rerank_llama3.2_3b_full,civil law,"[""civil law"", ""family law"", ""domestic relations law"", ""responsibility law"", ""economic law""]",5,1.1465232372283936,False,False,False,False,0.5714285714285714,0.5955629348754883,0.0
topic-1746,social law,welfare law,llm_rerank_llama3.2_3b_full,civil law,"[""civil law"", ""family law"", ""domestic relations law"", ""responsibility law"", ""economic law""]",5,1.1297249794006348,False,False,False,False,0.5714285714285714,0.5955629348754883,0.0
topic-12861,social classification,social categorization,llm_rerank_llama3.2_3b_full,social categorization,"[""social categorization"", ""social hierarchy"", ""social networks"", ""social unity"", ""social theories""]",5,1.4078271389007568,True,True,True,True,1.0,1.000000238418579,1.0
topic-11841,social cognition,Social understanding,llm_rerank_llama3.2_3b_full,Social understanding,"[""Social understanding"", ""social categorization"", ""mental processes"", ""cognitive psychology"", ""language cognition""]",5,1.4903991222381592,True,True,True,True,1.0,1.0,1.0
topic-5301,social cohesion,social unity,llm_rerank_llama3.2_3b_full,social unity,"[""social unity"", ""Cooperation"", ""social networks"", ""Social understanding"", ""social hierarchy""]",5,1.3517038822174072,True,True,True,True,1.0,0.9999998807907104,1.0
topic-11642,social dilemmas,collective action problem,llm_rerank_llama3.2_3b_full,social contract,"[""social contract"", ""cross-cultural negotiation"", ""social exclusion"", ""social hierarchy"", ""social disparity""]",5,1.4038050174713135,False,False,False,False,0.4705882352941176,0.4173668622970581,0.0
topic-1754,social philosophy / social ethics,social ethics,llm_rerank_llama3.2_3b_full,social ethics,"[""social ethics"", ""moral philosophy"", ""philosophy of psychology"", ""legal philosophy"", ""cultural philosophy""]",5,1.0843050479888916,True,True,True,True,1.0,1.0,1.0
topic-7461,social inequality,social disparity,llm_rerank_llama3.2_3b_full,social disparity,"[""social disparity"", ""social exclusion"", ""social hierarchy"", ""social unity"", ""welfare""]",5,1.4321396350860596,True,True,True,True,1.0,0.9999998211860657,1.0
topic-1758,social politics,welfare politics,llm_rerank_llama3.2_3b_full,liberal political theory,"[""liberal political theory"", ""social science"", ""welfare politics"", ""social ethics"", ""political theory""]",5,1.4422311782836914,False,True,True,True,1.0,1.0000001192092896,0.3333333333333333
topic-13541,social processes,interpersonal process,llm_rerank_llama3.2_3b_full,interpersonal process,"[""interpersonal process"", ""social networks"", ""social exclusion"", ""social categorization"", ""social unity""]",5,1.1237223148345947,True,True,True,True,1.0,1.0,1.0
topic-1759,social psychology,interpersonal psychology,llm_rerank_llama3.2_3b_full,interpersonal psychology,"[""interpersonal psychology"", ""cognitive psychology"", ""philosophy of psychology"", ""consumer psychology"", ""industrial psychology""]",5,1.1881511211395264,True,True,True,True,1.0,0.9999999403953552,1.0
topic-2018,social justice,equitable justice,llm_rerank_llama3.2_3b_full,equitable justice,"[""equitable justice"", ""social ethics"", ""legal sociology"", ""social disparity"", ""social exclusion""]",5,1.0990664958953857,True,True,True,True,1.0,1.0,1.0
topic-9281,social exclusion,marginalization,llm_rerank_llama3.2_3b_full,social disparity,"[""social disparity"", ""social categorization"", ""social hierarchy"", ""organizational inclusivity"", ""inclusion management""]",5,1.145900011062622,False,False,False,False,0.5555555555555556,0.37263986468315125,0.0
topic-1760,social security,welfare system,llm_rerank_llama3.2_3b_full,retirement benefits,"[""retirement benefits"", ""welfare payments"", ""welfare system"", ""global social security law"", ""disability benefits gap""]",5,1.209764003753662,False,True,True,True,1.0,1.0,0.3333333333333333
topic-5403,social security principles,welfare principles,llm_rerank_llama3.2_3b_full,global social security law,"[""global social security law"", ""social contract"", ""social safety nets"", ""welfare system"", ""welfare payments""]",5,1.8463034629821777,False,False,False,False,0.6470588235294117,0.7504222393035889,0.0
topic-1762,social security law,welfare law,llm_rerank_llama3.2_3b_full,global social security law,"[""global social security law"", ""retirement benefits"", ""employment law"", ""welfare law"", ""fiscal law""]",5,1.6394331455230713,False,True,False,True,1.0,1.000000238418579,0.25
topic-3970,"social security law, international",global social security law,llm_rerank_llama3.2_3b_full,global social security law,"[""global social security law"", ""transnational criminal law"", ""global employment law"", ""welfare law"", ""retirement benefits""]",5,1.2628748416900635,True,True,True,True,1.0,0.9999999403953552,1.0
topic-1765,sociolinguistics,social linguistics,llm_rerank_llama3.2_3b_full,social linguistics,"[""social linguistics"", ""language psychology"", ""linguistic behavior"", ""practical linguistics"", ""psycholinguistics""]",5,1.5782012939453125,True,True,True,True,1.0,0.9999998211860657,1.0
topic-1766,sociology,social science,llm_rerank_llama3.2_3b_full,social science,"[""social science"", ""family sociology"", ""educational sociology"", ""legal sociology"", ""sociology of culture""]",5,1.801865816116333,True,True,True,True,1.0,1.000000238418579,1.0
topic-842,Sociology,social science,llm_rerank_llama3.2_3b_full,social science,"[""social science"", ""sociology of culture"", ""family sociology"", ""educational sociology"", ""legal sociology""]",5,1.7965030670166016,True,True,True,True,1.0,1.000000238418579,1.0
topic-1768,sociological theories,social theories,llm_rerank_llama3.2_3b_full,social theories,"[""social theories"", ""sociology of organizations"", ""family sociology"", ""institutional theory"", ""development theories""]",5,1.1180806159973145,True,True,True,True,1.0,1.0,1.0
topic-8622,soft law,non-binding guidelines,llm_rerank_llama3.2_3b_full,global law,"[""global law"", ""economic law"", ""business law"", ""IT law"", ""financial law""]",5,1.600963830947876,False,False,False,False,0.3529411764705882,0.2527844309806824,0.0
topic-9441,solidarity,unity,llm_rerank_llama3.2_3b_full,social unity,"[""social unity"", ""Cooperation"", ""civic community"", ""diverse society"", ""collective action problem""]",5,1.1796042919158936,False,False,False,False,0.5882352941176471,0.5708479881286621,0.0
topic-1769,spanish,Castilian,llm_rerank_llama3.2_3b_full,Castilian,"[""Castilian"", ""language skills"", ""language science"", ""language psychology"", ""language learning""]",5,1.0620756149291992,True,True,True,True,1.0,1.0,1.0
topic-1770,spelling,orthography,llm_rerank_llama3.2_3b_full,linguistic morphology,"[""linguistic morphology"", ""language science"", ""linguistic education"", ""speech"", ""written works""]",5,1.1867976188659668,False,False,False,False,0.375,0.32430553436279297,0.0
topic-1771,game theory,strategic interaction theory,llm_rerank_llama3.2_3b_full,strategic interaction theory,"[""strategic interaction theory"", ""evolving game theory"", ""collaborative game theory"", ""behavioral economics"", ""economic theory""]",5,1.6269035339355469,True,True,True,True,1.0,0.9999999403953552,1.0
topic-7262,spirituality,spiritual life,llm_rerank_llama3.2_3b_full,spiritual life,"[""spiritual life"", ""spiritual support"", ""spiritual guidance"", ""spiritual counseling"", ""spiritual leadership""]",5,1.5233244895935059,True,True,True,True,1.0,1.0000001192092896,1.0
topic-3185,speech technology,voice technology,llm_rerank_llama3.2_3b_full,voice technology,"[""voice technology"", ""speech-enabled computer"", ""language science"", ""human-computer interaction"", ""sound system study""]",5,1.3390705585479736,True,True,True,True,1.0,1.0,1.0
topic-3188,talking computer,speech-enabled computer,llm_rerank_llama3.2_3b_full,speech-enabled computer,"[""speech-enabled computer"", ""voice technology"", ""human-computer interaction"", ""communication channels"", ""computing systems""]",5,1.6796061992645264,True,True,True,True,1.0,0.9999998807907104,1.0
topic-1773,municipal law,local government law,llm_rerank_llama3.2_3b_full,local government law,"[""local government law"", ""city planning regulations"", ""public management"", ""environmental protection law"", ""Municipal governance""]",5,1.6994938850402832,True,True,True,True,1.0,1.0000001192092896,1.0
topic-10941,urban governance,Municipal governance,llm_rerank_llama3.2_3b_full,Municipal governance,"[""Municipal governance"", ""Participatory governance"", ""local government law"", ""governance crisis"", ""legal governance""]",5,1.1497814655303955,True,True,True,True,1.0,1.0,1.0
topic-12761,urban history,city history,llm_rerank_llama3.2_3b_full,city history,"[""city history"", ""social and cultural history"", ""local history"", ""historical study"", ""economic history""]",5,1.1765577793121338,True,True,True,True,1.0,1.000000238418579,1.0
topic-11342,standardisation,Standardization,llm_rerank_llama3.2_3b_full,Standardization,"[""Standardization"", ""global accounting standards"", ""bureaucratic reform"", ""deregulation"", ""modernisation""]",5,1.2051684856414795,True,True,True,True,1.0,0.9999998807907104,1.0
topic-1774,statistics,data analysis,llm_rerank_llama3.2_3b_full,statistical mathematics,"[""statistical mathematics"", ""research methods and statistics"", ""statistical techniques"", ""data analysis"", ""population studies""]",5,1.1777033805847168,False,True,False,True,1.0,0.9999999403953552,0.25
topic-1775,statistical methods,statistical techniques,llm_rerank_llama3.2_3b_full,research methods and statistics,"[""research methods and statistics"", ""data analysis"", ""statistical mathematics"", ""research methods"", ""study methods""]",5,1.1851251125335693,False,False,False,False,0.7111111111111111,0.7651032209396362,0.0
topic-4666,urban development,city planning,llm_rerank_llama3.2_3b_full,city planning,"[""city planning"", ""development"", ""economic development"", ""human development"", ""green development""]",5,1.2515466213226318,True,True,True,True,1.0,1.000000238418579,1.0
topic-2182,terminal care,end-of-life care,llm_rerank_llama3.2_3b_full,end-of-life care,"[""end-of-life care"", ""coordinated care"", ""psychological care"", ""spiritual care"", ""support services""]",5,1.21871018409729,True,True,True,True,1.0,0.9999999403953552,1.0
topic-7281,disorders,conditions,llm_rerank_llama3.2_3b_full,psychological disorders,"[""psychological disorders"", ""seizure disorder"", ""attention deficit disorder"", ""blood sugar disorder"", ""learning disabilities""]",5,1.4522366523742676,False,False,False,False,0.38888888888888884,0.2553737163543701,0.0
topic-1778,law of criminal procedure/criminal adjective law,criminal procedural law,llm_rerank_llama3.2_3b_full,criminal procedural law,"[""criminal procedural law"", ""penal law"", ""criminal code"", ""legal procedure"", ""criminal science""]",5,1.759096622467041,True,True,True,True,1.0,1.000000238418579,1.0
topic-1780,criminal law,penal law,llm_rerank_llama3.2_3b_full,criminal code,"[""criminal code"", ""penal law"", ""transnational criminal law"", ""criminal procedural law"", ""criminal psychology""]",5,1.4467158317565918,False,True,True,True,1.0,1.0000001192092896,0.5
topic-1992,strategic voting behaviour/patterns,tactical voting,llm_rerank_llama3.2_3b_full,tactical voting,"[""tactical voting"", ""strategic planning"", ""evolving game theory"", ""Bidding Theory"", ""electoral methods""]",5,2.2487287521362305,True,True,True,True,1.0,1.0,1.0
topic-3204,strategic management,strategic planning,llm_rerank_llama3.2_3b_full,business strategy,"[""business strategy"", ""strategic planning"", ""market strategy"", ""IT strategy"", ""global management""]",5,1.1644062995910645,False,True,True,True,1.0,0.9999998807907104,0.5
topic-1783,strategic decision-making,strategic planning,llm_rerank_llama3.2_3b_full,business strategy,"[""business strategy"", ""market strategy"", ""marketing strategy"", ""IT strategy"", ""decision process""]",5,1.386934518814087,False,False,False,False,0.48275862068965514,0.7102320790290833,0.0
topic-1757,stratification,social hierarchy,llm_rerank_llama3.2_3b_full,reorganisation,"[""reorganisation"", ""simplification"", ""advancement"", ""deregulation"", ""service promotion""]",5,1.1395955085754395,False,False,False,False,0.33333333333333337,0.2631165087223053,0.0
topic-2206,stress,tension,llm_rerank_llama3.2_3b_full,emotional exhaustion,"[""emotional exhaustion"", ""workload pressure"", ""tension"", ""stress management"", ""stress control""]",5,1.1754076480865479,False,True,True,True,1.0,1.0,0.3333333333333333
topic-2125,stress management,stress control,llm_rerank_llama3.2_3b_full,stress control,"[""stress control"", ""tension"", ""contemplation"", ""workload pressure"", ""psychological care""]",5,1.1827056407928467,True,True,True,True,1.0,1.0,1.0
topic-2215,study skills,learning techniques,llm_rerank_llama3.2_3b_full,reading and writing skills,"[""reading and writing skills"", ""language skills"", ""skills training"", ""skill development"", ""study plan""]",5,1.156540870666504,False,False,False,False,0.4444444444444444,0.5219188928604126,0.0
topic-241,supervision,oversight,llm_rerank_llama3.2_3b_full,guidance,"[""guidance"", ""oversight"", ""authority"", ""conduct"", ""internal oversight""]",5,1.085888147354126,False,True,True,True,1.0,1.0,0.5
topic-16663,Supply Chain Management,logistics management,llm_rerank_llama3.2_3b_full,logistics management,"[""logistics management"", ""procurement management"", ""manufacturing process management"", ""stock management"", ""global management""]",5,1.4451932907104492,True,True,True,True,1.0,1.0,1.0
topic-1784,syntax,sentence structure,llm_rerank_llama3.2_3b_full,sentence structure,"[""sentence structure"", ""linguistic morphology"", ""computational linguistics"", ""automated parsing"", ""machine semantics""]",5,1.194596529006958,True,True,True,True,1.0,1.0,1.0
topic-10641,system dynamics,Systems modeling,llm_rerank_llama3.2_3b_full,systems analysis,"[""systems analysis"", ""computational modeling"", ""simulation"", ""computational models"", ""operational analysis""]",5,1.149756908416748,False,False,False,False,0.625,0.7440040707588196,0.0
topic-1786,systems theory,systems analysis,llm_rerank_llama3.2_3b_full,systems analysis,"[""systems analysis"", ""Systems modeling"", ""interconnected systems"", ""computing systems"", ""knowledge systems""]",5,1.0480072498321533,True,True,True,True,1.0,0.9999998807907104,1.0
topic-1788,language,speech,llm_rerank_llama3.2_3b_full,the English language,"[""the English language"", ""language learning"", ""language skills"", ""language cognition"", ""linguistic behavior""]",5,1.1452441215515137,False,False,False,False,0.24,0.5590503215789795,0.0
topic-3216,language and computers,computational linguistics,llm_rerank_llama3.2_3b_full,human-computer interaction,"[""human-computer interaction"", ""language science"", ""language processing systems"", ""language skills"", ""dual language development""]",5,1.2153408527374268,False,False,False,False,0.43137254901960786,0.7108471989631653,0.0
topic-1790,language and artificial intelligence,computational linguistics,llm_rerank_llama3.2_3b_full,computational linguistics,"[""computational linguistics"", ""machine intelligence"", ""linguistic behavior"", ""language cognition"", ""language psychology""]",5,1.8234970569610596,True,True,True,True,1.0,1.0,1.0
topic-1791,language and minorities,minority languages,llm_rerank_llama3.2_3b_full,minority languages,"[""minority languages"", ""ethnic groups"", ""minority cultures"", ""minority communities"", ""cultural diversity""]",5,1.2413430213928223,True,True,True,True,1.0,1.0,1.0
topic-12341,language evolution,linguistic evolution,llm_rerank_llama3.2_3b_full,linguistic evolution,"[""linguistic evolution"", ""linguistic morphology"", ""social linguistics"", ""computational linguistics"", ""linguistic behavior""]",5,2.1653668880462646,True,True,True,True,1.0,1.0,1.0
topic-1793,philosophy of language,linguistic philosophy,llm_rerank_llama3.2_3b_full,linguistic philosophy,"[""linguistic philosophy"", ""language psychology"", ""practical linguistics"", ""social linguistics"", ""classical language""]",5,1.6785752773284912,True,True,True,True,1.0,0.9999998211860657,1.0
topic-1794,language behaviour,linguistic behavior,llm_rerank_llama3.2_3b_full,linguistic behavior,"[""linguistic behavior"", ""social linguistics"", ""language psychology"", ""language science"", ""minority languages""]",5,1.2164349555969238,True,True,True,True,1.0,1.0,1.0
topic-3224,linguistic information systems,language processing systems,llm_rerank_llama3.2_3b_full,computational linguistics,"[""computational linguistics"", ""language processing systems"", ""information retrieval system"", ""language science"", ""knowledge systems""]",5,1.4903342723846436,False,True,True,True,1.0,1.0,0.5
topic-13321,origin of language,glottogony,llm_rerank_llama3.2_3b_full,linguistic evolution,"[""linguistic evolution"", ""language cognition"", ""linguistic morphology"", ""social linguistics"", ""language psychology""]",5,1.2848432064056396,False,False,False,False,0.3571428571428571,0.1193484365940094,0.0
topic-1795,language psychology,psycholinguistics,llm_rerank_llama3.2_3b_full,psycholinguistics,"[""psycholinguistics"", ""linguistic behavior"", ""social linguistics"", ""language cognition"", ""language science""]",5,1.8017218112945557,True,True,True,True,1.0,1.0000001192092896,1.0
topic-1796,language technology,computational linguistics,llm_rerank_llama3.2_3b_full,language processing systems,"[""language processing systems"", ""language science"", ""linguistic education"", ""language psychology"", ""language learning""]",5,1.1479363441467285,False,False,False,False,0.4444444444444444,0.710847020149231,0.0
topic-17043,language proficiency,language skills,llm_rerank_llama3.2_3b_full,dual language proficiency,"[""dual language proficiency"", ""multiple language proficiency"", ""language skills"", ""linguistic education"", ""native language education""]",5,1.382512092590332,False,True,True,True,1.0,1.0,0.3333333333333333
topic-1797,language acquisition,language learning,llm_rerank_llama3.2_3b_full,language learning,"[""language learning"", ""language skills"", ""linguistic education"", ""native language education"", ""dual language proficiency""]",5,1.5768592357635498,True,True,True,True,1.0,1.000000238418579,1.0
topic-1799,linguistics,language science,llm_rerank_llama3.2_3b_full,computational linguistics,"[""computational linguistics"", ""social linguistics"", ""language science"", ""linguistic morphology"", ""linguistic philosophy""]",5,1.5852689743041992,False,True,True,True,1.0,1.0,0.3333333333333333
topic-11741,technology and ethics,tech ethics,llm_rerank_llama3.2_3b_full,ethical computing,"[""ethical computing"", ""corporate ethics"", ""healthcare ethics"", ""professional ethics"", ""tech ethics""]",5,1.1617555618286133,False,True,False,True,1.0,1.0000001192092896,0.2
topic-10461,technology strategy,IT strategy,llm_rerank_llama3.2_3b_full,information technology,"[""information technology"", ""IT strategy"", ""strategic planning"", ""internet technology"", ""technology oversight""]",5,1.1489262580871582,False,True,True,True,1.0,1.0,0.5
topic-10921,document design,text design,llm_rerank_llama3.2_3b_full,text design,"[""text design"", ""information modeling"", ""customization"", ""written works"", ""textual interaction""]",5,1.135629415512085,True,True,True,True,1.0,0.9999998807907104,1.0
topic-1803,discourse studies,text analysis,llm_rerank_llama3.2_3b_full,linguistic philosophy,"[""linguistic philosophy"", ""social linguistics"", ""language science"", ""text analysis"", ""practical linguistics""]",5,1.48360276222229,False,True,False,True,1.0,1.0,0.25
topic-10701,temperament,disposition,llm_rerank_llama3.2_3b_full,character,"[""character"", ""interpersonal skills"", ""body language"", ""melancholy"", ""persuasion""]",5,1.1990251541137695,False,False,False,False,0.4761904761904761,0.3877367377281189,0.0
topic-11581,terrorism,extremism,llm_rerank_llama3.2_3b_full,extremism,"[""extremism"", ""religious extremism"", ""senseless violence"", ""aggression"", ""refugees""]",5,0.69386887550354,True,True,True,True,1.0,1.0,1.0
topic-17044,Questionnaire design,survey design,llm_rerank_llama3.2_3b_full,survey design,"[""survey design"", ""assessment"", ""psychological measurement"", ""cognitive psychology"", ""consumer psychology""]",5,2.847484827041626,True,True,True,True,1.0,0.9999999403953552,1.0
topic-2049,testing,assessment,llm_rerank_llama3.2_3b_full,mock trial,"[""mock trial"", ""test-tube fertilization"", ""brain wave test"", ""study methods"", ""conditions""]",5,1.1162478923797607,False,False,False,False,0.34782608695652173,0.42394769191741943,0.0
topic-1804,theology,divinity studies,llm_rerank_llama3.2_3b_full,applied theology,"[""applied theology"", ""doctrinal theology"", ""feminist theology"", ""gender theology"", ""liturgical theology""]",5,1.4606409072875977,False,False,False,False,0.4242424242424242,0.5448452830314636,0.0
topic-16749,theology,religious studies,llm_rerank_llama3.2_3b_full,applied theology,"[""applied theology"", ""doctrinal theology"", ""feminist theology"", ""gender theology"", ""liturgical theology""]",5,1.44700026512146,False,False,False,False,0.4117647058823529,0.5504592657089233,0.0
topic-1907,Thomas Aquinas,Scholastic philosopher,llm_rerank_llama3.2_3b_full,Aristotle,"[""Aristotle"", ""Scholastic philosopher"", ""John the Apostle"", ""early theologians"", ""modern Catholic history""]",5,1.0359251499176025,False,True,True,True,1.0,1.0,0.5
topic-8981,temporary work,short-term employment,llm_rerank_llama3.2_3b_full,short-term employment,"[""short-term employment"", ""working time"", ""digital labor"", ""employment issues"", ""written works""]",5,1.1289219856262207,True,True,True,True,1.0,1.0000001192092896,1.0
topic-3264,time series,chronological data,llm_rerank_llama3.2_3b_full,chronological data,"[""chronological data"", ""data analysis"", ""business analytics"", ""market analysis"", ""capital markets""]",5,1.6957216262817383,True,True,True,True,1.0,0.9999998211860657,1.0
topic-5121,applied econometrics,practical econometrics,llm_rerank_llama3.2_3b_full,research methods and statistics,"[""research methods and statistics"", ""economic modeling"", ""practical econometrics"", ""economic statistics"", ""market analysis""]",5,1.1803131103515625,False,True,True,True,1.0,1.0,0.3333333333333333
topic-5803,applied linguistics,practical linguistics,llm_rerank_llama3.2_3b_full,practical linguistics,"[""practical linguistics"", ""linguistic education"", ""language psychology"", ""computational linguistics"", ""social linguistics""]",5,1.2868311405181885,True,True,True,True,1.0,0.9999999403953552,1.0
topic-5701,computer applications,software applications,llm_rerank_llama3.2_3b_full,software applications,"[""software applications"", ""information technology"", ""information processing"", ""frameworks"", ""data management""]",5,1.1602087020874023,True,True,True,True,1.0,1.0000001192092896,1.0
topic-1807,tourism,travel industry,llm_rerank_llama3.2_3b_full,eco-tourism,"[""eco-tourism"", ""leisure activities"", ""travel industry"", ""recreation studies"", ""global culture""]",5,1.6812541484832764,False,True,True,True,1.0,1.0,0.3333333333333333
topic-16803,Tourism in protected areas,eco-tourism,llm_rerank_llama3.2_3b_full,eco-tourism,"[""eco-tourism"", ""recreation studies"", ""leisure activities"", ""endangered species"", ""environmental protection law""]",5,1.8482873439788818,True,True,True,True,1.0,0.9999999403953552,1.0
topic-2319,tradition and innovation/modernization,heritage and progress,llm_rerank_llama3.2_3b_full,modernisation,"[""modernisation"", ""cultural practices"", ""heritage and progress"", ""corporate culture"", ""sociology of culture""]",5,1.2023155689239502,False,True,True,True,1.0,0.9999998807907104,0.3333333333333333
topic-3273,transition economics,transformation economics,llm_rerank_llama3.2_3b_full,transformation economics,"[""transformation economics"", ""industrial economics"", ""economic science"", ""government economics"", ""employment economics""]",5,1.1169674396514893,True,True,True,True,1.0,1.0,1.0
topic-1809,transport,conveyance,llm_rerank_llama3.2_3b_full,drive,"[""drive"", ""conveyance"", ""logistics management"", ""facilities"", ""business relocation""]",5,1.0383226871490479,False,True,True,True,1.0,1.000000238418579,0.5
topic-7141,triad model,three-part model,llm_rerank_llama3.2_3b_full,three-part model,"[""three-part model"", ""higher-order models"", ""computational modeling"", ""Systems modeling"", ""financial modeling""]",5,1.4256787300109863,True,True,True,True,1.0,1.0000001192092896,1.0
topic-1811,turkish,Anatolian,llm_rerank_llama3.2_3b_full,Anatolian,"[""Anatolian"", ""Turkish immigrants"", ""ethnic groups"", ""minority languages"", ""nationality""]",5,1.7661423683166504,True,True,True,True,1.0,1.0,1.0
topic-1985,turkish migrants,Turkish immigrants,llm_rerank_llama3.2_3b_full,Turkish immigrants,"[""Turkish immigrants"", ""immigrants"", ""asylum seekers"", ""Muslim Communities in the Netherlands"", ""ethnic groups""]",5,1.2502989768981934,True,True,True,True,1.0,1.000000238418579,1.0
topic-1812,bilingualism and multilingualism,multiple language proficiency,llm_rerank_llama3.2_3b_full,dual language proficiency,"[""dual language proficiency"", ""multiple language proficiency"", ""language skills"", ""linguistic education"", ""native language education""]",5,1.8700087070465088,False,True,True,True,1.0,1.000000238418579,0.5
topic-3281,bilingualism,dual language proficiency,llm_rerank_llama3.2_3b_full,dual language proficiency,"[""dual language proficiency"", ""language skills"", ""linguistic education"", ""language psychology"", ""multiple language proficiency""]",5,1.7263259887695312,True,True,True,True,1.0,1.0,1.0
topic-3107,outsourcing,Subcontracting,llm_rerank_llama3.2_3b_full,businesses,"[""businesses"", ""service sector"", ""information technology"", ""industrial economics"", ""employment economics""]",5,1.311906099319458,False,False,False,False,0.38888888888888884,0.19563281536102295,0.0
topic-1813,publishing companies,publishing houses,llm_rerank_llama3.2_3b_full,publishing houses,"[""publishing houses"", ""businesses"", ""online business"", ""written works"", ""commercial dealings""]",5,1.0779204368591309,True,True,True,True,1.0,1.000000238418579,1.0
topic-1814,benefits,welfare payments,llm_rerank_llama3.2_3b_full,retirement benefits,"[""retirement benefits"", ""welfare payments"", ""welfare principles"", ""welfare system"", ""work motivation""]",5,1.159764289855957,False,True,True,True,1.0,1.0,0.5
topic-13581,ostracism,social exclusion,llm_rerank_llama3.2_3b_full,social exclusion,"[""social exclusion"", ""self-control"", ""joblessness"", ""destitution"", ""hostility""]",5,1.098184585571289,True,True,True,True,1.0,1.0000001192092896,1.0
topic-16962,education in skills,skills training,llm_rerank_llama3.2_3b_full,skill development,"[""skill development"", ""skills training"", ""reading and writing skills"", ""interpersonal skills"", ""talent development""]",5,1.2034692764282227,False,True,True,True,1.0,0.9999999403953552,0.5
topic-1815,trade unions,labor unions,llm_rerank_llama3.2_3b_full,labor unions,"[""labor unions"", ""employment relations"", ""union contracts"", ""social contract"", ""employment economics""]",5,1.1138060092926025,True,True,True,True,1.0,1.0,1.0
topic-11386,Vatican II,Second Vatican Council,llm_rerank_llama3.2_3b_full,Second Vatican Council,"[""Second Vatican Council"", ""ecclesiastical history"", ""Christian unity"", ""modern Catholic history"", ""ecclesiastical authority""]",5,0.9916326999664307,True,True,True,True,1.0,0.9999997615814209,1.0
topic-2521,auctions,bidding,llm_rerank_llama3.2_3b_full,bidding,"[""bidding"", ""commercial dealings"", ""negotiation"", ""funding"", ""businesses""]",5,1.144660472869873,True,True,True,True,1.0,1.000000238418579,1.0
topic-3287,auction theory,Bidding Theory,llm_rerank_llama3.2_3b_full,Bidding Theory,"[""Bidding Theory"", ""investment theory"", ""economic theory"", ""behavioral economics"", ""market analysis""]",5,1.1399378776550293,True,True,True,True,1.0,1.000000238418579,1.0
topic-1816,corporate income tax,company tax,llm_rerank_llama3.2_3b_full,income tax,"[""income tax"", ""company tax"", ""earnings tax"", ""asset tax"", ""value-added tax""]",5,1.3511512279510498,False,True,True,True,1.0,1.0,0.5
topic-4039,law of obligations,contract law,llm_rerank_llama3.2_3b_full,contract law,"[""contract law"", ""civil law"", ""corporate law"", ""business law"", ""economic law""]",5,1.1909189224243164,True,True,True,True,1.0,1.000000238418579,1.0
topic-2339,comparison between traditional and new media,media comparison,llm_rerank_llama3.2_3b_full,media comparison,"[""media comparison"", ""cross-cultural differences"", ""cultural variety"", ""cultural diversity"", ""modernisation""]",5,1.786679744720459,True,True,True,True,1.0,1.000000238418579,1.0
topic-3298,ageing,population aging,llm_rerank_llama3.2_3b_full,growing old,"[""growing old"", ""senior citizens"", ""population aging"", ""childbirth"", ""exhaustion""]",5,1.2365894317626953,False,True,True,True,1.0,1.000000238418579,0.3333333333333333
topic-2309,"the relationship between the individual, the community and the state",social contract,llm_rerank_llama3.2_3b_full,community governance,"[""community governance"", ""institutional theory"", ""Community-based philosophy"", ""civic community"", ""social unity""]",5,1.9397335052490234,False,False,False,False,0.6666666666666667,0.5022384524345398,0.0
topic-2308,"the relationship between politics, economy and ethics",political-economic ethics,llm_rerank_llama3.2_3b_full,political-economic ethics,"[""political-economic ethics"", ""moral philosophy"", ""government economics"", ""professional ethics"", ""self-governance and ethics""]",5,1.7036023139953613,True,True,True,True,1.0,0.9999999403953552,1.0
topic-2221,the relation between science and philosophy,science-philosophy interface,llm_rerank_llama3.2_3b_full,scientific philosophy,"[""scientific philosophy"", ""philosophy of psychology"", ""contemporary philosophy history"", ""cultural philosophy"", ""mental philosophy""]",5,1.225766897201538,False,False,False,False,0.653061224489796,0.7330919504165649,0.0
topic-2127,fatigue,tiredness,llm_rerank_llama3.2_3b_full,exhaustion,"[""exhaustion"", ""tiredness"", ""recovery"", ""stress management"", ""rehabilitation""]",5,1.167358636856079,False,True,True,True,1.0,1.0,0.5
topic-1824,tax on wealth/wealth tax,asset tax,llm_rerank_llama3.2_3b_full,asset tax,"[""asset tax"", ""company tax"", ""income tax"", ""earnings tax"", ""value-added tax""]",5,1.858987808227539,True,True,True,True,1.0,1.0,1.0
topic-5901,capital structure,financial structure,llm_rerank_llama3.2_3b_full,financial structure,"[""financial structure"", ""corporate consolidation"", ""business finance"", ""financial composition"", ""governance""]",5,1.15366792678833,True,True,True,True,1.0,1.0000001192092896,1.0
topic-16884,Resurrection,rebirth,llm_rerank_llama3.2_3b_full,rebirth,"[""rebirth"", ""Christian worship"", ""survivors"", ""Christian unity"", ""remembrance""]",5,1.7557618618011475,True,True,True,True,1.0,1.0000001192092896,1.0
topic-5881,reporting,financial reporting,llm_rerank_llama3.2_3b_full,financial reporting,"[""financial reporting"", ""business analytics"", ""coverage"", ""oversight"", ""improvement""]",5,1.1035373210906982,True,True,True,True,1.0,1.0000001192092896,1.0
topic-5123,addiction,dependency,llm_rerank_llama3.2_3b_full,substance dependence,"[""substance dependence"", ""compulsive gambling"", ""alcohol dependence"", ""rehabilitation"", ""substance abuse treatment""]",5,1.0953304767608643,False,False,False,False,0.6428571428571428,0.4241284728050232,0.0
topic-9021,addiction care,substance abuse treatment,llm_rerank_llama3.2_3b_full,substance abuse treatment,"[""substance abuse treatment"", ""rehabilitation"", ""coordinated care"", ""psychological care"", ""substance dependence""]",5,1.6677250862121582,True,True,True,True,1.0,0.9999998211860657,1.0
topic-7645,mentally handicapped persons,intellectually disabled persons,llm_rerank_llama3.2_3b_full,intellectually disabled persons,"[""intellectually disabled persons"", ""learning disabilities"", ""psychological disorders"", ""rehabilitation"", ""attention deficit disorder""]",5,0.5799469947814941,True,True,True,True,1.0,1.0,1.0
topic-3623,trust,confidence,llm_rerank_llama3.2_3b_full,confidence,"[""confidence"", ""faith"", ""authority"", ""Cooperation"", ""confidentiality""]",5,1.248443365097046,True,True,True,True,1.0,1.0000001192092896,1.0
topic-5547,replacement models,substitution models,llm_rerank_llama3.2_3b_full,substitution models,"[""substitution models"", ""computational models"", ""higher-order models"", ""computational modeling"", ""information modeling""]",5,1.1843135356903076,True,True,True,True,1.0,1.0,1.0
topic-3469,insurance,coverage,llm_rerank_llama3.2_3b_full,coverage,"[""coverage"", ""risk management"", ""health policy"", ""commercial policy"", ""public policy""]",5,1.5631380081176758,True,True,True,True,1.0,0.9999998807907104,1.0
topic-2489,actuarial mathematics,Actuarial science,llm_rerank_llama3.2_3b_full,statistical mathematics,"[""statistical mathematics"", ""mathematical sciences"", ""computational mathematics"", ""mathematical foundations"", ""constructivist mathematics""]",5,1.4770374298095703,False,False,False,False,0.736842105263158,0.4158321022987366,0.0
topic-1827,welfare states,social safety nets,llm_rerank_llama3.2_3b_full,welfare,"[""welfare"", ""welfare system"", ""welfare payments"", ""welfare politics"", ""welfare principles""]",5,1.7205228805541992,False,False,False,False,0.4117647058823529,0.41877907514572144,0.0
topic-5564,victimology,study of victims,llm_rerank_llama3.2_3b_full,study of victims,"[""study of victims"", ""criminal psychology"", ""psychological disorders"", ""survivors"", ""mental science""]",5,1.779493808746338,True,True,True,True,1.0,1.000000238418579,1.0
topic-14021,Victorian Literature,19th-century British literature,llm_rerank_llama3.2_3b_full,19th-century British literature,"[""19th-century British literature"", ""written works"", ""literary analysis"", ""theological literature"", ""early Christian texts""]",5,1.0556855201721191,True,True,True,True,1.0,1.0,1.0
topic-2301,visual perception,sight perception,llm_rerank_llama3.2_3b_full,sight perception,"[""sight perception"", ""sensory awareness"", ""facial cues"", ""cognitive psychology theory"", ""neurocognitive psychology""]",5,1.3625435829162598,True,True,True,True,1.0,1.0000001192092896,1.0
topic-1,Refugee law,Asylum law,llm_rerank_llama3.2_3b_full,Asylum law,"[""Asylum law"", ""immigrants"", ""refugees"", ""asylum seekers"", ""welfare law""]",5,1.8754587173461914,True,True,True,True,1.0,1.0000001192092896,1.0
topic-1828,international law,global law,llm_rerank_llama3.2_3b_full,global law,"[""global law"", ""global public law"", ""transnational criminal law"", ""global employment law"", ""global environmental law""]",5,1.1894958019256592,True,True,True,True,1.0,0.9999999403953552,1.0
topic-3951,history of international law,international legal history,llm_rerank_llama3.2_3b_full,international legal history,"[""international legal history"", ""legal history"", ""global law"", ""global public law"", ""economic law""]",5,1.8972179889678955,True,True,True,True,1.0,1.0000003576278687,1.0
topic-1829,popular culture,mass culture,llm_rerank_llama3.2_3b_full,mass culture,"[""mass culture"", ""cultural variety"", ""cultural diversity"", ""global culture"", ""cultural practices""]",5,1.1904001235961914,True,True,True,True,1.0,1.000000238418579,1.0
topic-1830,inventory management,stock control,llm_rerank_llama3.2_3b_full,stock management,"[""stock management"", ""supply chain management"", ""logistics management"", ""stock control"", ""procurement management""]",5,1.4504187107086182,False,True,False,True,1.0,1.000000238418579,0.25
topic-5542,inventory systems,stock management,llm_rerank_llama3.2_3b_full,supply chain management,"[""supply chain management"", ""stock management"", ""logistics management"", ""stock control"", ""procurement management""]",5,1.334935188293457,False,True,True,True,1.0,1.0,0.5
topic-3315,forecasting,prediction,llm_rerank_llama3.2_3b_full,prediction,"[""prediction"", ""estimation"", ""business analytics"", ""financial modeling"", ""market analysis""]",5,1.8369731903076172,True,True,True,True,1.0,1.0,1.0
topic-2050,questionnaires,surveys,llm_rerank_llama3.2_3b_full,surveys,"[""surveys"", ""survey design"", ""assessment"", ""research methods and statistics"", ""study methods""]",5,1.1617200374603271,True,True,True,True,1.0,1.0,1.0
topic-1833,leisure,free time,llm_rerank_llama3.2_3b_full,free time,"[""free time"", ""businesses"", ""working time"", ""exhaustion"", ""eco-friendly tourism""]",5,1.1891071796417236,True,True,True,True,1.0,1.0,1.0
topic-1836,leisure studies,recreation studies,llm_rerank_llama3.2_3b_full,recreation studies,"[""recreation studies"", ""leisure activities"", ""eco-tourism"", ""cognitive studies"", ""Reading studies""]",5,1.4128494262695312,True,True,True,True,1.0,1.0,1.0
topic-7681,voluntary work,volunteer service,llm_rerank_llama3.2_3b_full,volunteer service,"[""volunteer service"", ""worker participation"", ""collaborative work"", ""charitable organizations"", ""digital labor""]",5,2.3258092403411865,True,True,True,True,1.0,1.000000238418579,1.0
topic-3541,concept of truth,nature of truth,llm_rerank_llama3.2_3b_full,nature of truth,"[""nature of truth"", ""theory of knowledge"", ""interpretation"", ""linguistic philosophy"", ""mental philosophy""]",5,2.0107529163360596,True,True,True,True,1.0,0.9999999403953552,1.0
topic-1965,perception,sensory awareness,llm_rerank_llama3.2_3b_full,sight perception,"[""sight perception"", ""hearing perception"", ""sensory awareness"", ""mental science"", ""cognitive psychology""]",5,1.2509934902191162,False,True,True,True,1.0,0.9999998807907104,0.3333333333333333
topic-1843,invalidity benefits shortfall/wao shortfall,disability benefits gap,llm_rerank_llama3.2_3b_full,disability benefits gap,"[""disability benefits gap"", ""employment conditions"", ""economic condition"", ""conditions"", ""short-term employment""]",5,1.6586689949035645,True,True,True,True,1.0,0.9999997019767761,1.0
topic-4310,web-based application design,web design,llm_rerank_llama3.2_3b_full,web design,"[""web design"", ""frameworks"", ""collaborative information systems"", ""business frameworks"", ""text design""]",5,1.1999883651733398,True,True,True,True,1.0,0.9999998211860657,1.0
topic-8381,web services,online services,llm_rerank_llama3.2_3b_full,service-based computing,"[""service-based computing"", ""online services"", ""internet technology"", ""service sector"", ""online business""]",5,1.1131739616394043,False,True,True,True,1.0,1.0,0.5
topic-4289,web technology,internet technology,llm_rerank_llama3.2_3b_full,information and communication technology,"[""information and communication technology"", ""internet technology"", ""the web"", ""web design"", ""human-computer interaction""]",5,0.8917193412780762,False,True,True,True,1.0,0.9999998807907104,0.5
topic-16082,well-being (als in client well-being = subjectieve maat van Quality of Life),quality of life,llm_rerank_llama3.2_3b_full,quality of life,"[""quality of life"", ""psychological well-being"", ""emotional well-being"", ""work-life balance"", ""self-improvement""]",5,2.36287522315979,True,True,True,True,1.0,0.9999999403953552,1.0
topic-7521,welfare states,social safety nets,llm_rerank_llama3.2_3b_full,welfare,"[""welfare"", ""welfare system"", ""welfare payments"", ""welfare politics"", ""welfare principles""]",5,1.62601900100708,False,False,False,False,0.4117647058823529,0.41877907514572144,0.0
topic-1844,well-being,welfare,llm_rerank_llama3.2_3b_full,quality of life,"[""quality of life"", ""life quality"", ""psychological well-being"", ""emotional well-being"", ""self-improvement""]",5,1.2485253810882568,False,False,False,False,0.43478260869565216,0.3244199752807617,0.0
topic-6402,world bank,international financial institution,llm_rerank_llama3.2_3b_full,global financial institution,"[""global financial institution"", ""international financial institution"", ""financial systems"", ""government finance"", ""business finance; global finance""]",5,1.4873077869415283,False,True,True,True,1.0,1.0000001192092896,0.5
topic-16382,work-home interaction,work-life balance,llm_rerank_llama3.2_3b_full,collaborative work,"[""collaborative work"", ""human-computer interaction"", ""worker participation"", ""digital labor"", ""textual interaction""]",5,1.2232756614685059,False,False,False,False,0.4864864864864865,0.4365568459033966,0.0
topic-2155,pressure of work,workload pressure,llm_rerank_llama3.2_3b_full,workload pressure,"[""workload pressure"", ""tension"", ""work-life conflict"", ""employment conditions"", ""worker participation""]",5,1.0712554454803467,True,True,True,True,1.0,1.0,1.0
topic-13045,teamwork,collaborative work,llm_rerank_llama3.2_3b_full,Cooperation,"[""Cooperation"", ""team dynamics"", ""collaborative work"", ""social unity"", ""skill development""]",5,1.1522116661071777,False,True,True,True,1.0,1.000000238418579,0.3333333333333333
topic-1846,unemployment,joblessness,llm_rerank_llama3.2_3b_full,joblessness,"[""joblessness"", ""employment issues"", ""employment conditions"", ""employment market"", ""employment policy""]",5,1.1157042980194092,True,True,True,True,1.0,1.0000001192092896,1.0
topic-3326,verbs,action words,llm_rerank_llama3.2_3b_full,action words,"[""action words"", ""linguistic behavior"", ""reasoning"", ""conveyance"", ""psycholinguistics""]",5,1.1978063583374023,True,True,True,True,1.0,0.9999998807907104,1.0
topic-2219,philosophy of science,scientific philosophy,llm_rerank_llama3.2_3b_full,scientific philosophy,"[""scientific philosophy"", ""physical science"", ""contemporary philosopher"", ""mental philosophy"", ""moral philosophy""]",5,1.2682852745056152,True,True,True,True,1.0,0.9999997615814209,1.0
topic-2325,whiplash,neck strain,llm_rerank_llama3.2_3b_full,mercy killing,"[""mercy killing"", ""tension"", ""neck strain"", ""aggression"", ""levies""]",5,0.6969761848449707,False,True,True,True,1.0,1.0,0.3333333333333333
topic-1850,philosophy,metaphysics,llm_rerank_llama3.2_3b_full,moral philosophy,"[""moral philosophy"", ""scientific philosophy"", ""religious philosophy"", ""cultural philosophy"", ""Community-based philosophy""]",5,1.2364671230316162,False,False,False,False,0.4444444444444444,0.5309199094772339,0.0
topic-6301,philosophical psychology,theoretical psychology,llm_rerank_llama3.2_3b_full,philosophy of psychology,"[""philosophy of psychology"", ""cognitive psychology"", ""linguistic philosophy"", ""moral philosophy"", ""theoretical psychology""]",5,2.1618247032165527,False,True,False,True,1.0,1.0000001192092896,0.2
topic-14902,Wisdom literature,philosophical texts,llm_rerank_llama3.2_3b_full,philosophical texts,"[""philosophical texts"", ""scriptural literature"", ""theological literature"", ""moral philosophy"", ""religious philosophy""]",5,1.2555596828460693,True,True,True,True,1.0,0.9999998807907104,1.0
topic-16805,wilderness,wildlands,llm_rerank_llama3.2_3b_full,wildlands,"[""wildlands"", ""native communities"", ""survivors"", ""spiritual guidance"", ""recreation studies""]",5,0.8973286151885986,True,True,True,True,1.0,1.000000238418579,1.0
topic-1852,mathematics,mathematical sciences,llm_rerank_llama3.2_3b_full,computational mathematics,"[""computational mathematics"", ""combinatorial mathematics"", ""statistical mathematics"", ""constructivist mathematics"", ""mathematical foundations""]",5,1.7148871421813965,False,False,False,False,0.7111111111111111,0.6844544410705566,0.0
topic-2421,world wide web,the web,llm_rerank_llama3.2_3b_full,the web,"[""the web"", ""internet technology"", ""online services"", ""global commerce"", ""e-commerce""]",5,1.1255416870117188,True,True,True,True,1.0,1.0,1.0
topic-16824,right to self-determination,self-governance,llm_rerank_llama3.2_3b_full,self-governance,"[""self-governance"", ""self-governance and ethics"", ""self-control"", ""basic rights"", ""women's liberation""]",5,2.2169742584228516,True,True,True,True,1.0,1.0,1.0
topic-9101,self consciousness,self-awareness,llm_rerank_llama3.2_3b_full,self-awareness,"[""self-awareness"", ""reflective awareness"", ""self-concept"", ""awareness"", ""self-governance""]",5,1.7937915325164795,True,True,True,True,1.0,0.9999999403953552,1.0
topic-10541,self reflection,reflective awareness,llm_rerank_llama3.2_3b_full,self-awareness,"[""self-awareness"", ""self-control"", ""self-governance"", ""self-improvement"", ""reflective awareness""]",5,1.273606777191162,False,True,False,True,1.0,1.000000238418579,0.2
topic-15062,self-regulation,self-control,llm_rerank_llama3.2_3b_full,self-control,"[""self-control"", ""self-awareness"", ""self-improvement"", ""self-concept"", ""self-governance""]",5,1.8156096935272217,True,True,True,True,1.0,1.0000001192092896,1.0
topic-2218,self-learning,autonomous learning,llm_rerank_llama3.2_3b_full,autonomous learning,"[""autonomous learning"", ""self-improvement"", ""self-awareness"", ""language learning"", ""self-control""]",5,1.4516496658325195,True,True,True,True,1.0,1.0,1.0
topic-11676,"soul (theological, neuroscientific...)",spirit,llm_rerank_llama3.2_3b_full,spiritual life,"[""spiritual life"", ""theological representations"", ""doctrinal theology"", ""theological literature"", ""religious psychology""]",5,1.694462776184082,False,False,False,False,0.6,0.5219401121139526,0.0
topic-2181,interpretation,meaning-making,llm_rerank_llama3.2_3b_full,legal interpretation,"[""legal interpretation"", ""Bible interpretation"", ""meaning analysis"", ""literary analysis"", ""Social understanding""]",5,1.144289493560791,False,False,False,False,0.6,0.3692523241043091,0.0
topic-1900,random violence,senseless violence,llm_rerank_llama3.2_3b_full,senseless violence,"[""senseless violence"", ""extremism"", ""aggression"", ""tension"", ""collective action problem""]",5,1.137899398803711,True,True,True,True,1.0,0.9999998807907104,1.0
topic-3340,automatic parsing,automated parsing,llm_rerank_llama3.2_3b_full,automated parsing,"[""automated parsing"", ""automated learning"", ""language processing systems"", ""text analysis"", ""sentence structure""]",5,2.0682334899902344,True,True,True,True,1.0,0.9999999403953552,1.0
topic-4290,search engine,information retrieval system,llm_rerank_llama3.2_3b_full,information search,"[""information search"", ""document search"", ""information retrieval system"", ""recommendation engine"", ""the web""]",5,1.75522780418396,False,True,True,True,1.0,1.0,0.3333333333333333
topic-7642,care,assistance,llm_rerank_llama3.2_3b_full,obligation of care,"[""obligation of care"", ""spiritual care"", ""psychological care"", ""coordinated care"", ""end-of-life care""]",5,1.2985951900482178,False,False,False,False,0.5,0.2900370955467224,0.0
topic-13101,health care utilisation,Health Care Usage,llm_rerank_llama3.2_3b_full,Health Care Usage,"[""Health Care Usage"", ""health services management"", ""coordinated care"", ""medical services"", ""health economics""]",5,1.509005069732666,True,True,True,True,1.0,1.000000238418579,1.0
topic-16062,Duty of care,obligation of care,llm_rerank_llama3.2_3b_full,obligation of care,"[""obligation of care"", ""responsibility law"", ""health care administration"", ""coordinated care"", ""care models""]",5,1.2693276405334473,True,True,True,True,1.0,0.9999998807907104,1.0
topic-11665,theories of care,care models,llm_rerank_llama3.2_3b_full,care models,"[""care models"", ""coordinated care"", ""psychological care"", ""spiritual care"", ""obligation of care""]",5,1.9909992218017578,True,True,True,True,1.0,1.0,1.0
topic-11521,South African law,South African legal system,llm_rerank_llama3.2_3b_full,South African legal system,"[""South African legal system"", ""global law"", ""civil law"", ""family law"", ""non-criminal law""]",5,1.2187387943267822,True,True,True,True,1.0,1.000000238418579,1.0
topic-15642,asset pricing,asset valuation,llm_rerank_llama3.2_3b_full,capital markets,"[""capital markets"", ""financial economics"", ""market analysis"", ""business valuation"", ""stock market""]",5,1.0752465724945068,False,False,False,False,0.7272727272727273,0.7982737421989441,0.0
topic-15482,pension economics,retirement economics,llm_rerank_llama3.2_3b_full,retirement economics,"[""retirement economics"", ""financial economics"", ""employment economics"", ""government economics"", ""national economics""]",5,1.160712718963623,True,True,True,True,1.0,1.000000238418579,1.0
topic-15403,trade policy,commercial policy,llm_rerank_llama3.2_3b_full,commercial policy,"[""commercial policy"", ""financial policy"", ""global commerce"", ""regulatory economics"", ""government economics""]",5,1.1397945880889893,True,True,True,True,1.0,0.9999999403953552,1.0
topic-16484,Sensemaking,meaning-making,llm_rerank_llama3.2_3b_full,language processing systems,"[""language processing systems"", ""information processing"", ""ontology"", ""sensory awareness"", ""knowledge systems""]",5,1.4470183849334717,False,False,False,False,0.38888888888888884,0.24068433046340942,0.0
topic-17124,Bilingual development,dual language development,llm_rerank_llama3.2_3b_full,dual language development,"[""dual language development"", ""language skills"", ""language learning"", ""linguistic education"", ""multiple language proficiency""]",5,2.064776659011841,True,True,True,True,1.0,1.0000001192092896,1.0
topic-17123,Language and education,linguistic education,llm_rerank_llama3.2_3b_full,language learning,"[""language learning"", ""native language education"", ""linguistic education"", ""language skills"", ""language science""]",5,1.6135029792785645,False,True,True,True,1.0,1.000000238418579,0.3333333333333333
topic-16825,Statehood,nationhood,llm_rerank_llama3.2_3b_full,nationhood,"[""nationhood"", ""Latvian Republic"", ""institutions"", ""heritage and progress"", ""jurisprudence""]",5,2.1898837089538574,True,True,True,True,1.0,1.0000001192092896,1.0
topic-16483,Refugees,asylum seekers,llm_rerank_llama3.2_3b_full,asylum seekers,"[""asylum seekers"", ""survivors"", ""ethnic groups"", ""minority cultures"", ""immigrants""]",5,1.3038837909698486,True,True,True,True,1.0,1.0,1.0
