topic,term,ground_truth,method,prediction,candidates,num_final_candidates,time_seconds,exact_top1,exact_any,recall_at_3,recall_at_5,precision_at_5,mrr,fuzzy_similarity,semantic_similarity,top_3_accuracy,top_5_accuracy
topic-12722,recommender system,recommendation engine,same_term,recommender system,"[""recommender system""]",1,2.6226043701171875e-06,False,False,False,False,0.0,0.0,0.5641025641025641,0.8017131090164185,False,False
topic-12722,recommender system,recommendation engine,wordnet_direct,,[],0,1.2199008464813232,False,False,False,False,0.0,0.0,0.0,0.1102341786026954,False,False
topic-12722,recommender system,recommendation engine,embedding_wordnet,recommendation,"[""recommendation"", ""suggester"", ""bookmarker"", ""rating system"", ""sorter""]",5,0.0380995273590087,False,False,False,False,0.0,0.0,0.8,0.6795047521591187,False,False
topic-12722,recommender system,recommendation engine,llm_zero_shot,Personalization engine,"[""Personalization engine"", ""Content recommendation algorithm"", ""Rating-based suggestion system"", ""Collaborative filtering model"", ""Information filtering framework""]",5,4.836748600006104,False,False,False,False,0.0,0.0,0.6976744186046511,0.7376992702484131,False,False
topic-12722,recommender system,recommendation engine,llm_expansion,profiling,"[""profiling"", ""personalized"", ""retrieval"", ""rating"", ""rating system""]",5,0.8670377731323242,False,False,False,False,0.0,0.0,0.4444444444444444,0.4535518884658813,False,False
topic-12722,recommender system,recommendation engine,llm_rerank,Recommendation engine,"[""Recommendation engine"", ""Collaborative filtering model"", ""Content recommendation algorithm"", ""Rating-based recommendation model"", ""Knowledge graph-based recommender""]",5,1.044966220855713,True,True,True,True,0.2,1.0,1.0,1.000000238418579,True,True
topic-12722,recommender system,recommendation engine,hybrid_fusion,Recommendation Engine,"[""Recommendation Engine"", ""Rating-Based Recommender"", ""Collaborative filtering system"", ""Preference-based recommender"", ""Collaborative Filtering Algorithm""]",5,3.3156518936157227,True,True,True,True,0.2,1.0,1.0,1.000000238418579,True,True
topic-12722,recommender system,recommendation engine,mas_base,Recommendation Engine,"[""Recommendation Engine"", ""Collaborative Filtering System"", ""Content Recommendation Algorithm"", ""recommendation"", ""Personalization System""]",5,1.0977075099945068,True,True,True,True,0.2,1.0,1.0,0.9999997615814208,True,True
topic-12722,recommender system,recommendation engine,mas_llm_ranker,recommendation,"[""recommendation"", ""collaborative"", ""personalized"", ""rating system"", ""recommend""]",5,5.962643384933472,False,False,False,False,0.0,0.0,0.8,0.6795047521591187,False,False
topic-12722,recommender system,recommendation engine,mas_safe_hybrid,Recommendation Engine,"[""Recommendation Engine"", ""recommendation"", ""Collaborative Filtering Model"", ""Content Recommendation Algorithm"", ""suggester""]",5,4.646378040313721,True,True,True,True,0.2,1.0,1.0,0.9999997615814208,True,True
topic-2484,stocks,shares,same_term,stocks,"[""stocks""]",1,2.86102294921875e-06,False,False,False,False,0.0,0.0,0.3333333333333333,0.6918751001358032,False,False
topic-2484,stocks,shares,wordnet_direct,stock,"[""stock"", ""inventory"", ""gunstock"", ""stock certificate"", ""store"", ""fund"", ""lineage"", ""line"", ""line of descent"", ""descent"", ""bloodline"", ""blood line"", ""blood"", ""pedigree"", ""ancestry"", ""origin"", ""parentage"", ""stemma"", ""breed"", ""strain"", ""broth"", ""caudex"", ""gillyflower"", ""Malcolm stock"", ""neckcloth"", ""livestock"", ""farm animal"", ""carry"", ""stockpile"", ""buy in"", ""stock up"", ""sprout""]",32,0.0563106536865234,False,False,False,False,0.0,0.0,0.5454545454545454,0.6828163266181946,False,False
topic-2484,stocks,shares,embedding_wordnet,stock,"[""stock"", ""stock market"", ""stock company"", ""capital stock"", ""stocking""]",5,0.0158953666687011,False,False,False,False,0.0,0.0,0.4444444444444444,0.6828161478042603,False,False
topic-2484,stocks,shares,llm_zero_shot,shares,"[""shares"", ""equities"", ""securities"", ""investments"", ""holdings""]",5,0.6080238819122314,True,True,True,True,0.2,1.0,1.0,1.0,True,True
topic-2484,stocks,shares,llm_expansion,investment,"[""investment"", ""investing"", ""investment funds"", ""investor"", ""invest""]",5,0.8000991344451904,False,False,False,False,0.0,0.0,0.3333333333333333,0.6195976734161377,False,False
topic-2484,stocks,shares,llm_rerank,Shares,"[""Shares"", ""Portfolio Holdings"", ""Securities"", ""Investments"", ""Capital Investments""]",5,0.8733944892883301,True,True,True,True,0.2,1.0,1.0,1.0,True,True
topic-2484,stocks,shares,hybrid_fusion,shares,"[""shares"", ""portfolio holdings"", ""securities"", ""investments"", ""Portfolio""]",5,2.494759082794189,True,True,True,True,0.2,1.0,1.0,1.0,True,True
topic-2484,stocks,shares,mas_base,stock,"[""stock"", ""stock market"", ""stocking"", ""stock issue"", ""stock company""]",5,0.8682448863983154,False,False,False,False,0.0,0.0,0.4444444444444444,0.6828161478042603,False,False
topic-2484,stocks,shares,mas_llm_ranker,Equities,"[""Equities"", ""Shares"", ""Securities"", ""Investments"", ""Capital Assets""]",5,2.8531506061553955,False,True,True,True,0.2,0.5,1.0,1.0,True,True
topic-2484,stocks,shares,mas_safe_hybrid,stock,"[""stock"", ""stock market"", ""stock company"", ""Shares"", ""capital stock""]",5,1.8915717601776123,False,True,False,True,0.2,0.25,1.0,1.0,False,True
topic-4285,equity market,stock market,same_term,equity market,"[""equity market""]",1,1.9073486328125e-06,False,False,False,False,0.0,0.0,0.64,0.8036891222000122,False,False
topic-4285,equity market,stock market,wordnet_direct,,[],0,2.6702880859375e-05,False,False,False,False,0.0,0.0,0.0,0.1546883285045623,False,False
topic-4285,equity market,stock market,embedding_wordnet,stock market,"[""stock market"", ""securities market"", ""equity"", ""market"", ""money market""]",5,0.0179946422576904,True,True,True,True,0.2,1.0,1.0,1.000000238418579,True,True
topic-4285,equity market,stock market,llm_zero_shot,Stock Market,"[""Stock Market"", ""Capital Market"", ""Financial Market"", ""Securities Market"", ""Bullion Market""]",5,0.6199936866760254,True,True,True,True,0.2,1.0,1.0,1.000000238418579,True,True
topic-4285,equity market,stock market,llm_expansion,stock exchange,"[""stock exchange"", ""market capitalization"", ""market capitalisation"", ""stock market"", ""american stock exchange""]",5,0.8438177108764648,False,True,False,True,0.2,0.25,1.0,1.000000238418579,False,True
topic-4285,equity market,stock market,llm_rerank,shares market,"[""shares market"", ""share market"", ""financial market"", ""capital market"", ""capital asset market""]",5,0.9076054096221924,False,False,False,False,0.0,0.0,0.6666666666666667,0.8024314045906067,False,False
topic-4285,equity market,stock market,hybrid_fusion,stock market,"[""stock market"", ""securities market"", ""Private Equity Market"", ""share market"", ""market for shares""]",5,2.7420976161956787,True,True,True,True,0.2,1.0,1.0,1.000000238418579,True,True
topic-4285,equity market,stock market,mas_base,securities market,"[""securities market"", ""stock market"", ""equity"", ""share market"", ""capital market""]",5,0.9365196228027344,False,True,True,True,0.2,0.5,1.0,1.000000238418579,True,True
topic-4285,equity market,stock market,mas_llm_ranker,stock exchange,"[""stock exchange"", ""stocks"", ""share market"", ""bourse"", ""capital market""]",5,4.096119403839111,False,False,False,False,0.0,0.0,0.6666666666666667,0.8091088533401489,False,False
topic-4285,equity market,stock market,mas_safe_hybrid,securities market,"[""securities market"", ""stock market"", ""share market"", ""equity"", ""stock exchange""]",5,3.3557732105255127,False,True,True,True,0.2,0.5,1.0,1.000000238418579,True,True
topic-3721,liability law,responsibility law,same_term,liability law,"[""liability law""]",1,1.9073486328125e-06,False,False,False,False,0.0,0.0,0.7096774193548387,0.681944727897644,False,False
topic-3721,liability law,responsibility law,wordnet_direct,,[],0,2.789497375488281e-05,False,False,False,False,0.0,0.0,0.0,0.1568988114595413,False,False
topic-3721,liability law,responsibility law,embedding_wordnet,liability,"[""liability"", ""liability insurance"", ""limited liability"", ""liable"", ""tax liability""]",5,0.0164711475372314,False,False,False,False,0.0,0.0,0.5185185185185186,0.6265771389007568,False,False
topic-3721,liability law,responsibility law,llm_zero_shot,Tort Law,"[""Tort Law"", ""Regulatory Compliance"", ""Risk Management"", ""Accountability Law"", ""Duty of Care""]",5,0.6516709327697754,False,False,False,False,0.0,0.0,0.6666666666666667,0.7513754367828369,False,False
topic-3721,liability law,responsibility law,llm_expansion,criminal negligence,"[""criminal negligence"", ""negligence"", ""liability"", ""accountability"", ""culpable negligence""]",5,0.8853240013122559,False,False,False,False,0.0,0.0,0.5185185185185186,0.6265770196914673,False,False
topic-3721,liability law,responsibility law,llm_rerank,Civil Liability,"[""Civil Liability"", ""Product Liability"", ""Negligence Law"", ""Personal Injury Law"", ""Compensation Law""]",5,0.9644019603729248,False,False,False,False,0.0,0.0,0.5945945945945945,0.6681857705116272,False,False
topic-3721,liability law,responsibility law,hybrid_fusion,Product Liability Law,"[""Product Liability Law"", ""Consequential Liability"", ""Fault-Based Liability"", ""product liability"", ""Negligence Law""]",5,2.97803282737732,False,False,False,False,0.0,0.0,0.6666666666666667,0.6681857109069824,False,False
topic-3721,liability law,responsibility law,mas_base,liability,"[""liability"", ""liability insurance"", ""Civil Liability"", ""limited liability"", ""tax liability""]",5,0.9427905082702636,False,False,False,False,0.0,0.0,0.5185185185185186,0.6265771389007568,False,False
topic-3721,liability law,responsibility law,mas_llm_ranker,liability insurance,"[""liability insurance"", ""limited liability"", ""tax liability"", ""Negligence Law"", ""Civil Liability""]",5,3.0618162155151367,False,False,False,False,0.0,0.0,0.4864864864864865,0.6681857705116272,False,False
topic-3721,liability law,responsibility law,mas_safe_hybrid,liability insurance,"[""liability insurance"", ""liability"", ""limited liability"", ""Civil Liability"", ""Negligence Law""]",5,3.042567014694214,False,False,False,False,0.0,0.0,0.5185185185185186,0.6681857705116272,False,False
topic-1274,accountancy,financial auditing,same_term,accountancy,"[""accountancy""]",1,3.576278686523437e-06,False,False,False,False,0.0,0.0,0.3448275862068966,0.5266649723052979,False,False
topic-1274,accountancy,financial auditing,wordnet_direct,accounting,"[""accounting""]",1,7.43865966796875e-05,False,False,False,False,0.0,0.0,0.5,0.6410108804702759,False,False
topic-1274,accountancy,financial auditing,embedding_wordnet,accounting,"[""accounting"", ""accounting data"", ""account statement"", ""account book"", ""accounting system""]",5,0.0155215263366699,False,False,False,False,0.0,0.0,0.5,0.6410109996795654,False,False
topic-1274,accountancy,financial auditing,llm_zero_shot,Accounting,"[""Accounting"", ""Auditing"", ""Financial Management"", ""Bookkeeping"", ""Financial Reporting""]",5,0.5983414649963379,False,False,False,False,0.0,0.0,0.7567567567567568,0.849439799785614,False,False
topic-1274,accountancy,financial auditing,llm_expansion,bookkeeping,"[""bookkeeping"", ""audit"", ""financial organisation"", ""accounting standard"", ""financial management service""]",5,0.8350377082824707,False,False,False,False,0.0,0.0,0.75,0.8284878730773926,False,False
topic-1274,accountancy,financial auditing,llm_rerank,Accounting,"[""Accounting"", ""Financial Management"", ""Bookkeeping"", ""Ledger Management"", ""Financial Analysis""]",5,0.9114158153533936,False,False,False,False,0.0,0.0,0.6842105263157895,0.6615417003631592,False,False
topic-1274,accountancy,financial auditing,hybrid_fusion,Accounting,"[""Accounting"", ""Financial Management"", ""Bookkeeping"", ""Financial Control"", ""Financial Analysis""]",5,2.708363771438598,False,False,False,False,0.0,0.0,0.6842105263157895,0.6615417003631592,False,False
topic-1274,accountancy,financial auditing,mas_base,Accounting,"[""Accounting"", ""account statement"", ""accounting system"", ""accounting data"", ""account book""]",5,0.8696408271789551,False,False,False,False,0.0,0.0,0.5,0.6410109996795654,False,False
topic-1274,accountancy,financial auditing,mas_llm_ranker,accounting,"[""accounting"", ""Bookkeeping"", ""accounting principle"", ""accounting entry"", ""accounting system""]",5,3.600174903869629,False,False,False,False,0.0,0.0,0.5,0.6410109996795654,False,False
topic-1274,accountancy,financial auditing,mas_safe_hybrid,accounting,"[""accounting"", ""accounting system"", ""account book"", ""account statement"", ""accounting data""]",5,3.5225462913513184,False,False,False,False,0.0,0.0,0.5,0.6410109996795654,False,False
topic-5882,auditors,financial examiners,same_term,auditors,"[""auditors""]",1,1.430511474609375e-06,False,False,False,False,0.0,0.0,0.2962962962962963,0.6801270842552185,False,False
topic-5882,auditors,financial examiners,wordnet_direct,hearer,"[""hearer"", ""listener"", ""auditor"", ""attender""]",4,0.0001165866851806,False,False,False,False,0.0,0.0,0.3703703703703704,0.6643438339233398,False,False
topic-5882,auditors,financial examiners,embedding_wordnet,auditor,"[""auditor"", ""internal auditor"", ""audit"", ""financial audit"", ""auditive""]",5,0.0159573554992675,False,False,False,False,0.0,0.0,0.7058823529411764,0.7395487427711487,False,False
topic-5882,auditors,financial examiners,llm_zero_shot,Inspectors,"[""Inspectors"", ""Examiners"", ""Reviewers"", ""Evaluators"", ""Accountants""]",5,0.6203491687774658,False,False,False,False,0.0,0.0,0.6428571428571428,0.7280333638191223,False,False
topic-5882,auditors,financial examiners,llm_expansion,accountant,"[""accountant"", ""examiner"", ""evaluator"", ""accountantship"", ""reviewer""]",5,0.851642370223999,False,False,False,False,0.0,0.0,0.5925925925925926,0.7003602981567383,False,False
topic-5882,auditors,financial examiners,llm_rerank,Examiners,"[""Examiners"", ""Inspectors"", ""Reviewers"", ""Financial analysts"", ""Accountability specialists""]",5,0.9536898136138916,False,False,False,False,0.0,0.0,0.7027027027027026,0.7280333638191223,False,False
topic-5882,auditors,financial examiners,hybrid_fusion,Auditing specialists,"[""Auditing specialists"", ""Examiners"", ""Inspectors"", ""Financial Reviewers"", ""Reviewers""]",5,2.691289186477661,False,False,False,False,0.0,0.0,0.7894736842105263,0.7280333638191223,False,False
topic-5882,auditors,financial examiners,mas_base,auditor,"[""auditor"", ""audit"", ""internal auditor"", ""auditive"", ""audit programme""]",5,0.9107224941253662,False,False,False,False,0.0,0.0,0.5142857142857142,0.6643438339233398,False,False
topic-5882,auditors,financial examiners,mas_llm_ranker,accountant,"[""accountant"", ""examiner"", ""audit programme"", ""internal auditor"", ""bank examiner""]",5,3.7066826820373535,False,False,False,False,0.0,0.0,0.6875,0.8237485885620117,False,False
topic-5882,auditors,financial examiners,mas_safe_hybrid,auditor,"[""auditor"", ""internal auditor"", ""audit"", ""accountant"", ""financial audit""]",5,3.86484169960022,False,False,False,False,0.0,0.0,0.7058823529411764,0.7395487427711487,False,False
topic-1276,accounting,financial accounting,same_term,accounting,"[""accounting""]",1,1.9073486328125e-06,False,False,False,False,0.0,0.0,0.6666666666666667,0.8892039656639099,False,False
topic-1276,accounting,financial accounting,wordnet_direct,accountancy,"[""accountancy"", ""accounting system"", ""method of accounting"", ""account"", ""account statement"", ""calculate"", ""report"", ""describe"", ""answer for""]",9,0.0002334117889404,False,False,False,False,0.0,0.0,0.6,0.7933703064918518,False,False
topic-1276,accounting,financial accounting,embedding_wordnet,accounting system,"[""accounting system"", ""accountant"", ""method of accounting"", ""accounting firm"", ""accounting entry""]",5,0.0182526111602783,False,False,False,False,0.0,0.0,0.6,0.7933703660964966,False,False
topic-1276,accounting,financial accounting,llm_zero_shot,Bookkeeping,"[""Bookkeeping"", ""Financial Management"", ""Auditing"", ""Accountancy"", ""Financial Reporting""]",5,0.5982122421264648,False,False,False,False,0.0,0.0,0.7692307692307692,0.7837228775024414,False,False
topic-1276,accounting,financial accounting,llm_expansion,bookkeeping,"[""bookkeeping"", ""audit"", ""financial management service"", ""financial organisation"", ""financial audit""]",5,0.8475034236907959,False,False,False,False,0.0,0.0,0.7428571428571429,0.7687282562255859,False,False
topic-1276,accounting,financial accounting,llm_rerank,Accountancy,"[""Accountancy"", ""Financial Management"", ""Financial Reporting"", ""Financial Analysis"", ""Bookkeeping""]",5,0.9288222789764404,False,False,False,False,0.0,0.0,0.7692307692307692,0.7837228775024414,False,False
topic-1276,accounting,financial accounting,hybrid_fusion,accountancy,"[""accountancy"", ""accounting and finance"", ""accounting practice"", ""financial management"", ""financial reporting""]",5,2.7313125133514404,False,False,False,False,0.0,0.0,0.7692307692307692,0.8948498964309692,False,False
topic-1276,accounting,financial accounting,mas_base,accounting system,"[""accounting system"", ""accountant"", ""accounting firm"", ""accounting entry"", ""accounting data""]",5,0.8870270252227783,False,False,False,False,0.0,0.0,0.5714285714285714,0.7933703660964966,False,False
topic-1276,accounting,financial accounting,mas_llm_ranker,accountant,"[""accountant"", ""method of accounting"", ""accounting entry"", ""accounting data"", ""accountancy""]",5,3.1448686122894287,False,False,False,False,0.0,0.0,0.6,0.779242217540741,False,False
topic-1276,accounting,financial accounting,mas_safe_hybrid,accountant,"[""accountant"", ""accounting system"", ""accounting entry"", ""accounting data"", ""method of accounting""]",5,3.1114890575408936,False,False,False,False,0.0,0.0,0.6,0.7933703660964966,False,False
topic-1953,acculturation,cultural adaptation,same_term,acculturation,"[""acculturation""]",1,1.6689300537109375e-06,False,False,False,False,0.0,0.0,0.6875,0.392371118068695,False,False
topic-1953,acculturation,cultural adaptation,wordnet_direct,socialization,"[""socialization"", ""socialisation"", ""enculturation"", ""culture"", ""assimilation""]",5,0.0001213550567626,False,False,False,False,0.0,0.0,0.6875,0.6713874936103821,False,False
topic-1953,acculturation,cultural adaptation,embedding_wordnet,acculturational,"[""acculturational"", ""acculturate"", ""acculturative"", ""enculturation"", ""instauration""]",5,0.0158219337463378,False,False,False,False,0.0,0.0,0.6875,0.3951218724250793,False,False
topic-1953,acculturation,cultural adaptation,llm_zero_shot,Assimilation,"[""Assimilation"", ""Cultural Integration"", ""Socialization"", ""Accommodation"", ""Adaptation""]",5,0.636310338973999,False,False,False,False,0.0,0.0,0.7692307692307692,0.7390458583831787,False,False
topic-1953,acculturation,cultural adaptation,llm_expansion,assimilation,"[""assimilation"", ""socialization"", ""adoption"", ""incorporation"", ""integration""]",5,0.842414379119873,False,False,False,False,0.0,0.0,0.5185185185185186,0.5315747857093811,False,False
topic-1953,acculturation,cultural adaptation,llm_rerank,inculturation,"[""inculturation"", ""assimilation"", ""acculturative process"", ""ethnic assimilation"", ""socialization""]",5,0.9971516132354736,False,False,False,False,0.0,0.0,0.6875,0.5577096939086914,False,False
topic-1953,acculturation,cultural adaptation,hybrid_fusion,accidental acculturation,"[""accidental acculturation"", ""inculturation"", ""assimilation"", ""acculturative process"", ""ethnic assimilation""]",5,2.895878553390503,False,False,False,False,0.0,0.0,0.6875,0.5577096939086914,False,False
topic-1953,acculturation,cultural adaptation,mas_base,acculturational,"[""acculturational"", ""inculturation"", ""acculturate"", ""acculturative"", ""enculturation""]",5,0.9832274913787842,False,False,False,False,0.0,0.0,0.6875,0.3955171108245849,False,False
topic-1953,acculturation,cultural adaptation,mas_llm_ranker,assimilation,"[""assimilation"", ""socialization"", ""inculturation"", ""cultural integration"", ""acculturational""]",5,2.3813958168029785,False,False,False,False,0.0,0.0,0.7692307692307692,0.6916220188140869,False,False
topic-1953,acculturation,cultural adaptation,mas_safe_hybrid,acculturational,"[""acculturational"", ""inculturation"", ""acculturate"", ""assimilation"", ""enculturation""]",5,4.196086168289185,False,False,False,False,0.0,0.0,0.6875,0.5315748453140259,False,False
topic-1919,actual pastoral liturgical practice,current liturgical practice,same_term,actual pastoral liturgical practice,"[""actual pastoral liturgical practice""]",1,1.6689300537109375e-06,False,False,False,False,0.0,0.0,0.7419354838709676,0.8342791795730591,False,False
topic-1919,actual pastoral liturgical practice,current liturgical practice,wordnet_direct,,[],0,2.86102294921875e-05,False,False,False,False,0.0,0.0,0.0,0.1533507257699966,False,False
topic-1919,actual pastoral liturgical practice,current liturgical practice,embedding_wordnet,liturgical,"[""liturgical"", ""christian liturgy"", ""pastoral"", ""liturgy"", ""pastorale""]",5,0.015444278717041,False,False,False,False,0.0,0.0,0.5405405405405406,0.8827555775642395,False,False
topic-1919,actual pastoral liturgical practice,current liturgical practice,llm_zero_shot,practical pastoral ministry,"[""practical pastoral ministry"", ""day-to-day church service"", ""liturgical routine"", ""pastoral discipline"", ""ordinary worship""]",5,0.669630765914917,False,False,False,False,0.0,0.0,0.6666666666666667,0.8779455423355103,False,False
topic-1919,actual pastoral liturgical practice,current liturgical practice,llm_expansion,pastoral,"[""pastoral"", ""pastorale"", ""liturgical"", ""ecclesiastical"", ""christian liturgy""]",5,0.9483721256256104,False,False,False,False,0.0,0.0,0.5405405405405406,0.8827555775642395,False,False
topic-1919,actual pastoral liturgical practice,current liturgical practice,llm_rerank,liturgical implementation,"[""liturgical implementation"", ""pastoral action"", ""practical pastoral application"", ""ritualistic practice"", ""worshipful conduct""]",5,1.1088533401489258,False,False,False,False,0.0,0.0,0.6808510638297872,0.8645930886268616,False,False
topic-1919,actual pastoral liturgical practice,current liturgical practice,hybrid_fusion,Ordinary Liturgical Practice,"[""Ordinary Liturgical Practice"", ""Practical Pastoral Rite"", ""pastoral sacramental practice"", ""catholic liturgical discipline"", ""ecclesiastical pastoral habit""]",5,3.774383783340454,False,False,False,False,0.0,0.0,0.8,0.9082987308502196,False,False
topic-1919,actual pastoral liturgical practice,current liturgical practice,mas_base,liturgical implementation,"[""liturgical implementation"", ""practical pastoral application"", ""liturgical"", ""pastoral action"", ""christian liturgy""]",5,1.0940725803375244,False,False,False,False,0.0,0.0,0.5769230769230769,0.8827555775642395,False,False
topic-1919,actual pastoral liturgical practice,current liturgical practice,mas_llm_ranker,pastoral,"[""pastoral"", ""liturgical"", ""eucharistic liturgy"", ""pastoral sacramental practice"", ""pragmatic pastoral ministry""]",5,3.12725830078125,False,False,False,False,0.0,0.0,0.5714285714285714,0.8827555179595947,False,False
topic-1919,actual pastoral liturgical practice,current liturgical practice,mas_safe_hybrid,liturgical pastoralism,"[""liturgical pastoralism"", ""liturgical"", ""pastoral"", ""pastoral sacramental practice"", ""practical pastoral theology""]",5,3.0964813232421875,False,False,False,False,0.0,0.0,0.6122448979591837,0.8827555179595947,False,False
topic-1980,adhd,attention deficit disorder,same_term,adhd,"[""adhd""]",1,1.9073486328125e-06,False,False,False,False,0.0,0.0,0.1999999999999999,0.723759651184082,False,False
topic-1980,adhd,attention deficit disorder,wordnet_direct,attention deficit disorder,"[""attention deficit disorder"", ""ADD"", ""attention deficit hyperactivity disorder"", ""hyperkinetic syndrome"", ""minimal brain dysfunction"", ""minimal brain damage"", ""MBD""]",7,0.0001516342163085,True,True,True,True,0.2,1.0,1.0,1.0000001192092896,True,True
topic-1980,adhd,attention deficit disorder,embedding_wordnet,attention deficit hyperactivity disorder,"[""attention deficit hyperactivity disorder"", ""attention deficit disorder"", ""brain disorder"", ""ritalin"", ""disorder""]",5,0.0155692100524902,False,True,True,True,0.2,0.5,1.0,1.0000001192092896,True,True
topic-1980,adhd,attention deficit disorder,llm_zero_shot,Attention Deficit Disorder,"[""Attention Deficit Disorder"", ""Hyperactivity Disorder"", ""Disruptive Behavior Disorder"", ""Executive Function Deficit"", ""Neurodevelopmental Disorder""]",5,0.7297461032867432,True,True,True,True,0.2,1.0,1.0,1.0000001192092896,True,True
topic-1980,adhd,attention deficit disorder,llm_expansion,attention deficit disorder,"[""attention deficit disorder"", ""attention deficit hyperactivity disorder"", ""brain disorder"", ""disorderly behavior"", ""functional disorder""]",5,0.9723410606384276,True,True,True,True,0.2,1.0,1.0,1.0000001192092896,True,True
topic-1980,adhd,attention deficit disorder,llm_rerank,Attention Deficit Hyperactivity Disorder,"[""Attention Deficit Hyperactivity Disorder"", ""Attentional Deficit Disorder"", ""Neurodevelopmental Disorder"", ""Hyperkinetic Disorder"", ""Behavioral Regulation Disorder""]",5,1.192990779876709,False,False,False,False,0.0,0.0,0.962962962962963,0.9852349162101746,False,False
topic-1980,adhd,attention deficit disorder,hybrid_fusion,Attention Deficit Hyperactivity Disorder,"[""Attention Deficit Hyperactivity Disorder"", ""Attention Deficit Disorder"", ""Hyperactivity Disorder"", ""Neurodevelopmental Disorder"", ""Impulsivity Disorder""]",5,3.569143295288086,False,True,True,True,0.2,0.5,1.0,1.0000001192092896,True,True
topic-1980,adhd,attention deficit disorder,mas_base,Attention Deficit Hyperactivity Disorder,"[""Attention Deficit Hyperactivity Disorder"", ""Attention Deficit Disorder"", ""brain disorder"", ""disorder"", ""mental disorder""]",5,1.1205260753631592,False,True,True,True,0.2,0.5,1.0,1.0000001192092896,True,True
topic-1980,adhd,attention deficit disorder,mas_llm_ranker,attention deficit hyperactivity disorder,"[""attention deficit hyperactivity disorder"", ""attention deficit disorder"", ""hyperactive"", ""Executive Function Deficit"", ""Disruptive Behavior Disorder""]",5,2.4676053524017334,False,True,True,True,0.2,0.5,1.0,1.0000001192092896,True,True
topic-1980,adhd,attention deficit disorder,mas_safe_hybrid,attention deficit hyperactivity disorder,"[""attention deficit hyperactivity disorder"", ""attention deficit disorder"", ""brain disorder"", ""ritalin"", ""disorder""]",5,3.966757535934448,False,True,True,True,0.2,0.5,1.0,1.0000001192092896,True,True
topic-4079,administrative law,regulatory law,same_term,administrative law,"[""administrative law""]",1,1.430511474609375e-06,False,False,False,False,0.0,0.0,0.4375,0.5233328342437744,False,False
topic-4079,administrative law,regulatory law,wordnet_direct,,[],0,6.866455078125e-05,False,False,False,False,0.0,0.0,0.0,0.1738888621330261,False,False
topic-4079,administrative law,regulatory law,embedding_wordnet,administrative,"[""administrative"", ""administrative official"", ""administrative body"", ""law"", ""public law""]",5,0.0158679485321044,False,False,False,False,0.0,0.0,0.5,0.6358857154846191,False,False
topic-4079,administrative law,regulatory law,llm_zero_shot,Regulatory Law,"[""Regulatory Law"", ""Public Policy"", ""Government Regulation"", ""Administrative Justice"", ""Statutory Law""]",5,0.6256210803985596,True,True,True,True,0.2,1.0,1.0,1.0,True,True
topic-4079,administrative law,regulatory law,llm_expansion,law of the land,"[""law of the land"", ""statutory law"", ""regulation"", ""regulatory"", ""statutory""]",5,0.8766026496887207,False,False,False,False,0.0,0.0,0.8333333333333335,0.8850307464599609,False,False
topic-4079,administrative law,regulatory law,llm_rerank,Executive Law,"[""Executive Law"", ""Governmental Law"", ""Bureaucratic Law"", ""Public Law"", ""Legislative Law""]",5,1.0256762504577637,False,False,False,False,0.0,0.0,0.6206896551724138,0.5993784666061401,False,False
topic-4079,administrative law,regulatory law,hybrid_fusion,Public Law,"[""Public Law"", ""Administrative Justice"", ""Government Law"", ""Executive Law"", ""Governmental Law""]",5,3.003968954086304,False,False,False,False,0.0,0.0,0.5185185185185186,0.5993784666061401,False,False
topic-4079,administrative law,regulatory law,mas_base,administrative,"[""administrative"", ""administrative official"", ""administrative body"", ""administrative unit"", ""administration""]",5,0.995659351348877,False,False,False,False,0.0,0.0,0.303030303030303,0.3001857697963714,False,False
topic-4079,administrative law,regulatory law,mas_llm_ranker,administrative,"[""administrative"", ""law"", ""public law"", ""administration"", ""laws""]",5,2.353196620941162,False,False,False,False,0.0,0.0,0.5,0.6612653732299805,False,False
topic-4079,administrative law,regulatory law,mas_safe_hybrid,law,"[""law"", ""administrative"", ""Governmental Law"", ""administrative official"", ""public law""]",5,2.9453647136688232,False,False,False,False,0.0,0.0,0.5,0.6358857154846191,False,False
topic-2276,adorno,critical theorist,same_term,adorno,"[""adorno""]",1,1.9073486328125e-06,False,False,False,False,0.0,0.0,0.2608695652173913,0.2130218595266342,False,False
topic-2276,adorno,critical theorist,wordnet_direct,,[],0,2.7179718017578125e-05,False,False,False,False,0.0,0.0,0.0,0.1391798853874206,False,False
topic-2276,adorno,critical theorist,embedding_wordnet,adonis,"[""adonis"", ""adzharia"", ""adesite"", ""ad val"", ""schiaparelli""]",5,0.0158488750457763,False,False,False,False,0.0,0.0,0.3478260869565217,0.211487591266632,False,False
topic-2276,adorno,critical theorist,llm_zero_shot,Critique,"[""Critique"", ""Theory"", ""Philosophy"", ""Marxism"", ""Hegemony""]",5,0.6116578578948975,False,False,False,False,0.0,0.0,0.48,0.5202205181121826,False,False
topic-2276,adorno,critical theorist,llm_expansion,theorist,"[""theorist"", ""marxism"", ""marxist"", ""criticality"", ""marxism-leninism""]",5,0.8683147430419922,False,False,False,False,0.0,0.0,0.7142857142857143,0.7185789346694946,False,False
topic-2276,adorno,critical theorist,llm_rerank,Philosopher,"[""Philosopher"", ""Marxist Theorist"", ""Sociologist"", ""Social Critic"", ""Intellectual""]",5,0.9767560958862304,False,False,False,False,0.0,0.0,0.7272727272727273,0.6513336896896362,False,False
topic-2276,adorno,critical theorist,hybrid_fusion,Marxist,"[""Marxist"", ""postmodernist"", ""ideologue"", ""philosopher"", ""sociologist""]",5,2.857402801513672,False,False,False,False,0.0,0.0,0.5,0.4844173491001129,False,False
topic-2276,adorno,critical theorist,mas_base,adonis,"[""adonis"", ""adonic"", ""salerno"", ""adzharia"", ""adonis annua""]",5,1.008883714675903,False,False,False,False,0.0,0.0,0.3478260869565217,0.1800897717475891,False,False
topic-2276,adorno,critical theorist,mas_llm_ranker,Theorist,"[""Theorist"", ""Critic"", ""Philosopher"", ""Sociologist"", ""Marxist""]",5,3.466268301010132,False,False,False,False,0.0,0.0,0.64,0.7144043445587158,False,False
topic-2276,adorno,critical theorist,mas_safe_hybrid,adonis,"[""adonis"", ""adzharia"", ""adesite"", ""ad val"", ""schiaparelli""]",5,4.585811376571655,False,False,False,False,0.0,0.0,0.3478260869565217,0.211487591266632,False,False
topic-2250,africa,Sub-Saharan region,same_term,africa,"[""africa""]",1,2.6226043701171875e-06,False,False,False,False,0.0,0.0,0.25,0.6281067132949829,False,False
topic-2250,africa,Sub-Saharan region,wordnet_direct,,[],0,0.0001370906829833,False,False,False,False,0.0,0.0,0.0,0.1263613402843475,False,False
topic-2250,africa,Sub-Saharan region,embedding_wordnet,african country,"[""african country"", ""black africa"", ""north africa"", ""south africa"", ""west africa""]",5,0.0164647102355957,False,False,False,False,0.0,0.0,0.4242424242424242,0.6569048166275024,False,False
topic-2250,africa,Sub-Saharan region,llm_zero_shot,Continent,"[""Continent"", ""Region"", ""Sub-Saharan"", ""Sahel"", ""Territory""]",5,0.5976808071136475,False,False,False,False,0.0,0.0,0.7586206896551724,0.9231882095336914,False,False
topic-2250,africa,Sub-Saharan region,llm_expansion,black africa,"[""black africa"", ""african country"", ""north africa"", ""african nation"", ""african""]",5,0.8625211715698242,False,False,False,False,0.0,0.0,0.5,0.6569048166275024,False,False
topic-2250,africa,Sub-Saharan region,llm_rerank,Black Africa,"[""Black Africa"", ""African continent"", ""Africana"", ""Sub-Saharan Africa"", ""Neuro-Africa""]",5,1.0697057247161863,False,False,False,False,0.0,0.0,0.7777777777777779,0.9067846536636353,False,False
topic-2250,africa,Sub-Saharan region,hybrid_fusion,Black Africa,"[""Black Africa"", ""West Africa"", ""East Africa"", ""African continent"", ""the African continent""]",5,2.656811475753784,False,False,False,False,0.0,0.0,0.4102564102564102,0.6373764276504517,False,False
topic-2250,africa,Sub-Saharan region,mas_base,Black Africa,"[""Black Africa"", ""north africa"", ""west africa"", ""south africa"", ""african country""]",5,0.9948906898498536,False,False,False,False,0.0,0.0,0.4242424242424242,0.6569048166275024,False,False
topic-2250,africa,Sub-Saharan region,mas_llm_ranker,african,"[""african"", ""sub-saharan africa"", ""african nation"", ""African continent"", ""south african""]",5,3.499593734741211,False,False,False,False,0.0,0.0,0.7777777777777779,0.9067846536636353,False,False
topic-2250,africa,Sub-Saharan region,mas_safe_hybrid,african,"[""african"", ""African continent"", ""african country"", ""black africa"", ""north africa""]",5,3.473947286605835,False,False,False,False,0.0,0.0,0.4242424242424242,0.6569048166275024,False,False
topic-1280,agricultural economy,agricultural economics,same_term,agricultural economy,"[""agricultural economy""]",1,1.9073486328125e-06,False,False,False,False,0.0,0.0,0.9047619047619048,0.8946830034255981,False,False
topic-1280,agricultural economy,agricultural economics,wordnet_direct,,[],0,3.62396240234375e-05,False,False,False,False,0.0,0.0,0.0,0.1248673573136329,False,False
topic-1280,agricultural economy,agricultural economics,embedding_wordnet,agriculture,"[""agriculture"", ""agricultural"", ""economy"", ""agribusiness"", ""farmer's market""]",5,0.0156469345092773,False,False,False,False,0.0,0.0,0.7058823529411764,0.7925886511802673,False,False
topic-1280,agricultural economy,agricultural economics,llm_zero_shot,Farm-based economy,"[""Farm-based economy"", ""Rural economy"", ""Agricultural sector"", ""Country economy"", ""Food-based economy""]",5,0.6490778923034668,False,False,False,False,0.0,0.0,0.7804878048780488,0.7650142312049866,False,False
topic-1280,agricultural economy,agricultural economics,llm_expansion,economy,"[""economy"", ""agriculture"", ""agricultural"", ""rurality"", ""rural""]",5,0.8673579692840576,False,False,False,False,0.0,0.0,0.7058823529411764,0.7925885915756226,False,False
topic-1280,agricultural economy,agricultural economics,llm_rerank,agricultural industry,"[""agricultural industry"", ""farm-based economy"", ""rural economy"", ""peasant economy"", ""agronomic economy""]",5,1.0076277256011963,False,False,False,False,0.0,0.0,0.6976744186046511,0.7902804613113403,False,False
topic-1280,agricultural economy,agricultural economics,hybrid_fusion,agrarian economy,"[""agrarian economy"", ""farming-based economy"", ""farm-based economy"", ""farm-to-market economy"", ""agro-economy""]",5,3.061931133270264,False,False,False,False,0.0,0.0,0.631578947368421,0.7309942245483398,False,False
topic-1280,agricultural economy,agricultural economics,mas_base,agricultural,"[""agricultural"", ""agriculture"", ""farm-based economy"", ""rural economy"", ""agricultural agent""]",5,1.034898042678833,False,False,False,False,0.0,0.0,0.75,0.7925886511802673,False,False
topic-1280,agricultural economy,agricultural economics,mas_llm_ranker,agriculture,"[""agriculture"", ""agricultural"", ""economy"", ""farmland"", ""rural economy""]",5,3.843519926071167,False,False,False,False,0.0,0.0,0.7058823529411764,0.7925885915756226,False,False
topic-1280,agricultural economy,agricultural economics,mas_safe_hybrid,agriculture,"[""agriculture"", ""agricultural"", ""farm-based economy"", ""rural economy"", ""economy""]",5,4.046534299850464,False,False,False,False,0.0,0.0,0.7058823529411764,0.7925886511802673,False,False
topic-7782,aggression,hostility,same_term,aggression,"[""aggression""]",1,1.6689300537109375e-06,False,False,False,False,0.0,0.0,0.2105263157894736,0.6816224455833435,False,False
topic-7782,aggression,hostility,wordnet_direct,aggressiveness,"[""aggressiveness"", ""hostility""]",2,0.0001311302185058,False,True,True,True,0.2,0.5,1.0,1.0000001192092896,True,True
topic-7782,aggression,hostility,embedding_wordnet,aggressiveness,"[""aggressiveness"", ""aggressive"", ""violence"", ""violent"", ""hostility""]",5,0.0156662464141845,False,True,False,True,0.2,0.2,1.0,0.9999997615814208,False,True
topic-7782,aggression,hostility,llm_zero_shot,Hostility,"[""Hostility"", ""Aggressiveness"", ""Belligerence"", ""Vigorish"", ""Impulsiveness""]",5,0.6463510990142822,True,True,True,True,0.2,1.0,1.0,0.9999997615814208,True,True
topic-7782,aggression,hostility,llm_expansion,conflict,"[""conflict"", ""assertiveness"", ""hostility"", ""intensity"", ""belligerence""]",5,0.8310163021087646,False,True,True,True,0.2,0.3333333333333333,1.0,0.9999997615814208,True,True
topic-7782,aggression,hostility,llm_rerank,aggressiveness,"[""aggressiveness"", ""hostility"", ""dominance"", ""intimidation"", ""provocation""]",5,0.9288690090179444,False,True,True,True,0.2,0.5,1.0,0.9999997615814208,True,True
topic-7782,aggression,hostility,hybrid_fusion,aggressiveness,"[""aggressiveness"", ""hostility"", ""Confrontationalism"", ""Dominance"", ""Intimidation""]",5,2.7332003116607666,False,True,True,True,0.2,0.5,1.0,0.9999997615814208,True,True
topic-7782,aggression,hostility,mas_base,aggressiveness,"[""aggressiveness"", ""aggressive"", ""aggressively"", ""violence"", ""violent""]",5,0.9277396202087402,False,False,False,False,0.0,0.0,0.3809523809523809,0.6340457797050476,False,False
topic-7782,aggression,hostility,mas_llm_ranker,aggressiveness,"[""aggressiveness"", ""hostility"", ""violence"", ""violent"", ""bullying""]",5,2.945808172225952,False,True,True,True,0.2,0.5,1.0,0.9999997615814208,True,True
topic-7782,aggression,hostility,mas_safe_hybrid,aggressiveness,"[""aggressiveness"", ""violence"", ""aggressive"", ""violent"", ""hostility""]",5,2.975283145904541,False,True,False,True,0.2,0.2,1.0,0.9999997615814208,False,True
topic-5124,alcohol addiction,alcohol dependence,same_term,alcohol addiction,"[""alcohol addiction""]",1,1.9073486328125e-06,False,False,False,False,0.0,0.0,0.6285714285714286,0.8469732999801636,False,False
topic-5124,alcohol addiction,alcohol dependence,wordnet_direct,alcoholism,"[""alcoholism"", ""inebriation"", ""drunkenness""]",3,8.559226989746094e-05,False,False,False,False,0.0,0.0,0.5,0.7019223570823669,False,False
topic-5124,alcohol addiction,alcohol dependence,embedding_wordnet,alcohol abuse,"[""alcohol abuse"", ""alcoholism abuse"", ""addiction"", ""alcoholism"", ""alcoholic abuse""]",5,0.0179615020751953,False,False,False,False,0.0,0.0,0.5806451612903225,0.7629175186157227,False,False
topic-5124,alcohol addiction,alcohol dependence,llm_zero_shot,Alcohol dependence,"[""Alcohol dependence"", ""Intoxication disorder"", ""Alcoholic disease"", ""Substance abuse"", ""Binge drinking disorder""]",5,0.6693398952484131,True,True,True,True,0.2,1.0,1.0,1.000000238418579,True,True
topic-5124,alcohol addiction,alcohol dependence,llm_expansion,alcoholism,"[""alcoholism"", ""alcoholic"", ""alcoholism abuse"", ""alcohol abuse"", ""alcoholic abuse""]",5,0.9165561199188232,False,False,False,False,0.0,0.0,0.5925925925925926,0.7629175186157227,False,False
topic-5124,alcohol addiction,alcohol dependence,llm_rerank,alcohol dependence,"[""alcohol dependence"", ""alcohol abuse"", ""alcohol use disorder"", ""alcoholism"", ""alcoholic disorder""]",5,1.0233018398284912,True,True,True,True,0.2,1.0,1.0,1.0000001192092896,True,True
topic-5124,alcohol addiction,alcohol dependence,hybrid_fusion,alcoholism,"[""alcoholism"", ""alcoholic dependence"", ""chronic alcohol consumption disorder"", ""alcoholic habituation"", ""behavioral dependence on alcohol""]",5,3.1260111331939697,False,False,False,False,0.0,0.0,0.9473684210526316,0.9395235776901244,False,False
topic-5124,alcohol addiction,alcohol dependence,mas_base,alcohol dependence,"[""alcohol dependence"", ""alcohol abuse"", ""addiction"", ""alcoholic"", ""alcoholism abuse""]",5,1.0089192390441897,True,True,True,True,0.2,1.0,1.0,1.0000001192092896,True,True
topic-5124,alcohol addiction,alcohol dependence,mas_llm_ranker,alcoholism,"[""alcoholism"", ""addiction"", ""alcohol abuse"", ""substance abuse"", ""alcoholic""]",5,3.617772340774536,False,False,False,False,0.0,0.0,0.5925925925925926,0.7629175186157227,False,False
topic-5124,alcohol addiction,alcohol dependence,mas_safe_hybrid,alcoholism,"[""alcoholism"", ""alcohol dependence"", ""alcohol abuse"", ""addiction"", ""alcoholism abuse""]",5,3.7370293140411377,False,True,True,True,0.2,0.5,1.0,1.0000001192092896,True,True
topic-2500,general econometrics,economic statistics,same_term,general econometrics,"[""general econometrics""]",1,1.6689300537109375e-06,False,False,False,False,0.0,0.0,0.5128205128205128,0.6937490701675415,False,False
topic-2500,general econometrics,economic statistics,wordnet_direct,,[],0,3.0040740966796875e-05,False,False,False,False,0.0,0.0,0.0,0.0093994354829192,False,False
topic-2500,general econometrics,economic statistics,embedding_wordnet,econometrics,"[""econometrics"", ""econometric"", ""econometrician"", ""macroeconomics"", ""economic theory""]",5,0.0162394046783447,False,False,False,False,0.0,0.0,0.6451612903225806,0.7386291027069092,False,False
topic-2500,general econometrics,economic statistics,llm_zero_shot,Econometric Analysis,"[""Econometric Analysis"", ""Applied Econometrics"", ""Statistical Economics"", ""Economic Modeling"", ""Quantitative Economics""]",5,0.6645703315734863,False,False,False,False,0.0,0.0,0.6666666666666667,0.7994452118873596,False,False
topic-2500,general econometrics,economic statistics,llm_expansion,econometric,"[""econometric"", ""econometrics"", ""econometrician"", ""economics"", ""economic""]",5,0.9277467727661132,False,False,False,False,0.0,0.0,0.6451612903225806,0.7386291027069092,False,False
topic-2500,general econometrics,economic statistics,llm_rerank,Applied Econometrics,"[""Applied Econometrics"", ""Econometric Methods"", ""Econometric Theory"", ""Economic Modeling"", ""Econophysics""]",5,1.0824625492095947,False,False,False,False,0.0,0.0,0.5806451612903225,0.7044644355773926,False,False
topic-2500,general econometrics,economic statistics,hybrid_fusion,Applied Econometrics,"[""Applied Econometrics"", ""Econometric Theory"", ""Econometric Methodology"", ""Empirical Economics"", ""Statistical Analysis of Economic Data""]",5,3.201192617416382,False,False,False,False,0.0,0.0,0.5405405405405406,0.8356932997703552,False,False
topic-2500,general econometrics,economic statistics,mas_base,econometrics,"[""econometrics"", ""econometric"", ""Applied Econometrics"", ""econometrician"", ""Econometric Theory""]",5,1.016075611114502,False,False,False,False,0.0,0.0,0.6451612903225806,0.7386291027069092,False,False
topic-2500,general econometrics,economic statistics,mas_llm_ranker,econometrics,"[""econometrics"", ""economic theory"", ""microeconomics"", ""macroeconomics"", ""Applied Econometrics""]",5,5.158336400985718,False,False,False,False,0.0,0.0,0.6451612903225806,0.7386291027069092,False,False
topic-2500,general econometrics,economic statistics,mas_safe_hybrid,econometrics,"[""econometrics"", ""Applied Econometrics"", ""econometric"", ""econometrician"", ""Econometric Theory""]",5,2.267207860946656,False,False,False,False,0.0,0.0,0.6451612903225806,0.7386291027069092,False,False
topic-2501,alliances and joint ventures,strategic partnerships,same_term,alliances and joint ventures,"[""alliances and joint ventures""]",1,1.6689300537109375e-06,False,False,False,False,0.0,0.0,0.36,0.7198052406311035,False,False
topic-2501,alliances and joint ventures,strategic partnerships,wordnet_direct,,[],0,3.147125244140625e-05,False,False,False,False,0.0,0.0,0.0,0.2028903067111969,False,False
topic-2501,alliances and joint ventures,strategic partnerships,embedding_wordnet,joint venture,"[""joint venture"", ""partnership"", ""alliance"", ""joint-stock company"", ""merger agreement""]",5,0.0177309513092041,False,False,False,False,0.0,0.0,0.6666666666666667,0.7969455122947693,False,False
topic-2501,alliances and joint ventures,strategic partnerships,llm_zero_shot,Partnerships,"[""Partnerships"", ""Collaborations"", ""Joint Operations"", ""Strategic Partnerships"", ""Business Associations""]",5,0.6391942501068115,False,True,False,True,0.2,0.25,1.0,0.9999998807907104,False,True
topic-2501,alliances and joint ventures,strategic partnerships,llm_expansion,partnership,"[""partnership"", ""collaboration"", ""collaborate"", ""joint venture"", ""collaborator""]",5,0.8733153343200684,False,False,False,False,0.0,0.0,0.6666666666666667,0.7969455718994141,False,False
topic-2501,alliances and joint ventures,strategic partnerships,llm_rerank,Joint Organizations,"[""Joint Organizations"", ""Cooperative Ventures"", ""Strategic Partnerships"", ""Partnerships"", ""Collaborations""]",5,1.0380561351776123,False,True,True,True,0.2,0.3333333333333333,1.0,0.9999998807907104,True,True
topic-2501,alliances and joint ventures,strategic partnerships,hybrid_fusion,Mutual Ventures,"[""Mutual Ventures"", ""Strategic Collaborations"", ""Interdependent Ventures"", ""Partnerships"", ""Synergistic Partnerships""]",5,3.0784125328063965,False,False,False,False,0.0,0.0,0.782608695652174,0.8434137105941772,False,False
topic-2501,alliances and joint ventures,strategic partnerships,mas_base,joint venture,"[""joint venture"", ""Cooperative Ventures"", ""Joint Organizations"", ""Strategic Partnerships"", ""alliance""]",5,1.0166361331939695,False,True,False,True,0.2,0.25,1.0,0.9999998807907104,False,True
topic-2501,alliances and joint ventures,strategic partnerships,mas_llm_ranker,joint venture,"[""joint venture"", ""partnership"", ""alliance"", ""collaboration"", ""venture""]",5,4.370246887207031,False,False,False,False,0.0,0.0,0.6666666666666667,0.7969455718994141,False,False
topic-2501,alliances and joint ventures,strategic partnerships,mas_safe_hybrid,joint venture,"[""joint venture"", ""alliance"", ""Joint Organizations"", ""partnership"", ""Strategic Partnerships""]",5,4.8152594566345215,False,True,False,True,0.2,0.2,1.0,0.9999998807907104,False,True
topic-1285,foreigners,strangers,same_term,foreigners,"[""foreigners""]",1,1.9073486328125e-06,False,False,False,False,0.0,0.0,0.5263157894736843,0.416897177696228,False,False
topic-1285,foreigners,strangers,wordnet_direct,foreigner,"[""foreigner"", ""alien"", ""noncitizen"", ""outlander"", ""outsider""]",5,0.0001001358032226,False,False,False,False,0.0,0.0,0.5555555555555556,0.4859561920166015,False,False
topic-1285,foreigners,strangers,embedding_wordnet,foreigner,"[""foreigner"", ""foreign"", ""nationality"", ""migrant"", ""foreign country""]",5,0.015561819076538,False,False,False,False,0.0,0.0,0.4444444444444444,0.4182256758213043,False,False
topic-1285,foreigners,strangers,llm_zero_shot,immigrants,"[""immigrants"", ""non-citizens"", ""aliens"", ""expatriates"", ""strangers""]",5,0.6366760730743408,False,True,False,True,0.2,0.2,1.0,1.000000238418579,False,True
topic-1285,foreigners,strangers,llm_expansion,expatriate,"[""expatriate"", ""immigrant"", ""expatriation"", ""immigration"", ""alien""]",5,0.8697347640991211,False,False,False,False,0.0,0.0,0.4210526315789473,0.4052775204181671,False,False
topic-1285,foreigners,strangers,llm_rerank,immigrants,"[""immigrants"", ""international persons"", ""expatriates"", ""non-citizens"", ""visitors""]",5,0.9092288017272948,False,False,False,False,0.0,0.0,0.5,0.4258570671081543,False,False
topic-1285,foreigners,strangers,hybrid_fusion,immigrants,"[""immigrants"", ""migrants"", ""international persons"", ""expatriates"", ""overseas nationals""]",5,2.710301399230957,False,False,False,False,0.0,0.0,0.5,0.3788167834281921,False,False
topic-1285,foreigners,strangers,mas_base,foreigner,"[""foreigner"", ""foreign"", ""foreignness"", ""foreign-born"", ""foreign country""]",5,0.9058229923248292,False,False,False,False,0.0,0.0,0.4444444444444444,0.4182256758213043,False,False
topic-1285,foreigners,strangers,mas_llm_ranker,foreigner,"[""foreigner"", ""immigrant"", ""expatriates"", ""non-citizens"", ""aliens""]",5,5.10973858833313,False,False,False,False,0.0,0.0,0.5,0.4612137079238891,False,False
topic-1285,foreigners,strangers,mas_safe_hybrid,foreigner,"[""foreigner"", ""foreign"", ""immigrants"", ""immigrant"", ""international persons""]",5,5.345459461212158,False,False,False,False,0.0,0.0,0.4666666666666666,0.4182256758213043,False,False
topic-10501,americanization,Americanisation,same_term,americanization,"[""americanization""]",1,4.0531158447265625e-06,False,False,False,False,0.0,0.0,0.9333333333333332,0.9272270798683168,False,False
topic-10501,americanization,Americanisation,wordnet_direct,Americanisation,"[""Americanisation""]",1,7.295608520507812e-05,True,True,True,True,0.2,1.0,1.0,1.0,True,True
topic-10501,americanization,Americanisation,embedding_wordnet,americanisation,"[""americanisation"", ""americanize"", ""americanise"", ""internationalization"", ""europeanization""]",5,0.0153801441192626,True,True,True,True,0.2,1.0,1.0,1.0,True,True
topic-10501,americanization,Americanisation,llm_zero_shot,Americanization,"[""Americanization"", ""Cultural Imperialism"", ""Globalization"", ""Westernization"", ""Commercialization""]",5,0.6330597400665283,False,False,False,False,0.0,0.0,0.9333333333333332,0.9272270798683168,False,False
topic-10501,americanization,Americanisation,llm_expansion,westernization,"[""westernization"", ""globalization"", ""westernisation"", ""westernize"", ""westernise""]",5,0.8706731796264648,False,False,False,False,0.0,0.0,0.6896551724137931,0.6578418612480164,False,False
topic-10501,americanization,Americanisation,llm_rerank,Westernization,"[""Westernization"", ""Transnationalization"", ""Globalization"", ""Liberalization"", ""American influence""]",5,0.976536750793457,False,False,False,False,0.0,0.0,0.6206896551724138,0.6578418612480164,False,False
topic-10501,americanization,Americanisation,hybrid_fusion,Westernization,"[""Westernization"", ""Transnationalization"", ""Cultural Imperialism"", ""Globalization"", ""Liberalization""]",5,2.9627089500427246,False,False,False,False,0.0,0.0,0.6206896551724138,0.6578418612480164,False,False
topic-10501,americanization,Americanisation,mas_base,americanisation,"[""americanisation"", ""americanize"", ""americanise"", ""internationalization"", ""europeanization""]",5,0.9449217319488524,True,True,True,True,0.2,1.0,1.0,1.0,True,True
topic-10501,americanization,Americanisation,mas_llm_ranker,americanize,"[""americanize"", ""americanisation"", ""americanise"", ""internationalize"", ""nationalization""]",5,3.397335767745972,False,True,True,True,0.2,0.5,1.0,1.0,True,True
topic-10501,americanization,Americanisation,mas_safe_hybrid,americanize,"[""americanize"", ""americanisation"", ""americanise"", ""internationalization"", ""internationalize""]",5,3.4176297187805176,False,True,True,True,0.2,0.5,1.0,1.0,True,True
topic-9362,anxiety,worry,same_term,anxiety,"[""anxiety""]",1,1.430511474609375e-06,False,False,False,False,0.0,0.0,0.1666666666666666,0.4716410040855407,False,False
topic-9362,anxiety,worry,wordnet_direct,anxiousness,"[""anxiousness""]",1,9.131431579589844e-05,False,False,False,False,0.0,0.0,0.125,0.4758124053478241,False,False
topic-9362,anxiety,worry,embedding_wordnet,anxiety disorder,"[""anxiety disorder"", ""anxiousness"", ""anxious"", ""anxiety attack"", ""anxiety reaction""]",5,0.0172882080078125,False,False,False,False,0.0,0.0,0.2857142857142857,0.5250762104988098,False,False
topic-9362,anxiety,worry,llm_zero_shot,Apprehension,"[""Apprehension"", ""Unease"", ""Fret"", ""Distress"", ""Trepidation""]",5,0.6154775619506836,False,False,False,False,0.0,0.0,0.2222222222222222,0.5076680183410645,False,False
topic-9362,anxiety,worry,llm_expansion,fearfulness,"[""fearfulness"", ""unease"", ""apprehension"", ""fearful"", ""nervousness""]",5,0.87021803855896,False,False,False,False,0.0,0.0,0.1666666666666666,0.547174334526062,False,False
topic-9362,anxiety,worry,llm_rerank,nervousness,"[""nervousness"", ""fearfulness"", ""phobia"", ""apprehension"", ""unease""]",5,0.9454388618469238,False,False,False,False,0.0,0.0,0.1818181818181817,0.5076680183410645,False,False
topic-9362,anxiety,worry,hybrid_fusion,nervousness,"[""nervousness"", ""fearfulness"", ""fear"", ""apprehension"", ""unease""]",5,2.803611516952514,False,False,False,False,0.0,0.0,0.2222222222222222,0.5076680183410645,False,False
topic-9362,anxiety,worry,mas_base,anxiety disorder,"[""anxiety disorder"", ""anxiety attack"", ""anxiousness"", ""anxious"", ""anxiety reaction""]",5,0.9471375942230223,False,False,False,False,0.0,0.0,0.2857142857142857,0.5250762104988098,False,False
topic-9362,anxiety,worry,mas_llm_ranker,anxious,"[""anxious"", ""nervousness"", ""unease"", ""distress"", ""anxiety attack""]",5,3.539157629013061,False,False,False,False,0.0,0.0,0.1666666666666666,0.5250762104988098,False,False
topic-9362,anxiety,worry,mas_safe_hybrid,anxious,"[""anxious"", ""anxiety disorder"", ""anxiousness"", ""anxiety attack"", ""anxiety reaction""]",5,3.206895589828491,False,False,False,False,0.0,0.0,0.2857142857142857,0.5250762104988098,False,False
topic-16802,"Antarctic, Arctic, Polar Regions",polar areas,same_term,"Antarctic, Arctic, Polar Regions","[""Antarctic, Arctic, Polar Regions""]",1,1.6689300537109375e-06,False,False,False,False,0.0,0.0,0.4390243902439024,0.6824129819869995,False,False
topic-16802,"Antarctic, Arctic, Polar Regions",polar areas,wordnet_direct,,[],0,4.076957702636719e-05,False,False,False,False,0.0,0.0,0.0,0.0792153552174568,False,False
topic-16802,"Antarctic, Arctic, Polar Regions",polar areas,embedding_wordnet,antarctic zone,"[""antarctic zone"", ""antarctic continent"", ""antarctic"", ""antarctic peninsula"", ""antarctic ocean""]",5,0.0180425643920898,False,False,False,False,0.0,0.0,0.3846153846153846,0.534221351146698,False,False
topic-16802,"Antarctic, Arctic, Polar Regions",polar areas,llm_zero_shot,Polar Extremes,"[""Polar Extremes"", ""Frozen Zones"", ""Ice Caps"", ""Glacial Regions"", ""Cryospheric Areas""]",5,0.6721675395965576,False,False,False,False,0.0,0.0,0.72,0.6841622591018677,False,False
topic-16802,"Antarctic, Arctic, Polar Regions",polar areas,llm_expansion,arctic circle,"[""arctic circle"", ""polar region"", ""ice cap"", ""icecap"", ""arctic""]",5,0.9377760887145996,False,False,False,False,0.0,0.0,0.6956521739130435,0.8199579119682312,False,False
topic-16802,"Antarctic, Arctic, Polar Regions",polar areas,llm_rerank,Antarctic Circle,"[""Antarctic Circle"", ""Arctic Circle"", ""Cold-Climate Zones"", ""Cryospheric Regions"", ""Glacial Zones""]",5,1.0752379894256592,False,False,False,False,0.0,0.0,0.4166666666666666,0.5403220653533936,False,False
topic-16802,"Antarctic, Arctic, Polar Regions",polar areas,hybrid_fusion,Antarctic Circumpolar Current Zone,"[""Antarctic Circumpolar Current Zone"", ""Arctic-Tropical Borderzone"", ""High-Latitude Regions"", ""Northern High-Latitudes"", ""Polar Extremes""]",5,3.4363162517547607,False,False,False,False,0.0,0.0,0.72,0.6841623187065125,False,False
topic-16802,"Antarctic, Arctic, Polar Regions",polar areas,mas_base,antarctic zone,"[""antarctic zone"", ""antarctic continent"", ""antarctic peninsula"", ""antarctic ocean"", ""antarctic""]",5,1.0546164512634275,False,False,False,False,0.0,0.0,0.3846153846153846,0.534221351146698,False,False
topic-16802,"Antarctic, Arctic, Polar Regions",polar areas,mas_llm_ranker,arctic,"[""arctic"", ""antarctic"", ""antarctic zone"", ""antarctic continent"", ""antarctic peninsula""]",5,2.098620653152466,False,False,False,False,0.0,0.0,0.3333333333333333,0.534221351146698,False,False
topic-16802,"Antarctic, Arctic, Polar Regions",polar areas,mas_safe_hybrid,antarctic,"[""antarctic"", ""antarctic zone"", ""arctic"", ""antarctic continent"", ""antarctic peninsula""]",5,4.898766756057739,False,False,False,False,0.0,0.0,0.3333333333333333,0.534221351146698,False,False
topic-1290,"anthropology and philosophy of religion, relation",relationship between anthropology and religious philosophy,same_term,"anthropology and philosophy of religion, relation","[""anthropology and philosophy of religion, relation""]",1,1.9073486328125e-06,False,False,False,False,0.0,0.0,0.5094339622641509,0.929784059524536,False,False
topic-1290,"anthropology and philosophy of religion, relation",relationship between anthropology and religious philosophy,wordnet_direct,,[],0,2.9802322387695312e-05,False,False,False,False,0.0,0.0,0.0,-0.0506624281406402,False,False
topic-1290,"anthropology and philosophy of religion, relation",relationship between anthropology and religious philosophy,embedding_wordnet,anthropology,"[""anthropology"", ""cultural anthropology"", ""social anthropology"", ""religionism"", ""structural anthropology""]",5,0.0158455371856689,False,False,False,False,0.0,0.0,0.3896103896103897,0.6078650951385498,False,False
topic-1290,"anthropology and philosophy of religion, relation",relationship between anthropology and religious philosophy,llm_zero_shot,Religious Epistemology,"[""Religious Epistemology"", ""Theology"", ""Philosophy of Religion"", ""Divine Epistemology"", ""Sacred Studies""]",5,0.7154331207275391,False,False,False,False,0.0,0.0,0.375,0.6436766386032104,False,False
topic-1290,"anthropology and philosophy of religion, relation",relationship between anthropology and religious philosophy,llm_expansion,religionism,"[""religionism"", ""spirituality"", ""religion"", ""religiousism"", ""spiritualisation""]",5,1.0657901763916016,False,False,False,False,0.0,0.0,0.3142857142857143,0.5527311563491821,False,False
topic-1290,"anthropology and philosophy of religion, relation",relationship between anthropology and religious philosophy,llm_rerank,Philosophical Anthropology,"[""Philosophical Anthropology"", ""Anthropological Theology"", ""Philosophy of Religion"", ""Interdisciplinary Study of Religion"", ""Religious Studies""]",5,1.1633808612823486,False,False,False,False,0.0,0.0,0.4390243902439024,0.737709641456604,False,False
topic-1290,"anthropology and philosophy of religion, relation",relationship between anthropology and religious philosophy,hybrid_fusion,Religious Anthropology,"[""Religious Anthropology"", ""Theology and Anthropology"", ""Philosophy of Religion and Culture"", ""Anthropological Theology"", ""Theological Anthropology""]",5,3.753819942474365,False,False,False,False,0.0,0.0,0.475,0.8123918175697327,False,False
topic-1290,"anthropology and philosophy of religion, relation",relationship between anthropology and religious philosophy,mas_base,Anthropological Study of Religion,"[""Anthropological Study of Religion"", ""Theology and Anthropology"", ""Philosophy of Religion"", ""Philosophical Analysis of Religion"", ""Interdisciplinary Study of Religion""]",5,1.1914074420928955,False,False,False,False,0.0,0.0,0.4615384615384615,0.7665036916732788,False,False
topic-1290,"anthropology and philosophy of religion, relation",relationship between anthropology and religious philosophy,mas_llm_ranker,anthropology,"[""anthropology"", ""Philosophy of Religion"", ""religion"", ""cultural anthropology"", ""social anthropology""]",5,3.392467975616455,False,False,False,False,0.0,0.0,0.3896103896103897,0.6436766386032104,False,False
topic-1290,"anthropology and philosophy of religion, relation",relationship between anthropology and religious philosophy,mas_safe_hybrid,Philosophy of Religion,"[""Philosophy of Religion"", ""anthropology"", ""cultural anthropology"", ""social anthropology"", ""religion""]",5,3.491830348968506,False,False,False,False,0.0,0.0,0.3896103896103897,0.6436766386032104,False,False
topic-1291,arabic,Arabian,same_term,arabic,"[""arabic""]",1,1.6689300537109375e-06,False,False,False,False,0.0,0.0,0.7692307692307692,0.7408484220504761,False,False
topic-1291,arabic,Arabian,wordnet_direct,Arabic language,"[""Arabic language""]",1,9.870529174804688e-05,False,False,False,False,0.0,0.0,0.6363636363636364,0.6494115591049194,False,False
topic-1291,arabic,Arabian,embedding_wordnet,arabic language,"[""arabic language"", ""arabic alphabet"", ""arab"", ""arabian"", ""arabic numeral""]",5,0.0156311988830566,False,True,False,True,0.2,0.25,1.0,1.0,False,True
topic-1291,arabic,Arabian,llm_zero_shot,Middle Eastern,"[""Middle Eastern"", ""Islamic"", ""Arabian"", ""Oriental"", ""Persian""]",5,0.6180241107940674,False,True,True,True,0.2,0.3333333333333333,1.0,1.0,True,True
topic-1291,arabic,Arabian,llm_expansion,arabian,"[""arabian"", ""islamic"", ""persian"", ""oriental"", ""middle eastern""]",5,0.8201229572296143,True,True,True,True,0.2,1.0,1.0,1.0,True,True
topic-1291,arabic,Arabian,llm_rerank,Arabian,"[""Arabian"", ""Islamic"", ""Middle Eastern"", ""Semitic"", ""Oriental""]",5,0.9416475296020508,True,True,True,True,0.2,1.0,1.0,1.0,True,True
topic-1291,arabic,Arabian,hybrid_fusion,Arabian,"[""Arabian"", ""Arabesque"", ""Persian"", ""Islamic"", ""Sudanese""]",5,2.9085118770599365,True,True,True,True,0.2,1.0,1.0,1.0,True,True
topic-1291,arabic,Arabian,mas_base,arabic language,"[""arabic language"", ""arab"", ""arabic alphabet"", ""Arabian"", ""arable""]",5,0.9223332405090332,False,True,False,True,0.2,0.25,1.0,1.0,False,True
topic-1291,arabic,Arabian,mas_llm_ranker,arabic language,"[""arabic language"", ""arabic alphabet"", ""gum arabic"", ""coffea arabica"", ""arabesque""]",5,5.917339563369751,False,False,False,False,0.0,0.0,0.6363636363636364,0.6822972297668457,False,False
topic-1291,arabic,Arabian,mas_safe_hybrid,arabic language,"[""arabic language"", ""arabic alphabet"", ""arab"", ""arabian"", ""arabic numeral""]",5,4.326009273529053,False,True,False,True,0.2,0.25,1.0,1.0,False,True
topic-1292,labour and health,occupational health,same_term,labour and health,"[""labour and health""]",1,1.6689300537109375e-06,False,False,False,False,0.0,0.0,0.6111111111111112,0.5833357572555542,False,False
topic-1292,labour and health,occupational health,wordnet_direct,,[],0,5.0067901611328125e-05,False,False,False,False,0.0,0.0,0.0,0.0581780560314655,False,False
topic-1292,labour and health,occupational health,embedding_wordnet,labour,"[""labour"", ""labouring"", ""laboursaving"", ""labour-intensive"", ""labour pains""]",5,0.0156896114349365,False,False,False,False,0.0,0.0,0.3870967741935484,0.3473360538482666,False,False
topic-1292,labour and health,occupational health,llm_zero_shot,Workplace Wellness,"[""Workplace Wellness"", ""Occupational Health"", ""Health at Work"", ""Employee Wellbeing"", ""Work-Related Health""]",5,0.6638340950012207,False,True,True,True,0.2,0.5,1.0,1.0,True,True
topic-1292,labour and health,occupational health,llm_expansion,wellness,"[""wellness"", ""ergonomics"", ""occupational disease"", ""health"", ""ergonomic""]",5,0.9550046920776368,False,False,False,False,0.0,0.0,0.7692307692307692,0.8333156108856201,False,False
topic-1292,labour and health,occupational health,llm_rerank,Occupational Health,"[""Occupational Health"", ""Work-Related Illnesses"", ""Workplace Wellness"", ""Wellness at Work"", ""Employee Wellbeing""]",5,1.0587303638458252,True,True,True,True,0.2,1.0,1.0,1.0,True,True
topic-1292,labour and health,occupational health,hybrid_fusion,Health at Work,"[""Health at Work"", ""Healthcare and Productivity"", ""Occupational Health"", ""Health Promotion in the Workplace"", ""Work-Related Illnesses""]",5,3.15375018119812,False,True,True,True,0.2,0.3333333333333333,1.0,1.0,True,True
topic-1292,labour and health,occupational health,mas_base,labour,"[""labour"", ""labouring"", ""laboursaving"", ""labour pains"", ""labour-intensive""]",5,1.0410780906677246,False,False,False,False,0.0,0.0,0.3870967741935484,0.3473360538482666,False,False
topic-1292,labour and health,occupational health,mas_llm_ranker,Occupational Health,"[""Occupational Health"", ""Health and Safety"", ""Workplace Wellness"", ""Employee Wellbeing"", ""manual labor""]",5,4.298348903656006,True,True,True,True,0.2,1.0,1.0,1.0,True,True
topic-1292,labour and health,occupational health,mas_safe_hybrid,labour,"[""labour"", ""labouring"", ""laboursaving"", ""labour-intensive"", ""Occupational Health""]",5,4.319858551025391,False,True,False,True,0.2,0.2,1.0,1.0,False,True
topic-1293,industrial and organisational psychology,work psychology,same_term,industrial and organisational psychology,"[""industrial and organisational psychology""]",1,1.9073486328125e-06,False,False,False,False,0.0,0.0,0.4727272727272728,0.7130119800567627,False,False
topic-1293,industrial and organisational psychology,work psychology,wordnet_direct,,[],0,2.86102294921875e-05,False,False,False,False,0.0,0.0,0.0,0.0866737961769104,False,False
topic-1293,industrial and organisational psychology,work psychology,embedding_wordnet,industrial psychology,"[""industrial psychology"", ""industrial enterprise"", ""organisational"", ""psychology"", ""organizational""]",5,0.0158748626708984,False,False,False,False,0.0,0.0,0.8,0.7199754118919373,False,False
topic-1293,industrial and organisational psychology,work psychology,llm_zero_shot,Work Psychology,"[""Work Psychology"", ""Organizational Behavior"", ""Industrial-Organizational (I-O) Psychology"", ""Occupational Psychology"", ""Human Factors""]",5,0.7041015625,True,True,True,True,0.2,1.0,1.0,0.9999998807907104,True,True
topic-1293,industrial and organisational psychology,work psychology,llm_expansion,applied psychology,"[""applied psychology"", ""industrial psychology"", ""psychology"", ""organizational"", ""occupational""]",5,0.8804223537445068,False,False,False,False,0.0,0.0,0.8,0.7199754118919373,False,False
topic-1293,industrial and organisational psychology,work psychology,llm_rerank,Workplace Psychology,"[""Workplace Psychology"", ""Occupational Psychology"", ""Psychology of Work"", ""Work Systems Psychology"", ""Personnel Psychology""]",5,1.014003038406372,False,False,False,False,0.0,0.0,0.8571428571428572,0.9431478977203368,False,False
topic-1293,industrial and organisational psychology,work psychology,hybrid_fusion,Industrial-Organizational Psychology,"[""Industrial-Organizational Psychology"", ""Workplace Psychology"", ""Work and Organizational Psychology"", ""Industrial-Organizational Science"", ""Occupational Psychology""]",5,3.092484951019287,False,False,False,False,0.0,0.0,0.8571428571428572,0.9085628986358644,False,False
topic-1293,industrial and organisational psychology,work psychology,mas_base,industrial psychology,"[""industrial psychology"", ""Workplace Psychology"", ""Occupational Psychology"", ""Personnel Psychology"", ""industrial enterprise""]",5,1.0066471099853516,False,False,False,False,0.0,0.0,0.8571428571428572,0.9085630178451538,False,False
topic-1293,industrial and organisational psychology,work psychology,mas_llm_ranker,Occupational Psychology,"[""Occupational Psychology"", ""Organizational Behavior Management"", ""Workplace Psychology"", ""Human Factors Engineering"", ""industrial psychology""]",5,3.443790912628174,False,False,False,False,0.0,0.0,0.8571428571428572,0.9085630178451538,False,False
topic-1293,industrial and organisational psychology,work psychology,mas_safe_hybrid,industrial psychology,"[""industrial psychology"", ""Occupational Psychology"", ""Workplace Psychology"", ""industrial enterprise"", ""psychology""]",5,4.185455560684204,False,False,False,False,0.0,0.0,0.8571428571428572,0.9085630178451538,False,False
topic-6581,working hours,working time,same_term,working hours,"[""working hours""]",1,1.9073486328125e-06,False,False,False,False,0.0,0.0,0.64,0.8332280516624451,False,False
topic-6581,working hours,working time,wordnet_direct,,[],0,3.027915954589844e-05,False,False,False,False,0.0,0.0,0.0,0.2229785770177841,False,False
topic-6581,working hours,working time,embedding_wordnet,work time,"[""work time"", ""hours"", ""hourly"", ""working day"", ""hour""]",5,0.0155811309814453,False,False,False,False,0.0,0.0,0.8571428571428572,0.9538303017616272,False,False
topic-6581,working hours,working time,llm_zero_shot,Work Schedule,"[""Work Schedule"", ""Hours Worked"", ""Time Off"", ""Shifts"", ""Working Stints""]",5,0.6217458248138428,False,False,False,False,0.0,0.0,0.7692307692307692,0.6411772966384888,False,False
topic-6581,working hours,working time,llm_expansion,work time,"[""work time"", ""routine"", ""schedule"", ""scheduling"", ""timework""]",5,0.8252451419830322,False,False,False,False,0.0,0.0,0.8571428571428572,0.9538303017616272,False,False
topic-6581,working hours,working time,llm_rerank,Employment Hours,"[""Employment Hours"", ""Professional Hours"", ""Working Schedule"", ""Workday"", ""Occupational Time""]",5,0.915621280670166,False,False,False,False,0.0,0.0,0.6428571428571428,0.7535168528556824,False,False
topic-6581,working hours,working time,hybrid_fusion,Hours of Work,"[""Hours of Work"", ""Working Time"", ""office hours"", ""Employment Hours"", ""Labor Hours""]",5,2.781217336654663,False,True,True,True,0.2,0.5,1.0,0.9999999403953552,True,True
topic-6581,working hours,working time,mas_base,Working Time,"[""Working Time"", ""Employment Hours"", ""hours"", ""work time"", ""working day""]",5,0.9390532970428468,True,True,True,True,0.2,1.0,1.0,0.9999999403953552,True,True
topic-6581,working hours,working time,mas_llm_ranker,hours,"[""hours"", ""hour"", ""work time"", ""timework"", ""Time Allocation""]",5,5.0068039894104,False,False,False,False,0.0,0.0,0.8571428571428572,0.9538303017616272,False,False
topic-6581,working hours,working time,mas_safe_hybrid,hours,"[""hours"", ""work time"", ""Working Time"", ""Employment Hours"", ""hour""]",5,2.855568647384644,False,True,True,True,0.2,0.3333333333333333,1.0,0.9999999403953552,True,True
topic-1296,labour economics,employment economics,same_term,labour economics,"[""labour economics""]",1,4.291534423828125e-06,False,False,False,False,0.0,0.0,0.6666666666666667,0.7844510674476624,False,False
topic-1296,labour economics,employment economics,wordnet_direct,,[],0,2.789497375488281e-05,False,False,False,False,0.0,0.0,0.0,0.1071095541119575,False,False
topic-1296,labour economics,employment economics,embedding_wordnet,labour,"[""labour"", ""labor market"", ""labouring"", ""labor"", ""labor resources""]",5,0.0156598091125488,False,False,False,False,0.0,0.0,0.4,0.7186634540557861,False,False
topic-1296,labour economics,employment economics,llm_zero_shot,Labor Economics,"[""Labor Economics"", ""Economic Labor"", ""Workplace Studies"", ""Industrial Relations"", ""Employment Analysis""]",5,0.6227285861968994,False,False,False,False,0.0,0.0,0.717948717948718,0.8278337121009827,False,False
topic-1296,labour economics,employment economics,llm_expansion,labor market,"[""labor market"", ""employment"", ""labor"", ""work study"", ""labor resources""]",5,0.8698670864105225,False,False,False,False,0.0,0.0,0.6666666666666667,0.7401020526885986,False,False
topic-1296,labour economics,employment economics,llm_rerank,Labour Market Economics,"[""Labour Market Economics"", ""Econometrics of Labour"", ""Economic Development and Labour"", ""Labour Supply and Demand"", ""Social Policy and Labour""]",5,1.0502676963806152,False,False,False,False,0.0,0.0,0.6976744186046511,0.8017368912696838,False,False
topic-1296,labour economics,employment economics,hybrid_fusion,labor economics,"[""labor economics"", ""work economics"", ""workplace economics"", ""Economic Analysis of the Labor Market"", ""Labor Policy""]",5,3.046874761581421,False,False,False,False,0.0,0.0,0.6857142857142857,0.8359874486923218,False,False
topic-1296,labour economics,employment economics,mas_base,labour,"[""labour"", ""labor market"", ""labouring"", ""economics"", ""labor resources""]",5,0.9427921772003174,False,False,False,False,0.0,0.0,0.6206896551724138,0.7186634540557861,False,False
topic-1296,labour economics,employment economics,mas_llm_ranker,economics,"[""economics"", ""Human Capital Economics"", ""Workplace Economics"", ""Industrial Organization"", ""Econometrics of Labour Markets""]",5,2.94234299659729,False,False,False,False,0.0,0.0,0.6666666666666667,0.8359230756759644,False,False
topic-1296,labour economics,employment economics,mas_safe_hybrid,Labour Market Economics,"[""Labour Market Economics"", ""labour"", ""Econometrics of Labour"", ""labor market"", ""Microeconomics of the Labour Market""]",5,2.4882187843322754,False,False,False,False,0.0,0.0,0.6976744186046511,0.8017368912696838,False,False
topic-2201,labour market,employment market,same_term,labour market,"[""labour market""]",1,1.9073486328125e-06,False,False,False,False,0.0,0.0,0.6,0.7667472958564758,False,False
topic-2201,labour market,employment market,wordnet_direct,,[],0,2.6702880859375e-05,False,False,False,False,0.0,0.0,0.0,0.1563080847263336,False,False
topic-2201,labour market,employment market,embedding_wordnet,labor market,"[""labor market"", ""labour"", ""labor"", ""labouring"", ""labor force""]",5,0.0184712409973144,False,False,False,False,0.0,0.0,0.6206896551724138,0.8064292073249817,False,False
topic-2201,labour market,employment market,llm_zero_shot,Job Market,"[""Job Market"", ""Workforce"", ""Employment Sector"", ""Labor Force"", ""Industry""]",5,0.5892581939697266,False,False,False,False,0.0,0.0,0.7647058823529411,0.8696432113647461,False,False
topic-2201,labour market,employment market,llm_expansion,workforce,"[""workforce"", ""labor market"", ""employment"", ""employ"", ""workplace""]",5,0.8236327171325684,False,False,False,False,0.0,0.0,0.7407407407407408,0.8064292073249817,False,False
topic-2201,labour market,employment market,llm_rerank,labor market,"[""labor market"", ""employment market"", ""job market"", ""labor force"", ""employment sector""]",5,0.925185203552246,False,True,True,True,0.2,0.5,1.0,1.0000001192092896,True,True
topic-2201,labour market,employment market,hybrid_fusion,labor market,"[""labor market"", ""labor force"", ""employment market"", ""job market"", ""wage labor""]",5,2.7464723587036133,False,True,True,True,0.2,0.3333333333333333,1.0,1.0000001192092896,True,True
topic-2201,labour market,employment market,mas_base,labor market,"[""labor market"", ""labour"", ""job market"", ""employment market"", ""labor force""]",5,0.9117872714996338,False,True,False,True,0.2,0.25,1.0,1.0000001192092896,False,True
topic-2201,labour market,employment market,mas_llm_ranker,labor market,"[""labor market"", ""labor force"", ""employment market"", ""job market"", ""workforce""]",5,3.4801690578460693,False,True,True,True,0.2,0.3333333333333333,1.0,1.0000001192092896,True,True
topic-2201,labour market,employment market,mas_safe_hybrid,labor market,"[""labor market"", ""employment market"", ""labour"", ""job market"", ""labor""]",5,3.4955098628997803,False,True,True,True,0.2,0.5,1.0,1.0000001192092896,True,True
topic-6603,labour market policy,employment policy,same_term,labour market policy,"[""labour market policy""]",1,1.9073486328125e-06,False,False,False,False,0.0,0.0,0.6486486486486487,0.7137025594711304,False,False
topic-6603,labour market policy,employment policy,wordnet_direct,,[],0,2.7179718017578125e-05,False,False,False,False,0.0,0.0,0.0,0.1128579750657081,False,False
topic-6603,labour market policy,employment policy,embedding_wordnet,labor market,"[""labor market"", ""labour"", ""economic policy"", ""labor union"", ""trade policy""]",5,0.0154500007629394,False,False,False,False,0.0,0.0,0.625,0.6199259757995605,False,False
topic-6603,labour market policy,employment policy,llm_zero_shot,Employment Policy,"[""Employment Policy"", ""Workforce Management Strategy"", ""Labor Market Regulation"", ""Job Creation Initiative"", ""Economic Workforce Development""]",5,0.6894757747650146,True,True,True,True,0.2,1.0,1.0,0.9999998807907104,True,True
topic-6603,labour market policy,employment policy,llm_expansion,employment,"[""employment"", ""economic growth"", ""labor market"", ""workforce"", ""regulation""]",5,0.9058070182800292,False,False,False,False,0.0,0.0,0.7407407407407408,0.7344896793365479,False,False
topic-6603,labour market policy,employment policy,llm_rerank,Employment Policy,"[""Employment Policy"", ""Labor Market Regulation"", ""Economic Labor Initiative"", ""Industrial Relations Policy"", ""Social Labor Reform""]",5,1.0402920246124268,True,True,True,True,0.2,1.0,1.0,0.9999998807907104,True,True
topic-6603,labour market policy,employment policy,hybrid_fusion,Labor Policy,"[""Labor Policy"", ""Economic Policy for Employment"", ""Employment Policy"", ""Labor Market Regulation"", ""Job Market Regulation""]",5,3.203166484832764,False,True,True,True,0.2,0.3333333333333333,1.0,0.9999998807907104,True,True
topic-6603,labour market policy,employment policy,mas_base,labor market,"[""labor market"", ""Employment Policy"", ""Labor Market Regulation"", ""labour"", ""economic policy""]",5,1.0303642749786377,False,True,True,True,0.2,0.5,1.0,0.9999998807907104,True,True
topic-6603,labour market policy,employment policy,mas_llm_ranker,labor market,"[""labor market"", ""labour"", ""economic policy"", ""labor union"", ""trade policy""]",5,3.494270086288452,False,False,False,False,0.0,0.0,0.625,0.6199259757995605,False,False
topic-6603,labour market policy,employment policy,mas_safe_hybrid,labor market,"[""labor market"", ""Economic Labor Force Policy"", ""labour"", ""Employment Policy"", ""economic policy""]",5,5.724666595458984,False,True,False,True,0.2,0.25,1.0,0.9999998807907104,False,True
topic-1298,labour market issues,employment issues,same_term,labour market issues,"[""labour market issues""]",1,1.430511474609375e-06,False,False,False,False,0.0,0.0,0.6486486486486487,0.7138620615005493,False,False
topic-1298,labour market issues,employment issues,wordnet_direct,,[],0,3.0517578125e-05,False,False,False,False,0.0,0.0,0.0,0.1409682780504226,False,False
topic-1298,labour market issues,employment issues,embedding_wordnet,labor market,"[""labor market"", ""labour"", ""labour pains"", ""labouring"", ""labour-intensive""]",5,0.015610933303833,False,False,False,False,0.0,0.0,0.3636363636363636,0.4952906370162964,False,False
topic-1298,labour market issues,employment issues,llm_zero_shot,Job Market Challenges,"[""Job Market Challenges"", ""Employment Problems"", ""Workforce Issues"", ""Labor Concerns"", ""Occupational Difficulties""]",5,0.6844844818115234,False,False,False,False,0.0,0.0,0.7222222222222221,0.9552747011184692,False,False
topic-1298,labour market issues,employment issues,llm_expansion,employment,"[""employment"", ""workforce"", ""occupational hazard"", ""occupational"", ""occupational disease""]",5,0.885779619216919,False,False,False,False,0.0,0.0,0.7407407407407408,0.7751288414001465,False,False
topic-1298,labour market issues,employment issues,llm_rerank,economic employment issues,"[""economic employment issues"", ""job market difficulties"", ""labor force obstacles"", ""employment challenges"", ""workforce problems""]",5,0.9998538494110109,False,False,False,False,0.0,0.0,0.7906976744186046,0.818781316280365,False,False
topic-1298,labour market issues,employment issues,hybrid_fusion,labour force issues,"[""labour force issues"", ""labour force obstacles"", ""Job market problems"", ""Employment difficulties"", ""employment challenges""]",5,2.94535756111145,False,False,False,False,0.0,0.0,0.75,0.8834291696548462,False,False
topic-1298,labour market issues,employment issues,mas_base,labor market,"[""labor market"", ""job market difficulties"", ""economic workforce issues"", ""labour"", ""labor force obstacles""]",5,0.9881749153137208,False,False,False,False,0.0,0.0,0.5238095238095238,0.701389491558075,False,False
topic-1298,labour market issues,employment issues,mas_llm_ranker,labor market,"[""labor market"", ""labor force"", ""job market difficulties"", ""employment challenges"", ""workforce problems""]",5,4.995079040527344,False,False,False,False,0.0,0.0,0.6842105263157895,0.818781316280365,False,False
topic-1298,labour market issues,employment issues,mas_safe_hybrid,labor market,"[""labor market"", ""labour"", ""job market difficulties"", ""labor sector obstacles"", ""employment challenges""]",5,3.81098222732544,False,False,False,False,0.0,0.0,0.6842105263157895,0.8187813758850098,False,False
topic-1299,job motivation,work motivation,same_term,job motivation,"[""job motivation""]",1,1.9073486328125e-06,False,False,False,False,0.0,0.0,0.8275862068965517,0.903340458869934,False,False
topic-1299,job motivation,work motivation,wordnet_direct,,[],0,2.9087066650390625e-05,False,False,False,False,0.0,0.0,0.0,0.1720895171165466,False,False
topic-1299,job motivation,work motivation,embedding_wordnet,motivation,"[""motivation"", ""motivating"", ""motivate"", ""motivational"", ""titivation""]",5,0.0154516696929931,False,False,False,False,0.0,0.0,0.8,0.8311015963554382,False,False
topic-1299,job motivation,work motivation,llm_zero_shot,Work Drive,"[""Work Drive"", ""Professional Incentive"", ""Occupational Enthusiasm"", ""Career Stimulus"", ""Employment Passion""]",5,0.6818282604217529,False,False,False,False,0.0,0.0,0.56,0.6207572221755981,False,False
topic-1299,job motivation,work motivation,llm_expansion,satisfaction,"[""satisfaction"", ""occupational"", ""engagement"", ""enthusiasm"", ""disk drive""]",5,0.8206396102905273,False,False,False,False,0.0,0.0,0.5185185185185186,0.4694912731647491,False,False
topic-1299,job motivation,work motivation,llm_rerank,job satisfaction,"[""job satisfaction"", ""employment incentive"", ""work commitment"", ""vocational passion"", ""occupational interest""]",5,0.9165186882019044,False,False,False,False,0.0,0.0,0.6,0.6347576379776001,False,False
topic-1299,job motivation,work motivation,hybrid_fusion,Work Passion,"[""Work Passion"", ""Job Satisfaction"", ""work inspiration"", ""workful desire"", ""employment incentive""]",5,2.778980731964112,False,False,False,False,0.0,0.0,0.7096774193548387,0.7352876663208008,False,False
topic-1299,job motivation,work motivation,mas_base,motivation,"[""motivation"", ""motivating"", ""motivational"", ""motivate"", ""titivation""]",5,0.9074020385742188,False,False,False,False,0.0,0.0,0.8,0.8311015963554382,False,False
topic-1299,job motivation,work motivation,mas_llm_ranker,motivation,"[""motivation"", ""motivate"", ""motivational"", ""motive"", ""motivator""]",5,4.366679430007935,False,False,False,False,0.0,0.0,0.8,0.8311015963554382,False,False
topic-1299,job motivation,work motivation,mas_safe_hybrid,motivation,"[""motivation"", ""motivate"", ""motivating"", ""motivational"", ""titivation""]",5,3.1064529418945312,False,False,False,False,0.0,0.0,0.8,0.8311015963554382,False,False
topic-6661,working conditions,employment conditions,same_term,working conditions,"[""working conditions""]",1,2.1457672119140625e-06,False,False,False,False,0.0,0.0,0.6666666666666667,0.7422128915786743,False,False
topic-6661,working conditions,employment conditions,wordnet_direct,,[],0,2.9325485229492188e-05,False,False,False,False,0.0,0.0,0.0,0.0675795972347259,False,False
topic-6661,working conditions,employment conditions,embedding_wordnet,conditions,"[""conditions"", ""condition"", ""working principle"", ""in condition"", ""working rule""]",5,0.0164365768432617,False,False,False,False,0.0,0.0,0.6666666666666667,0.6536450386047363,False,False
topic-6661,working conditions,employment conditions,llm_zero_shot,Environment,"[""Environment"", ""Setting"", ""Context"", ""Situation"", ""Workspace""]",5,0.5458106994628906,False,False,False,False,0.0,0.0,0.375,0.2985168695449829,False,False
topic-6661,working conditions,employment conditions,llm_expansion,employment,"[""employment"", ""occupational"", ""occupational disease"", ""occupational hazard"", ""workplace""]",5,0.8606736660003662,False,False,False,False,0.0,0.0,0.6451612903225806,0.7456852197647095,False,False
topic-6661,working conditions,employment conditions,llm_rerank,Workplace Conditions,"[""Workplace Conditions"", ""Employment Situation"", ""Job Setting"", ""Physical Workplace"", ""Occupational Environment""]",5,0.9576377868652344,False,False,False,False,0.0,0.0,0.7804878048780488,0.8095659017562866,False,False
topic-6661,working conditions,employment conditions,hybrid_fusion,Job Conditions,"[""Job Conditions"", ""operating conditions"", ""employment situation"", ""Industrial Conditions"", ""Job Dynamics""]",5,2.767396926879883,False,False,False,False,0.0,0.0,0.7804878048780488,0.9148415327072144,False,False
topic-6661,working conditions,employment conditions,mas_base,conditions,"[""conditions"", ""Workplace Conditions"", ""condition"", ""in condition"", ""working principle""]",5,0.9368834495544434,False,False,False,False,0.0,0.0,0.6829268292682926,0.8095659017562866,False,False
topic-6661,working conditions,employment conditions,mas_llm_ranker,Workplace Conditions,"[""Workplace Conditions"", ""Occupational Environment"", ""Job Setting"", ""Environmental Factors"", ""conditions""]",5,3.0226895809173584,False,False,False,False,0.0,0.0,0.6829268292682926,0.8095659017562866,False,False
topic-6661,working conditions,employment conditions,mas_safe_hybrid,Workplace Conditions,"[""Workplace Conditions"", ""conditions"", ""condition"", ""working principle"", ""in condition""]",5,2.995673418045044,False,False,False,False,0.0,0.0,0.6829268292682926,0.8095659017562866,False,False
topic-1300,work participation,employment participation,same_term,work participation,"[""work participation""]",1,2.384185791015625e-06,False,False,False,False,0.0,0.0,0.7142857142857143,0.8129706978797913,False,False
topic-1300,work participation,employment participation,wordnet_direct,,[],0,2.765655517578125e-05,False,False,False,False,0.0,0.0,0.0,0.1885563433170318,False,False
topic-1300,work participation,employment participation,embedding_wordnet,participation,"[""participation"", ""workplace"", ""working group"", ""group participation"", ""participate""]",5,0.0178680419921875,False,False,False,False,0.0,0.0,0.7027027027027026,0.6653273105621338,False,False
topic-1300,work participation,employment participation,llm_zero_shot,Participation Rate,"[""Participation Rate"", ""Employment Status"", ""Workforce Engagement"", ""Occupational Involvement"", ""Labor Force Participation""]",5,0.6819479465484619,False,False,False,False,0.0,0.0,0.6938775510204082,0.7793296575546265,False,False
topic-1300,work participation,employment participation,llm_expansion,participation,"[""participation"", ""occupational"", ""unemployment rate"", ""workplace"", ""workforce""]",5,0.8822445869445801,False,False,False,False,0.0,0.0,0.7027027027027026,0.6653273105621338,False,False
topic-1300,work participation,employment participation,llm_rerank,Occupational Participation,"[""Occupational Participation"", ""Participation in the Labor Force"", ""Productivity Participation"", ""Labor Market Participation"", ""Workforce Engagement""]",5,1.0269148349761963,False,False,False,False,0.0,0.0,0.76,0.776241660118103,False,False
topic-1300,work participation,employment participation,hybrid_fusion,Workforce Participation,"[""Workforce Participation"", ""Participation in the Labor Force"", ""Productivity Participation"", ""Participation in the Labor Market"", ""productive involvement""]",5,2.9968185424804688,False,False,False,False,0.0,0.0,0.6808510638297872,0.8480635285377502,False,False
topic-1300,work participation,employment participation,mas_base,participation,"[""participation"", ""Occupational Participation"", ""Productivity Participation"", ""group participation"", ""Labor Market Participation""]",5,0.9919543266296388,False,False,False,False,0.0,0.0,0.76,0.776241660118103,False,False
topic-1300,work participation,employment participation,mas_llm_ranker,participation,"[""participation"", ""work"", ""employment"", ""Occupational Participation"", ""Labor Market Participation""]",5,3.7185540199279785,False,False,False,False,0.0,0.0,0.76,0.776241660118103,False,False
topic-1300,work participation,employment participation,mas_safe_hybrid,Occupational Participation,"[""Occupational Participation"", ""participate"", ""participation"", ""Participation in the Labor Force"", ""workplace""]",5,3.7152507305145264,False,False,False,False,0.0,0.0,0.7027027027027026,0.7678277492523193,False,False
topic-1301,labour law,employment law,same_term,labour law,"[""labour law""]",1,1.6689300537109375e-06,False,False,False,False,0.0,0.0,0.5,0.7771340608596802,False,False
topic-1301,labour law,employment law,wordnet_direct,,[],0,2.86102294921875e-05,False,False,False,False,0.0,0.0,0.0,0.0949822664260864,False,False
topic-1301,labour law,employment law,embedding_wordnet,labour,"[""labour"", ""labor contract"", ""labouring"", ""labor agreement"", ""labor""]",5,0.0159120559692382,False,False,False,False,0.0,0.0,0.4137931034482759,0.604121744632721,False,False
topic-1301,labour law,employment law,llm_zero_shot,Employment Law,"[""Employment Law"", ""Workplace Legislation"", ""Labor Code"", ""Occupational Law"", ""Regulation of Work""]",5,0.6558189392089844,True,True,True,True,0.2,1.0,1.0,0.9999999403953552,True,True
topic-1301,labour law,employment law,llm_expansion,employment,"[""employment"", ""employer"", ""labor agreement"", ""workplace"", ""labor contract""]",5,0.8547468185424805,False,False,False,False,0.0,0.0,0.8333333333333335,0.7500579357147217,False,False
topic-1301,labour law,employment law,llm_rerank,Employment Law,"[""Employment Law"", ""Labour Code"", ""Workplace Legislation"", ""Regulation of Work"", ""Industrial Relations Law""]",5,1.008993148803711,True,True,True,True,0.2,1.0,1.0,0.9999999403953552,True,True
topic-1301,labour law,employment law,hybrid_fusion,Labor Law,"[""Labor Law"", ""Employment Law"", ""Labour Relations"", ""Employment Legislation"", ""Occupational Law""]",5,3.0114521980285645,False,True,True,True,0.2,0.5,1.0,0.9999999403953552,True,True
topic-1301,labour law,employment law,mas_base,labour,"[""labour"", ""Employment Law"", ""Labour Standards"", ""labouring"", ""labor""]",5,0.9895143508911132,False,True,True,True,0.2,0.5,1.0,0.9999999403953552,True,True
topic-1301,labour law,employment law,mas_llm_ranker,Employment Law,"[""Employment Law"", ""Occupational Law"", ""Industrial Relations Law"", ""Workplace Legislation"", ""Human Resources Law""]",5,3.420597791671753,True,True,True,True,0.2,1.0,1.0,0.9999999403953552,True,True
topic-1301,labour law,employment law,mas_safe_hybrid,Employment Law,"[""Employment Law"", ""labour"", ""Occupational Law"", ""labor contract"", ""labor agreement""]",5,2.8188364505767822,True,True,True,True,0.2,1.0,1.0,0.9999999403953552,True,True
topic-1303,reduction of working hours,workweek reduction,same_term,reduction of working hours,"[""reduction of working hours""]",1,1.9073486328125e-06,False,False,False,False,0.0,0.0,0.409090909090909,0.7307581901550293,False,False
topic-1303,reduction of working hours,workweek reduction,wordnet_direct,,[],0,4.458427429199219e-05,False,False,False,False,0.0,0.0,0.0,0.099708542227745,False,False
topic-1303,reduction of working hours,workweek reduction,embedding_wordnet,work time,"[""work time"", ""reduction"", ""reducing"", ""small hours"", ""hours""]",5,0.0184080600738525,False,False,False,False,0.0,0.0,0.6666666666666667,0.4953659772872925,False,False
topic-1303,reduction of working hours,workweek reduction,llm_zero_shot,Shortening,"[""Shortening"", ""Condensing"", ""Reduction"", ""Short-term arrangement"", ""Compressed workweek""]",5,0.626798152923584,False,False,False,False,0.0,0.0,0.6666666666666667,0.772386908531189,False,False
topic-1303,reduction of working hours,workweek reduction,llm_expansion,workload,"[""workload"", ""scheduling"", ""take time off"", ""hours"", ""work time""]",5,0.9184157848358154,False,False,False,False,0.0,0.0,0.5185185185185186,0.5044409036636353,False,False
topic-1303,reduction of working hours,workweek reduction,llm_rerank,Hours reduction,"[""Hours reduction"", ""Hourly workload reduction"", ""Shortening of work hours"", ""Working time decrease"", ""Labor hour diminishment""]",5,1.0676851272583008,False,False,False,False,0.0,0.0,0.7272727272727273,0.6618303656578064,False,False
topic-1303,reduction of working hours,workweek reduction,hybrid_fusion,Hours reduction,"[""Hours reduction"", ""Hours reduction policy"", ""Compensation for reduced hours"", ""Shortening of work hours"", ""Reduced work schedule""]",5,3.211650848388672,False,False,False,False,0.0,0.0,0.7272727272727273,0.7583277225494385,False,False
topic-1303,reduction of working hours,workweek reduction,mas_base,Hours reduction,"[""Hours reduction"", ""Shortening of work hours"", ""Hourly workload reduction"", ""Working time decrease"", ""Labor hour diminishment""]",5,1.057797908782959,False,False,False,False,0.0,0.0,0.7272727272727273,0.6618303656578064,False,False
topic-1303,reduction of working hours,workweek reduction,mas_llm_ranker,Hours reduction,"[""Hours reduction"", ""half-hourly"", ""hourly"", ""timework"", ""work day""]",5,4.168606996536255,False,False,False,False,0.0,0.0,0.7272727272727273,0.6618304252624512,False,False
topic-1303,reduction of working hours,workweek reduction,mas_safe_hybrid,Hours reduction,"[""Hours reduction"", ""Shortening of work hours"", ""work time"", ""reduction"", ""half-hourly""]",5,4.159904003143311,False,False,False,False,0.0,0.0,0.7272727272727273,0.6618303656578064,False,False
topic-1302,industrial/labour relations,employment relations,same_term,industrial/labour relations,"[""industrial/labour relations""]",1,1.6689300537109375e-06,False,False,False,False,0.0,0.0,0.5217391304347826,0.7138761281967163,False,False
topic-1302,industrial/labour relations,employment relations,wordnet_direct,,[],0,2.9802322387695312e-05,False,False,False,False,0.0,0.0,0.0,0.0961259230971336,False,False
topic-1302,industrial/labour relations,employment relations,embedding_wordnet,industrial union,"[""industrial union"", ""industrial"", ""labour"", ""industrialise"", ""labor union""]",5,0.0154633522033691,False,False,False,False,0.0,0.0,0.3888888888888888,0.5231779217720032,False,False
topic-1302,industrial/labour relations,employment relations,llm_zero_shot,Workplace Relations,"[""Workplace Relations"", ""Industrial Relations"", ""Labor-Management Relations"", ""Employment Relations"", ""Workforce Dynamics""]",5,0.6586580276489258,False,True,False,True,0.2,0.25,1.0,0.9999998807907104,False,True
topic-1302,industrial/labour relations,employment relations,llm_expansion,workplace,"[""workplace"", ""workforce"", ""labour"", ""employment"", ""industrial""]",5,0.8945326805114746,False,False,False,False,0.0,0.0,0.6666666666666667,0.7189608812332153,False,False
topic-1302,industrial/labour relations,employment relations,llm_rerank,Industrial Relations,"[""Industrial Relations"", ""Labor-Management Relations"", ""Employment Relations"", ""Occupational Relations"", ""Workplace Dynamics""]",5,1.0060200691223145,False,True,True,True,0.2,0.3333333333333333,1.0,0.9999998807907104,True,True
topic-1302,industrial/labour relations,employment relations,hybrid_fusion,Industrial Relations,"[""Industrial Relations"", ""Labor Relations"", ""Labor-Management Relations"", ""Industrial Relations Management"", ""Employment Relations""]",5,3.004206418991089,False,True,False,True,0.2,0.2,1.0,0.9999998807907104,False,True
topic-1302,industrial/labour relations,employment relations,mas_base,Industrial Relations,"[""Industrial Relations"", ""Organizational Labor Relations"", ""Labor-Management Relations"", ""industrial union"", ""Occupational Relations""]",5,1.0107638835906982,False,False,False,False,0.0,0.0,0.6956521739130435,0.7736132740974426,False,False
topic-1302,industrial/labour relations,employment relations,mas_llm_ranker,industrial union,"[""industrial union"", ""Industrial Relations"", ""Labor-Management Relations"", ""Occupational Relations"", ""Employment Relations""]",5,4.351929903030396,False,True,False,True,0.2,0.2,1.0,0.9999998807907104,False,True
topic-1302,industrial/labour relations,employment relations,mas_safe_hybrid,Industrial Relations,"[""Industrial Relations"", ""Labor-Management Relations"", ""industrial union"", ""Employment Relations"", ""Occupational Relations""]",5,4.33243989944458,False,True,False,True,0.2,0.25,1.0,0.9999998807907104,False,True
topic-1305,working conditions creation,quality of worklife,same_term,working conditions creation,"[""working conditions creation""]",1,1.9073486328125e-06,False,False,False,False,0.0,0.0,0.2608695652173913,0.3147099018096924,False,False
topic-1305,working conditions creation,quality of worklife,wordnet_direct,,[],0,2.7418136596679688e-05,False,False,False,False,0.0,0.0,0.0,0.0429304651916027,False,False
topic-1305,working conditions creation,quality of worklife,embedding_wordnet,conditions,"[""conditions"", ""condition"", ""in condition"", ""economic condition"", ""working rule""]",5,0.0154051780700683,False,False,False,False,0.0,0.0,0.3870967741935484,0.3140332400798797,False,False
topic-1305,working conditions creation,quality of worklife,llm_zero_shot,Environmental Setup,"[""Environmental Setup"", ""Organizational Culture"", ""Job Environment"", ""Workplace Establishment"", ""Employment Context""]",5,0.6253888607025146,False,False,False,False,0.0,0.0,0.3414634146341463,0.457187294960022,False,False
topic-1305,working conditions creation,quality of worklife,llm_expansion,compliance,"[""compliance"", ""employer"", ""employment"", ""regulatory"", ""occupational""]",5,0.9315881729125975,False,False,False,False,0.0,0.0,0.3448275862068966,0.4281927347183227,False,False
topic-1305,working conditions creation,quality of worklife,llm_rerank,Employment Context Formation,"[""Employment Context Formation"", ""Workplace Configuration"", ""Industrial Setting Construction"", ""Job Environment Design"", ""Occupational Setting Establishment""]",5,1.0146121978759766,False,False,False,False,0.0,0.0,0.3404255319148936,0.4291983544826507,False,False
topic-1305,working conditions creation,quality of worklife,hybrid_fusion,Job Conditions Implementation,"[""Job Conditions Implementation"", ""Situation of Work Conception"", ""Occupational Setting Formation"", ""Occupational Setting Design"", ""Workplace Configuration""]",5,3.1336286067962646,False,False,False,False,0.0,0.0,0.5106382978723405,0.4138393998146057,False,False
topic-1305,working conditions creation,quality of worklife,mas_base,conditions,"[""conditions"", ""condition"", ""in condition"", ""conditional contract"", ""economic condition""]",5,1.036115646362305,False,False,False,False,0.0,0.0,0.3076923076923077,0.3140332400798797,False,False
topic-1305,working conditions creation,quality of worklife,mas_llm_ranker,condition,"[""condition"", ""essential condition"", ""control condition"", ""economic condition"", ""operating statement""]",5,3.773407936096192,False,False,False,False,0.0,0.0,0.2777777777777778,0.3140332400798797,False,False
topic-1305,working conditions creation,quality of worklife,mas_safe_hybrid,conditions,"[""conditions"", ""essential condition"", ""condition"", ""economic condition"", ""control condition""]",5,3.824837446212769,False,False,False,False,0.0,0.0,0.2777777777777778,0.3140332400798797,False,False
topic-1306,labour issues,employment issues,same_term,labour issues,"[""labour issues""]",1,1.9073486328125e-06,False,False,False,False,0.0,0.0,0.6,0.6973878145217896,False,False
topic-1306,labour issues,employment issues,wordnet_direct,,[],0,3.170967102050781e-05,False,False,False,False,0.0,0.0,0.0,0.1409682780504226,False,False
topic-1306,labour issues,employment issues,embedding_wordnet,labour,"[""labour"", ""labouring"", ""labour pains"", ""labour-intensive"", ""labor""]",5,0.0159692764282226,False,False,False,False,0.0,0.0,0.3636363636363636,0.5002838373184204,False,False
topic-1306,labour issues,employment issues,llm_zero_shot,Workplace Concerns,"[""Workplace Concerns"", ""Employee Problems"", ""Job Issues"", ""Staff Challenges"", ""Employment Concerns""]",5,0.6399331092834473,False,False,False,False,0.0,0.0,0.7222222222222221,0.8731280565261841,False,False
topic-1306,labour issues,employment issues,llm_expansion,employment,"[""employment"", ""workplace"", ""worker"", ""working person"", ""occupational""]",5,0.8631813526153564,False,False,False,False,0.0,0.0,0.7407407407407408,0.7751288414001465,False,False
topic-1306,labour issues,employment issues,llm_rerank,Employment problems,"[""Employment problems"", ""Employee problems"", ""Workforce concerns"", ""Workplace concerns"", ""Occupational challenges""]",5,0.9493613243103028,False,False,False,False,0.0,0.0,0.7222222222222221,0.9552747011184692,False,False
topic-1306,labour issues,employment issues,hybrid_fusion,Labour relations issues,"[""Labour relations issues"", ""Employment problems"", ""Workforce difficulties"", ""Workforce problems"", ""Employment challenges""]",5,2.8784804344177246,False,False,False,False,0.0,0.0,0.7222222222222221,0.9552747011184692,False,False
topic-1306,labour issues,employment issues,mas_base,labour,"[""labour"", ""labour pains"", ""labouring"", ""labour-intensive"", ""laboured""]",5,0.9570517539978028,False,False,False,False,0.0,0.0,0.3636363636363636,0.4952906370162964,False,False
topic-1306,labour issues,employment issues,mas_llm_ranker,labour,"[""labour"", ""labor"", ""labourer"", ""labour-intensive"", ""labour pains""]",5,3.099475860595703,False,False,False,False,0.0,0.0,0.3636363636363636,0.5002838373184204,False,False
topic-1306,labour issues,employment issues,mas_safe_hybrid,labour,"[""labour"", ""labour pains"", ""labor"", ""labouring"", ""labour-intensive""]",5,3.079010486602783,False,False,False,False,0.0,0.0,0.3636363636363636,0.5002838373184204,False,False
topic-4081,arbitration,dispute arbitration,same_term,arbitration,"[""arbitration""]",1,1.9073486328125e-06,False,False,False,False,0.0,0.0,0.7333333333333334,0.8950819969177246,False,False
topic-4081,arbitration,dispute arbitration,wordnet_direct,arbitrament,"[""arbitrament"", ""arbitrement""]",2,9.965896606445312e-05,False,False,False,False,0.0,0.0,0.5333333333333333,0.4044547080993652,False,False
topic-4081,arbitration,dispute arbitration,embedding_wordnet,arbitrational,"[""arbitrational"", ""arbitration clause"", ""litigation"", ""arraignment"", ""courting""]",5,0.0154793262481689,False,False,False,False,0.0,0.0,0.6875,0.8421260118484497,False,False
topic-4081,arbitration,dispute arbitration,llm_zero_shot,Mediation,"[""Mediation"", ""Negotiation"", ""Dispute Resolution"", ""Settlement"", ""Conciliation""]",5,0.6260006427764893,False,False,False,False,0.0,0.0,0.7027027027027026,0.7181522846221924,False,False
topic-4081,arbitration,dispute arbitration,llm_expansion,negotiation,"[""negotiation"", ""mediation"", ""negotiate"", ""settlement"", ""bargaining""]",5,0.8632228374481201,False,False,False,False,0.0,0.0,0.5,0.4905089437961578,False,False
topic-4081,arbitration,dispute arbitration,llm_rerank,Dispute Settlement,"[""Dispute Settlement"", ""Litigation Avoidance"", ""Dispute Resolution"", ""Alternative Dispute Resolution"", ""Negotiation""]",5,0.9627354145050048,False,False,False,False,0.0,0.0,0.7027027027027026,0.7495285272598267,False,False
topic-4081,arbitration,dispute arbitration,hybrid_fusion,Litigation Avoidance,"[""Litigation Avoidance"", ""Settlement Proceedings"", ""Conflict Settlement"", ""Dispute Resolution"", ""Alternative Dispute Resolution""]",5,2.964075326919556,False,False,False,False,0.0,0.0,0.7027027027027026,0.7181524038314819,False,False
topic-4081,arbitration,dispute arbitration,mas_base,arbitrational,"[""arbitrational"", ""arbitration clause"", ""litigation"", ""arbitrator"", ""arraignment""]",5,0.9800076484680176,False,False,False,False,0.0,0.0,0.6875,0.8421260118484497,False,False
topic-4081,arbitration,dispute arbitration,mas_llm_ranker,arbitrator,"[""arbitrator"", ""tribunal"", ""court"", ""Dispute Resolution"", ""Alternative Dispute Resolution""]",5,4.93519401550293,False,False,False,False,0.0,0.0,0.7027027027027026,0.7181524038314819,False,False
topic-4081,arbitration,dispute arbitration,mas_safe_hybrid,arbitrational,"[""arbitrational"", ""arbitration clause"", ""arbitrator"", ""litigation"", ""tribunal""]",5,4.828165769577026,False,False,False,False,0.0,0.0,0.6875,0.8421261310577393,False,False
topic-3937,reasoning,logical argumentation,same_term,reasoning,"[""reasoning""]",1,1.430511474609375e-06,False,False,False,False,0.0,0.0,0.3333333333333333,0.664592981338501,False,False
topic-3937,reasoning,logical argumentation,wordnet_direct,logical thinking,"[""logical thinking"", ""abstract thought"", ""reason"", ""reason out"", ""conclude"", ""argue"", ""intelligent"", ""thinking""]",8,0.0002105236053466,False,False,False,False,0.0,0.0,0.5945945945945945,0.577243447303772,False,False
topic-3937,reasoning,logical argumentation,embedding_wordnet,logic,"[""logic"", ""line of reasoning"", ""reasoning backward"", ""logicality"", ""logical""]",5,0.0156683921813964,False,False,False,False,0.0,0.0,0.5161290322580645,0.751126229763031,False,False
topic-3937,reasoning,logical argumentation,llm_zero_shot,logic,"[""logic"", ""deduction"", ""inference"", ""argumentation"", ""rationalization""]",5,0.5946595668792725,False,False,False,False,0.0,0.0,0.7647058823529411,0.8445046544075012,False,False
topic-3937,reasoning,logical argumentation,llm_expansion,logic,"[""logic"", ""argumentation"", ""deduction"", ""inference"", ""argumentative""]",5,0.8106975555419922,False,False,False,False,0.0,0.0,0.7647058823529411,0.8445046544075012,False,False
topic-3937,reasoning,logical argumentation,llm_rerank,logic,"[""logic"", ""inference"", ""argumentation"", ""justification"", ""problem-solving""]",5,0.8922686576843262,False,False,False,False,0.0,0.0,0.7647058823529411,0.8445046544075012,False,False
topic-3937,reasoning,logical argumentation,hybrid_fusion,logic,"[""logic"", ""inference"", ""argumentation"", ""debate"", ""problem-solving""]",5,2.5999813079833984,False,False,False,False,0.0,0.0,0.7647058823529411,0.8445046544075012,False,False
topic-3937,reasoning,logical argumentation,mas_base,line of reasoning,"[""line of reasoning"", ""reasoning backward"", ""reasoning by elimination"", ""logic"", ""argumentation""]",5,0.9075484275817872,False,False,False,False,0.0,0.0,0.7647058823529411,0.8445046544075012,False,False
topic-3937,reasoning,logical argumentation,mas_llm_ranker,logic,"[""logic"", ""inference"", ""logicality"", ""logicalness"", ""logical""]",5,3.333379983901977,False,False,False,False,0.0,0.0,0.5161290322580645,0.751126229763031,False,False
topic-3937,reasoning,logical argumentation,mas_safe_hybrid,logic,"[""logic"", ""line of reasoning"", ""logicality"", ""inference"", ""reasoning backward""]",5,3.296374559402466,False,False,False,False,0.0,0.0,0.5161290322580645,0.751126229763031,False,False
topic-5627,aristoteles,Aristotle,same_term,aristoteles,"[""aristoteles""]",1,2.1457672119140625e-06,False,False,False,False,0.0,0.0,0.9,0.5418916344642639,False,False
topic-5627,aristoteles,Aristotle,wordnet_direct,,[],0,3.027915954589844e-05,False,False,False,False,0.0,0.0,0.0,0.158347874879837,False,False
topic-5627,aristoteles,Aristotle,embedding_wordnet,aristotelian,"[""aristotelian"", ""aristotelic"", ""aristotelia"", ""aristotelean"", ""aristophanes""]",5,0.0155472755432128,False,False,False,False,0.0,0.0,0.8571428571428572,0.5704600214958191,False,False
topic-5627,aristoteles,Aristotle,llm_zero_shot,Aristotle,"[""Aristotle"", ""Philosopher King"", ""Ancient Greek Thinker"", ""Classical Scholar"", ""Greek Sage""]",5,0.6611075401306152,True,True,True,True,0.2,1.0,1.0,1.0,True,True
topic-5627,aristoteles,Aristotle,llm_expansion,aristotle,"[""aristotle"", ""philosopher"", ""ancient greek"", ""classical greek"", ""socrates""]",5,0.906829595565796,True,True,True,True,0.2,1.0,1.0,1.0,True,True
topic-5627,aristoteles,Aristotle,llm_rerank,Aristotle,"[""Aristotle"", ""Peripatetic"", ""Ancient Greek Thinker"", ""Hellenistic Philosophy"", ""Philosopher-King""]",5,1.0435421466827393,True,True,True,True,0.2,1.0,1.0,1.0,True,True
topic-5627,aristoteles,Aristotle,hybrid_fusion,Aristotelian,"[""Aristotelian"", ""Aristotle"", ""Eudaimonia"", ""Peripatetic"", ""Organon""]",5,3.182781934738159,False,True,True,True,0.2,0.5,1.0,1.0,True,True
topic-5627,aristoteles,Aristotle,mas_base,aristotelic,"[""aristotelic"", ""aristotelian"", ""aristotelean"", ""aristotelia"", ""aristophanes""]",5,1.0533576011657717,False,False,False,False,0.0,0.0,0.8571428571428572,0.5704600214958191,False,False
topic-5627,aristoteles,Aristotle,mas_llm_ranker,Aristotle,"[""Aristotle"", ""Peripatetic"", ""Philosopher-King"", ""Hellenistic"", ""Scholasticism""]",5,3.1966538429260254,True,True,True,True,0.2,1.0,1.0,1.0,True,True
topic-5627,aristoteles,Aristotle,mas_safe_hybrid,aristotelian,"[""aristotelian"", ""aristotelic"", ""aristotelean"", ""aristotelia"", ""aristophanes""]",5,3.183143615722656,False,False,False,False,0.0,0.0,0.8571428571428572,0.5704600214958191,False,False
topic-2517,poverty,destitution,same_term,poverty,"[""poverty""]",1,1.6689300537109375e-06,False,False,False,False,0.0,0.0,0.2222222222222222,0.2927308082580566,False,False
topic-2517,poverty,destitution,wordnet_direct,poorness,"[""poorness"", ""impoverishment""]",2,0.0001301765441894,False,False,False,False,0.0,0.0,0.24,0.4015399217605591,False,False
topic-2517,poverty,destitution,embedding_wordnet,poverty level,"[""poverty level"", ""poverty line"", ""poverty trap"", ""poverty-stricken"", ""impoverished""]",5,0.0175027847290039,False,False,False,False,0.0,0.0,0.3703703703703704,0.2675461769104004,False,False
topic-2517,poverty,destitution,llm_zero_shot,Neediness,"[""Neediness"", ""Poorness"", ""Indigence"", ""Want"", ""Deprivation""]",5,0.6059889793395996,False,False,False,False,0.0,0.0,0.6363636363636364,0.3627622127532959,False,False
topic-2517,poverty,destitution,llm_expansion,welfare,"[""welfare"", ""neediness"", ""social welfare"", ""welfare work"", ""welfare state""]",5,0.8122844696044922,False,False,False,False,0.0,0.0,0.3333333333333333,0.2763559222221374,False,False
topic-2517,poverty,destitution,llm_rerank,deprivation,"[""deprivation"", ""hardship"", ""socioeconomic disadvantage"", ""desperation"", ""hunger""]",5,0.902949333190918,False,False,False,False,0.0,0.0,0.6363636363636364,0.3627622127532959,False,False
topic-2517,poverty,destitution,hybrid_fusion,deprivation,"[""deprivation"", ""economic hardship"", ""hardship"", ""pauperism"", ""material deprivation""]",5,2.69708251953125,False,False,False,False,0.0,0.0,0.6363636363636364,0.3627622127532959,False,False
topic-2517,poverty,destitution,mas_base,poverty level,"[""poverty level"", ""poverty line"", ""poverty trap"", ""poverty-stricken"", ""poverty grass""]",5,0.9063537120819092,False,False,False,False,0.0,0.0,0.3703703703703704,0.2675461769104004,False,False
topic-2517,poverty,destitution,mas_llm_ranker,poverty level,"[""poverty level"", ""poverty line"", ""poverty-stricken"", ""poor people"", ""poor""]",5,4.259595632553101,False,False,False,False,0.0,0.0,0.3703703703703704,0.2238764017820358,False,False
topic-2517,poverty,destitution,mas_safe_hybrid,poverty level,"[""poverty level"", ""poverty line"", ""poverty-stricken"", ""poverty trap"", ""impoverished""]",5,4.248385190963745,False,False,False,False,0.0,0.0,0.3703703703703704,0.2675461769104004,False,False
topic-2519,asylum seekers,refugees,same_term,asylum seekers,"[""asylum seekers""]",1,1.9073486328125e-06,False,False,False,False,0.0,0.0,0.3636363636363636,0.7540886402130127,False,False
topic-2519,asylum seekers,refugees,wordnet_direct,,[],0,3.0994415283203125e-05,False,False,False,False,0.0,0.0,0.0,0.253517597913742,False,False
topic-2519,asylum seekers,refugees,embedding_wordnet,refugee,"[""refugee"", ""asylum"", ""orphans' asylum"", ""migrant"", ""refugee camp""]",5,0.0155870914459228,False,False,False,False,0.0,0.0,0.9333333333333332,0.9295777082443236,False,False
topic-2519,asylum seekers,refugees,llm_zero_shot,Refugees,"[""Refugees"", ""Displaced persons"", ""Fugitives"", ""Immigrants without status"", ""Stateless individuals""]",5,0.6610221862792969,True,True,True,True,0.2,1.0,1.0,1.0,True,True
topic-2519,asylum seekers,refugees,llm_expansion,refugee,"[""refugee"", ""migrant"", ""displaced person"", ""stateless person"", ""fugitive""]",5,0.86468505859375,False,False,False,False,0.0,0.0,0.9333333333333332,0.9295777082443236,False,False
topic-2519,asylum seekers,refugees,llm_rerank,refugees,"[""refugees"", ""migrants"", ""forced migrants"", ""displaced persons"", ""vulnerable populations""]",5,0.9947788715362548,True,True,True,True,0.2,1.0,1.0,1.0,True,True
topic-2519,asylum seekers,refugees,hybrid_fusion,Refugees,"[""Refugees"", ""Migrants"", ""Vulnerable migrants"", ""Forced migrants"", ""Detainees""]",5,2.828307867050171,True,True,True,True,0.2,1.0,1.0,1.0,True,True
topic-2519,asylum seekers,refugees,mas_base,asylum,"[""asylum"", ""refugees"", ""refugee"", ""orphans' asylum"", ""migrants""]",5,0.9373266696929932,False,True,True,True,0.2,0.5,1.0,1.0,True,True
topic-2519,asylum seekers,refugees,mas_llm_ranker,refugee,"[""refugee"", ""migrant"", ""immigrant"", ""seeker"", ""refuge""]",5,4.0759382247924805,False,False,False,False,0.0,0.0,0.9333333333333332,0.9295775890350342,False,False
topic-2519,asylum seekers,refugees,mas_safe_hybrid,refugee,"[""refugee"", ""refugees"", ""asylum"", ""migrants"", ""migrant""]",5,3.4182546138763428,False,True,True,True,0.2,0.5,1.0,1.0,True,True
topic-1309,asset liability management,balance sheet management,same_term,asset liability management,"[""asset liability management""]",1,1.6689300537109375e-06,False,False,False,False,0.0,0.0,0.6,0.4712027311325073,False,False
topic-1309,asset liability management,balance sheet management,wordnet_direct,,[],0,2.813339233398437e-05,False,False,False,False,0.0,0.0,0.0,0.0451033115386962,False,False
topic-1309,asset liability management,balance sheet management,embedding_wordnet,liabilities,"[""liabilities"", ""limited liability"", ""assets"", ""liability insurance"", ""liability""]",5,0.0157630443572998,False,False,False,False,0.0,0.0,0.3255813953488372,0.4153724312782287,False,False
topic-1309,asset liability management,balance sheet management,llm_zero_shot,Risk Management,"[""Risk Management"", ""Financial Planning"", ""Portfolio Optimization"", ""Capital Allocation"", ""Wealth Management""]",5,0.6082854270935059,False,False,False,False,0.0,0.0,0.6829268292682926,0.3982196450233459,False,False
topic-1309,asset liability management,balance sheet management,llm_expansion,liability,"[""liability"", ""portfolio"", ""liability insurance"", ""limited liability"", ""assets""]",5,0.8380684852600098,False,False,False,False,0.0,0.0,0.3255813953488372,0.309699535369873,False,False
topic-1309,asset liability management,balance sheet management,llm_rerank,Asset and Liability Management,"[""Asset and Liability Management"", ""Financial Risk Management"", ""Risk Management"", ""Portfolio Management"", ""Capital Management""]",5,0.9553136825561525,False,False,False,False,0.0,0.0,0.653061224489796,0.4338799715042114,False,False
topic-1309,asset liability management,balance sheet management,hybrid_fusion,Financial Risk Management,"[""Financial Risk Management"", ""Asset Allocation"", ""Risk Management"", ""Portfolio Management"", ""Investment Management""]",5,3.12244200706482,False,False,False,False,0.0,0.0,0.7111111111111111,0.4457281231880188,False,False
topic-1309,asset liability management,balance sheet management,mas_base,Asset and Liability Optimization,"[""Asset and Liability Optimization"", ""Financial Risk Management"", ""liabilities"", ""liability insurance"", ""limited liability""]",5,0.9517438411712646,False,False,False,False,0.0,0.0,0.653061224489796,0.4165438413619995,False,False
topic-1309,asset liability management,balance sheet management,mas_llm_ranker,Asset and Liability Optimization,"[""Asset and Liability Optimization"", ""Portfolio Management"", ""Capital Management"", ""Financial Risk Management"", ""Risk Management""]",5,2.997694969177246,False,False,False,False,0.0,0.0,0.653061224489796,0.4338799715042114,False,False
topic-1309,asset liability management,balance sheet management,mas_safe_hybrid,Asset and Liability Optimization,"[""Asset and Liability Optimization"", ""Financial Risk Management"", ""liabilities"", ""limited liability"", ""liability insurance""]",5,3.0036654472351074,False,False,False,False,0.0,0.0,0.653061224489796,0.4165438413619995,False,False
topic-21,attitudes,mindset,same_term,attitudes,"[""attitudes""]",1,1.6689300537109375e-06,False,False,False,False,0.0,0.0,0.375,0.5060447454452515,False,False
topic-21,attitudes,mindset,wordnet_direct,attitude,"[""attitude"", ""mental attitude"", ""position"", ""posture""]",4,0.0001502037048339,False,False,False,False,0.0,0.0,0.4,0.5549201369285583,False,False
topic-21,attitudes,mindset,embedding_wordnet,mental attitude,"[""mental attitude"", ""attitude"", ""perceived"", ""defensive attitude"", ""persuasiveness""]",5,0.0156099796295166,False,False,False,False,0.0,0.0,0.4,0.5549201369285583,False,False
topic-21,attitudes,mindset,llm_zero_shot,opinions,"[""opinions"", ""views"", ""perspectives"", ""dispositions"", ""stances""]",5,0.5778906345367432,False,False,False,False,0.0,0.0,0.4,0.5052926540374756,False,False
topic-21,attitudes,mindset,llm_expansion,posture,"[""posture"", ""disposition"", ""opinion"", ""stance"", ""view""]",5,0.8007745742797852,False,False,False,False,0.0,0.0,0.3636363636363636,0.4722281098365783,False,False
topic-21,attitudes,mindset,llm_rerank,Tendencies,"[""Tendencies"", ""Mindsets"", ""Beliefs"", ""Opinions"", ""Perspectives""]",5,0.8626663684844971,False,False,False,False,0.0,0.0,0.9333333333333332,0.8921576738357544,False,False
topic-21,attitudes,mindset,hybrid_fusion,mindsets,"[""mindsets"", ""sentiments"", ""prejudices"", ""beliefs"", ""biases""]",5,2.525622844696045,False,False,False,False,0.0,0.0,0.9333333333333332,0.8921576738357544,False,False
topic-21,attitudes,mindset,mas_base,attitude,"[""attitude"", ""mental attitude"", ""defensive attitude"", ""Mindsets"", ""perceived""]",5,0.8553471565246582,False,False,False,False,0.0,0.0,0.9333333333333332,0.8921576738357544,False,False
topic-21,attitudes,mindset,mas_llm_ranker,attitude,"[""attitude"", ""persuasive"", ""persuasiveness"", ""persuasively"", ""Stances""]",5,3.5768160820007324,False,False,False,False,0.0,0.0,0.4,0.4571097195148468,False,False
topic-21,attitudes,mindset,mas_safe_hybrid,attitude,"[""attitude"", ""mental attitude"", ""perceived"", ""persuasiveness"", ""persuasion""]",5,3.42864203453064,False,False,False,False,0.0,0.0,0.4,0.5549201369285583,False,False
topic-6701,auditory perception,hearing perception,same_term,auditory perception,"[""auditory perception""]",1,1.430511474609375e-06,False,False,False,False,0.0,0.0,0.7027027027027026,0.9231189489364624,False,False
topic-6701,auditory perception,hearing perception,wordnet_direct,sound perception,"[""sound perception""]",1,7.343292236328125e-05,False,False,False,False,0.0,0.0,0.7058823529411764,0.8340709805488586,False,False
topic-6701,auditory perception,hearing perception,embedding_wordnet,auditory sense,"[""auditory sense"", ""auditory"", ""sound perception"", ""auditory image"", ""auditory sensation""]",5,0.0155897140502929,False,False,False,False,0.0,0.0,0.7058823529411764,0.8340710997581482,False,False
topic-6701,auditory perception,hearing perception,llm_zero_shot,Hearing,"[""Hearing"", ""Audition"", ""Sound Perception"", ""Acoustic Reception"", ""Sonic Awareness""]",5,0.6084537506103516,False,False,False,False,0.0,0.0,0.7058823529411764,0.8340710997581482,False,False
topic-6701,auditory perception,hearing perception,llm_expansion,hearing,"[""hearing"", ""sound perception"", ""auditory communication"", ""auditory"", ""auditory sense""]",5,0.8466835021972656,False,False,False,False,0.0,0.0,0.7058823529411764,0.8340710997581482,False,False
topic-6701,auditory perception,hearing perception,llm_rerank,Auditory processing,"[""Auditory processing"", ""Auditory reception"", ""Hearing comprehension"", ""Sonic perception"", ""Sound recognition""]",5,0.982433557510376,False,False,False,False,0.0,0.0,0.717948717948718,0.8198362588882446,False,False
topic-6701,auditory perception,hearing perception,hybrid_fusion,Sound Perception,"[""Sound Perception"", ""Auditory processing"", ""Auditory Sensing"", ""Audiosensory Perception"", ""Phonetic perception""]",5,3.1407783031463623,False,False,False,False,0.0,0.0,0.7567567567567568,0.8340710401535034,False,False
topic-6701,auditory perception,hearing perception,mas_base,Auditory processing,"[""Auditory processing"", ""Auditory cognition"", ""sound perception"", ""auditory sense"", ""auditory sensation""]",5,0.96392822265625,False,False,False,False,0.0,0.0,0.7058823529411764,0.8340710997581482,False,False
topic-6701,auditory perception,hearing perception,mas_llm_ranker,auditory sense,"[""auditory sense"", ""sense of hearing"", ""Hearing comprehension"", ""perception"", ""musical perception""]",5,3.124483823776245,False,False,False,False,0.0,0.0,0.717948717948718,0.8309760093688965,False,False
topic-6701,auditory perception,hearing perception,mas_safe_hybrid,auditory sense,"[""auditory sense"", ""Auditory processing"", ""sound perception"", ""auditory"", ""auditory image""]",5,2.9072909355163574,False,False,False,False,0.0,0.0,0.7058823529411764,0.8340710997581482,False,False
topic-3542,augustine,St. Augustine,same_term,augustine,"[""augustine""]",1,2.1457672119140625e-06,False,False,False,False,0.0,0.0,0.8571428571428572,0.900619387626648,False,False
topic-3542,augustine,St. Augustine,wordnet_direct,Saint Augustine,"[""Saint Augustine"", ""St. Augustine"", ""Augustine of Hippo""]",3,0.000131607055664,False,True,True,True,0.2,0.5,1.0,1.0,True,True
topic-3542,augustine,St. Augustine,embedding_wordnet,st. augustine,"[""st. augustine"", ""saint augustine"", ""augustine of hippo"", ""st. augustine grass"", ""myrtle""]",5,0.017566442489624,True,True,True,True,0.2,1.0,1.0,1.0,True,True
topic-3542,augustine,St. Augustine,llm_zero_shot,Augustinian,"[""Augustinian"", ""Monastic"", ""Cistercian"", ""Benedictine"", ""Mystical""]",5,0.6802835464477539,False,False,False,False,0.0,0.0,0.6956521739130435,0.3397436439990997,False,False
topic-3542,augustine,St. Augustine,llm_expansion,augustinian,"[""augustinian"", ""st. augustine"", ""augustinian order"", ""augustinian canons"", ""saint augustine""]",5,0.9231727123260498,False,True,True,True,0.2,0.5,1.0,0.9999999403953552,True,True
topic-3542,augustine,St. Augustine,llm_rerank,Franciscan,"[""Franciscan"", ""Dominican"", ""Carthusian"", ""Benedictine"", ""Monastic""]",5,0.9885733127593994,False,False,False,False,0.0,0.0,0.4545454545454546,0.4201300144195556,False,False
topic-3542,augustine,St. Augustine,hybrid_fusion,catholic,"[""catholic"", ""ecclesiastical"", ""cleric"", ""priestly"", ""humane""]",5,2.7254421710968018,False,False,False,False,0.0,0.0,0.3846153846153846,0.450296401977539,False,False
topic-3542,augustine,St. Augustine,mas_base,st. augustine,"[""st. augustine"", ""saint augustine"", ""augustine of hippo"", ""st. augustine grass"", ""myrtle""]",5,1.1377623081207275,True,True,True,True,0.2,1.0,1.0,1.0,True,True
topic-3542,augustine,St. Augustine,mas_llm_ranker,st. augustine,"[""st. augustine"", ""saint augustine"", ""augustine of hippo"", ""Augustinian"", ""st. augustine grass""]",5,4.043094635009766,True,True,True,True,0.2,1.0,1.0,1.0,True,True
topic-3542,augustine,St. Augustine,mas_safe_hybrid,st. augustine,"[""st. augustine"", ""saint augustine"", ""augustine of hippo"", ""st. augustine grass"", ""myrtle""]",5,3.2773945331573486,True,True,True,True,0.2,1.0,1.0,1.0,True,True
topic-1313,automatic language analysis,computational linguistics,same_term,automatic language analysis,"[""automatic language analysis""]",1,1.430511474609375e-06,False,False,False,False,0.0,0.0,0.5,0.5699320435523987,False,False
topic-1313,automatic language analysis,computational linguistics,wordnet_direct,,[],0,2.5272369384765625e-05,False,False,False,False,0.0,0.0,0.0,0.1257664412260055,False,False
topic-1313,automatic language analysis,computational linguistics,embedding_wordnet,linguistic profiling,"[""linguistic profiling"", ""machine language"", ""language system"", ""corpus"", ""natural language processing""]",5,0.0155677795410156,False,False,False,False,0.0,0.0,0.4444444444444444,0.6508723497390747,False,False
topic-1313,automatic language analysis,computational linguistics,llm_zero_shot,Natural Language Processing,"[""Natural Language Processing"", ""Language Pattern Recognition"", ""Text Analysis"", ""Linguistic Processing"", ""Automated Text Interpretation""]",5,0.6861751079559326,False,False,False,False,0.0,0.0,0.4782608695652174,0.682003378868103,False,False
topic-1313,automatic language analysis,computational linguistics,llm_expansion,natural language processing,"[""natural language processing"", ""natural language processing application"", ""natural language"", ""language learning"", ""natural language processor""]",5,0.9298379421234132,False,False,False,False,0.0,0.0,0.4390243902439024,0.5716150999069214,False,False
topic-1313,automatic language analysis,computational linguistics,llm_rerank,Speech and Language Analysis,"[""Speech and Language Analysis"", ""Automated Text Analysis"", ""Lexical Analysis"", ""Linguistic Profiling"", ""Language Pattern Recognition""]",5,1.030949592590332,False,False,False,False,0.0,0.0,0.4444444444444444,0.6215248703956604,False,False
topic-1313,automatic language analysis,computational linguistics,hybrid_fusion,Natural Language Processing,"[""Natural Language Processing"", ""Computational Linguistics"", ""Automated Linguistic Analysis"", ""Automatic Text Analysis"", ""Automated Text Analysis""]",5,3.262213945388794,False,True,True,True,0.2,0.5,1.0,1.0,True,True
topic-1313,automatic language analysis,computational linguistics,mas_base,Automated Linguistic Analysis,"[""Automated Linguistic Analysis"", ""Computational Lexical Analysis"", ""Language Pattern Recognition"", ""machine language"", ""Machine Learning for Language""]",5,1.0343613624572754,False,False,False,False,0.0,0.0,0.7272727272727273,0.7443164587020874,False,False
topic-1313,automatic language analysis,computational linguistics,mas_llm_ranker,natural language processing,"[""natural language processing"", ""computational linguistics"", ""language system"", ""machine translation"", ""linguistic profiling""]",5,3.557826042175293,False,True,True,True,0.2,0.5,1.0,1.0,True,True
topic-1313,automatic language analysis,computational linguistics,mas_safe_hybrid,Automated Text Analysis,"[""Automated Text Analysis"", ""natural language processing"", ""linguistic profiling"", ""Language Pattern Recognition"", ""language system""]",5,5.682358026504517,False,False,False,False,0.0,0.0,0.4444444444444444,0.6215248107910156,False,False
topic-3966,automation,mechanization,same_term,automation,"[""automation""]",1,1.6689300537109375e-06,False,False,False,False,0.0,0.0,0.5217391304347826,0.3031077086925506,False,False
topic-3966,automation,mechanization,wordnet_direct,mechanization,"[""mechanization"", ""mechanisation""]",2,0.0001044273376464,True,True,True,True,0.2,1.0,1.0,1.0,True,True
topic-3966,automation,mechanization,embedding_wordnet,automated,"[""automated"", ""automate"", ""automatise"", ""automaton"", ""automat""]",5,0.0156354904174804,False,False,False,False,0.0,0.0,0.4545454545454546,0.3478711545467376,False,False
topic-3966,automation,mechanization,llm_zero_shot,Automation,"[""Automation"", ""Robotization"", ""Mechanization"", ""Self-Service"", ""Process Optimization""]",5,0.6153702735900879,False,True,True,True,0.2,0.3333333333333333,1.0,1.000000238418579,True,True
topic-3966,automation,mechanization,llm_expansion,mechanization,"[""mechanization"", ""robotics"", ""mechanisation"", ""mechanize"", ""machine-controlled""]",5,0.8165192604064941,True,True,True,True,0.2,1.0,1.0,1.000000238418579,True,True
topic-3966,automation,mechanization,llm_rerank,Robotics,"[""Robotics"", ""Machine Learning"", ""Systematization"", ""Digitalization"", ""Industrialization""]",5,0.8832049369812012,False,False,False,False,0.0,0.0,0.6428571428571428,0.4644042253494262,False,False
topic-3966,automation,mechanization,hybrid_fusion,Task automation,"[""Task automation"", ""process automation"", ""robotics"", ""Robotization"", ""Controlled application""]",5,2.746246576309204,False,False,False,False,0.0,0.0,0.56,0.4912254512310028,False,False
topic-3966,automation,mechanization,mas_base,automated,"[""automated"", ""automate"", ""automaton"", ""automatise"", ""automat""]",5,0.898582935333252,False,False,False,False,0.0,0.0,0.4545454545454546,0.3478711545467376,False,False
topic-3966,automation,mechanization,mas_llm_ranker,automated,"[""automated"", ""automatic"", ""automatise"", ""automate"", ""automaton""]",5,3.123426914215088,False,False,False,False,0.0,0.0,0.4545454545454546,0.3478711545467376,False,False
topic-3966,automation,mechanization,mas_safe_hybrid,automated,"[""automated"", ""automate"", ""automatise"", ""automaton"", ""automat""]",5,3.104395866394043,False,False,False,False,0.0,0.0,0.4545454545454546,0.3478711545467376,False,False
topic-1905,autonomy and moral,self-governance and ethics,same_term,autonomy and moral,"[""autonomy and moral""]",1,1.9073486328125e-06,False,False,False,False,0.0,0.0,0.3181818181818182,0.6336890459060669,False,False
topic-1905,autonomy and moral,self-governance and ethics,wordnet_direct,,[],0,2.6226043701171875e-05,False,False,False,False,0.0,0.0,0.0,0.0993943884968757,False,False
topic-1905,autonomy and moral,self-governance and ethics,embedding_wordnet,autonomy,"[""autonomy"", ""moralisation"", ""moral obligation"", ""moralization"", ""moral philosophy""]",5,0.0186233520507812,False,False,False,False,0.0,0.0,0.3333333333333333,0.5406718254089355,False,False
topic-1905,autonomy and moral,self-governance and ethics,llm_zero_shot,moral agency,"[""moral agency"", ""personal responsibility"", ""ethics and self"", ""self-governance"", ""moral freedom""]",5,0.6639459133148193,False,False,False,False,0.0,0.0,0.7317073170731707,0.8937782049179077,False,False
topic-1905,autonomy and moral,self-governance and ethics,llm_expansion,self-rule,"[""self-rule"", ""morality"", ""moral obligation"", ""free will"", ""moral philosophy""]",5,0.9657371044158936,False,False,False,False,0.0,0.0,0.4,0.569852352142334,False,False
topic-1905,autonomy and moral,self-governance and ethics,llm_rerank,independence and morality,"[""independence and morality"", ""self-determination and ethics"", ""freedom and values"", ""self-rule and precepts"", ""liberty and norms""]",5,1.2276053428649902,False,False,False,False,0.0,0.0,0.7636363636363638,0.7078932523727417,False,False
topic-1905,autonomy and moral,self-governance and ethics,hybrid_fusion,ethics and autonomy,"[""ethics and autonomy"", ""moral self-determination"", ""moral independence"", ""independence and morality"", ""self-determination and ethics""]",5,3.2697439193725586,False,False,False,False,0.0,0.0,0.7636363636363638,0.7251513004302979,False,False
topic-1905,autonomy and moral,self-governance and ethics,mas_base,autonomy,"[""autonomy"", ""independence and morality"", ""self-determination and ethics"", ""moralisation"", ""morality""]",5,1.1582961082458496,False,False,False,False,0.0,0.0,0.7636363636363638,0.7078932523727417,False,False
topic-1905,autonomy and moral,self-governance and ethics,mas_llm_ranker,self-determination and ethics,"[""self-determination and ethics"", ""agency and values"", ""independence and morality"", ""freedom and principles"", ""liberty and norms""]",5,5.604595899581909,False,False,False,False,0.0,0.0,0.7636363636363638,0.7078932523727417,False,False
topic-1905,autonomy and moral,self-governance and ethics,mas_safe_hybrid,autonomy,"[""autonomy"", ""self-determination and ethics"", ""independence and morality"", ""moral obligation"", ""moral philosophy""]",5,3.9615612030029297,False,False,False,False,0.0,0.0,0.7636363636363638,0.7078932523727417,False,False
topic-2527,bank - firm relationships,financial partnerships,same_term,bank - firm relationships,"[""bank - firm relationships""]",1,2.1457672119140625e-06,False,False,False,False,0.0,0.0,0.5106382978723405,0.5859395265579224,False,False
topic-2527,bank - firm relationships,financial partnerships,wordnet_direct,,[],0,2.956390380859375e-05,False,False,False,False,0.0,0.0,0.0,0.1962677538394928,False,False
topic-2527,bank - firm relationships,financial partnerships,embedding_wordnet,banking industry,"[""banking industry"", ""bank holding company"", ""banks"", ""bank-depositor relation"", ""banking""]",5,0.0154821872711181,False,False,False,False,0.0,0.0,0.3333333333333333,0.5312314033508301,False,False
topic-2527,bank - firm relationships,financial partnerships,llm_zero_shot,Business Partnerships,"[""Business Partnerships"", ""Strategic Alliances"", ""Partnerships"", ""Firm Associations"", ""Commercial Connections""]",5,0.6544694900512695,False,False,False,False,0.0,0.0,0.7058823529411764,0.7815338373184204,False,False
topic-2527,bank - firm relationships,financial partnerships,llm_expansion,partnership,"[""partnership"", ""joint venture"", ""enterprise"", ""alliance"", ""business firm""]",5,0.8411705493927002,False,False,False,False,0.0,0.0,0.6666666666666667,0.729793906211853,False,False
topic-2527,bank - firm relationships,financial partnerships,llm_rerank,Firm connections,"[""Firm connections"", ""Financial collaborations"", ""Corporate alliances"", ""Business partnerships"", ""Relationships""]",5,0.9104161262512208,False,False,False,False,0.0,0.0,0.6976744186046511,0.8641185760498047,False,False
topic-2527,bank - firm relationships,financial partnerships,hybrid_fusion,firm alliances,"[""firm alliances"", ""business connections"", ""corporate connections"", ""corporate ties"", ""business partnerships""]",5,2.8291757106781006,False,False,False,False,0.0,0.0,0.6976744186046511,0.7790905237197876,False,False
topic-2527,bank - firm relationships,financial partnerships,mas_base,bank-depositor relation,"[""bank-depositor relation"", ""banking industry"", ""bank holding company"", ""banking company"", ""banking""]",5,0.9155807495117188,False,False,False,False,0.0,0.0,0.3783783783783784,0.5312314033508301,False,False
topic-2527,bank - firm relationships,financial partnerships,mas_llm_ranker,banking industry,"[""banking industry"", ""bank holding company"", ""banks"", ""bank-depositor relation"", ""banking""]",5,3.8014614582061768,False,False,False,False,0.0,0.0,0.3333333333333333,0.5312314033508301,False,False
topic-2527,bank - firm relationships,financial partnerships,mas_safe_hybrid,banking industry,"[""banking industry"", ""banking company"", ""bank holding company"", ""banking"", ""banks""]",5,4.556761026382446,False,False,False,False,0.0,0.0,0.3783783783783784,0.5312312841415405,False,False
topic-5721,banking law,financial law,same_term,banking law,"[""banking law""]",1,1.1920928955078125e-06,False,False,False,False,0.0,0.0,0.5833333333333333,0.7350656986236572,False,False
topic-5721,banking law,financial law,wordnet_direct,,[],0,5.0067901611328125e-05,False,False,False,False,0.0,0.0,0.0,0.1505443453788757,False,False
topic-5721,banking law,financial law,embedding_wordnet,banking,"[""banking"", ""banking concern"", ""banking industry"", ""banking system"", ""bank""]",5,0.0156843662261962,False,False,False,False,0.0,0.0,0.3,0.5809383392333984,False,False
topic-5721,banking law,financial law,llm_zero_shot,Financial Regulation,"[""Financial Regulation"", ""Regulatory Framework"", ""Banking Legislation"", ""Financial Governance"", ""Monetary Law""]",5,0.6323204040527344,False,False,False,False,0.0,0.0,0.7272727272727273,0.7639672756195068,False,False
topic-5721,banking law,financial law,llm_expansion,banking,"[""banking"", ""regulatory"", ""banking system"", ""banking industry"", ""banking concern""]",5,0.8936793804168701,False,False,False,False,0.0,0.0,0.3,0.5809383392333984,False,False
topic-5721,banking law,financial law,llm_rerank,Banking Act,"[""Banking Act"", ""Banking Code"", ""Financial Services Legislation"", ""Monetary Law"", ""Financial Regulation""]",5,0.9922184944152832,False,False,False,False,0.0,0.0,0.7272727272727273,0.7639672160148621,False,False
topic-5721,banking law,financial law,hybrid_fusion,Banking Legislation,"[""Banking Legislation"", ""Commercial Banking Laws"", ""Banking Regulations"", ""Banking Act"", ""Banking and Financial Regulations""]",5,3.016488790512085,False,False,False,False,0.0,0.0,0.5217391304347826,0.695853590965271,False,False
topic-5721,banking law,financial law,mas_base,Banking Act,"[""Banking Act"", ""banking"", ""banking concern"", ""banking game"", ""banking system""]",5,0.9589722156524658,False,False,False,False,0.0,0.0,0.4166666666666666,0.6176069974899292,False,False
topic-5721,banking law,financial law,mas_llm_ranker,Banking Legislation,"[""Banking Legislation"", ""Financial Regulation"", ""Regulatory Framework"", ""Monetary Law"", ""banking system""]",5,4.993746519088745,False,False,False,False,0.0,0.0,0.7272727272727273,0.7639672756195068,False,False
topic-5721,banking law,financial law,mas_safe_hybrid,Banking Legislation,"[""Banking Legislation"", ""banking"", ""banking system"", ""banking concern"", ""banking industry""]",5,6.09482216835022,False,False,False,False,0.0,0.0,0.375,0.6591087579727173,False,False
topic-1316,banking systems,financial systems,same_term,banking systems,"[""banking systems""]",1,2.1457672119140625e-06,False,False,False,False,0.0,0.0,0.6875,0.7634453773498535,False,False
topic-1316,banking systems,financial systems,wordnet_direct,banking industry,"[""banking industry"", ""banking system""]",2,7.677078247070312e-05,False,False,False,False,0.0,0.0,0.6451612903225806,0.7162612676620483,False,False
topic-1316,banking systems,financial systems,embedding_wordnet,banking system,"[""banking system"", ""banking"", ""banking industry"", ""banks"", ""bank""]",5,0.0156292915344238,False,False,False,False,0.0,0.0,0.6451612903225806,0.7162613868713379,False,False
topic-1316,banking systems,financial systems,llm_zero_shot,Financial Systems,"[""Financial Systems"", ""Banking Infrastructure"", ""Payment Networks"", ""Monetary Institutions"", ""Financial Frameworks""]",5,0.6360797882080078,True,True,True,True,0.2,1.0,1.0,1.000000238418579,True,True
topic-1316,banking systems,financial systems,llm_expansion,banking system,"[""banking system"", ""banking"", ""financial organisation"", ""banking industry"", ""financial management service""]",5,0.8366508483886719,False,False,False,False,0.0,0.0,0.6451612903225806,0.7756156921386719,False,False
topic-1316,banking systems,financial systems,llm_rerank,Banking Infrastructure,"[""Banking Infrastructure"", ""Financial Systems"", ""Money Transfer Systems"", ""Financial Transaction Platforms"", ""Cash Flow Management Systems""]",5,1.0610911846160889,False,True,True,True,0.2,0.5,1.0,0.9999999403953552,True,True
topic-1316,banking systems,financial systems,hybrid_fusion,Banking Infrastructure,"[""Banking Infrastructure"", ""Financial Systems"", ""Money Transfer Systems"", ""Payment Processing Systems"", ""Cash Management Systems""]",5,2.874678373336792,False,True,True,True,0.2,0.5,1.0,1.000000238418579,True,True
topic-1316,banking systems,financial systems,mas_base,banking system,"[""banking system"", ""banking"", ""Banking Infrastructure"", ""banking industry"", ""Financial Systems""]",5,1.051729679107666,False,True,False,True,0.2,0.2,1.0,1.000000238418579,False,True
topic-1316,banking systems,financial systems,mas_llm_ranker,banking system,"[""banking system"", ""banks"", ""bank"", ""bank account"", ""bankbook""]",5,2.788496494293213,False,False,False,False,0.0,0.0,0.6451612903225806,0.7162613868713379,False,False
topic-1316,banking systems,financial systems,mas_safe_hybrid,banking system,"[""banking system"", ""Banking Infrastructure"", ""banking"", ""banks"", ""banking industry""]",5,4.694798707962036,False,False,False,False,0.0,0.0,0.6451612903225806,0.7162613868713379,False,False
topic-1318,primary education,elementary education,same_term,primary education,"[""primary education""]",1,1.6689300537109375e-06,False,False,False,False,0.0,0.0,0.7567567567567568,0.747912585735321,False,False
topic-1318,primary education,elementary education,wordnet_direct,,[],0,2.694129943847656e-05,False,False,False,False,0.0,0.0,0.0,0.1819786131381988,False,False
topic-1318,primary education,elementary education,embedding_wordnet,primary school,"[""primary school"", ""secondary education"", ""elementary education"", ""secondary school"", ""education""]",5,0.0160152912139892,False,True,True,True,0.2,0.3333333333333333,1.0,1.000000238418579,True,True
topic-1318,primary education,elementary education,llm_zero_shot,elementary school,"[""elementary school"", ""basic education"", ""kindergarten"", ""early childhood education"", ""first grade""]",5,0.6269340515136719,False,False,False,False,0.0,0.0,0.7027027027027026,0.820649266242981,False,False
topic-1318,primary education,elementary education,llm_expansion,elementary school,"[""elementary school"", ""kindergarten"", ""elementary education"", ""preschool"", ""early childhood""]",5,0.8417987823486328,False,True,True,True,0.2,0.3333333333333333,1.0,1.000000238418579,True,True
topic-1318,primary education,elementary education,llm_rerank,elementary education,"[""elementary education"", ""kindergarten education"", ""initial education"", ""early childhood education"", ""basic education""]",5,0.9257771968841552,True,True,True,True,0.2,1.0,1.0,1.000000238418579,True,True
topic-1318,primary education,elementary education,hybrid_fusion,Elementary Education,"[""Elementary Education"", ""schooling"", ""Pre-Primary Education"", ""Elementary Schooling"", ""Kindergarten and Primary""]",5,2.795069694519043,True,True,True,True,0.2,1.0,1.0,1.0,True,True
topic-1318,primary education,elementary education,mas_base,pre-primary education,"[""pre-primary education"", ""secondary education"", ""primary school"", ""elementary education"", ""initial education""]",5,1.1568338871002195,False,True,False,True,0.2,0.25,1.0,1.0,False,True
topic-1318,primary education,elementary education,mas_llm_ranker,primary,"[""primary"", ""primary school"", ""elementary school"", ""kindergarten"", ""foundation phase""]",5,2.659954786300659,False,False,False,False,0.0,0.0,0.7027027027027026,0.820649266242981,False,False
topic-1318,primary education,elementary education,mas_safe_hybrid,primary school,"[""primary school"", ""secondary education"", ""elementary education"", ""primary"", ""secondary school""]",5,2.64624547958374,False,True,True,True,0.2,0.3333333333333333,1.0,1.000000238418579,True,True
topic-5221,bayesian statistics,Bayesian inference,same_term,bayesian statistics,"[""bayesian statistics""]",1,1.9073486328125e-06,False,False,False,False,0.0,0.0,0.5945945945945945,0.8787760734558105,False,False
topic-5221,bayesian statistics,Bayesian inference,wordnet_direct,,[],0,4.0531158447265625e-05,False,False,False,False,0.0,0.0,0.0,0.0694945827126503,False,False
topic-5221,bayesian statistics,Bayesian inference,embedding_wordnet,bayesian,"[""bayesian"", ""bayes' theorem"", ""bayes"", ""bayes' postulate"", ""probabilism""]",5,0.015650987625122,False,False,False,False,0.0,0.0,0.6153846153846154,0.90566885471344,False,False
topic-5221,bayesian statistics,Bayesian inference,llm_zero_shot,Probability Theory,"[""Probability Theory"", ""Inferential Statistics"", ""Bayesian Analysis"", ""Probabilistic Modeling"", ""Statistical Inference""]",5,0.6677823066711426,False,False,False,False,0.0,0.0,0.717948717948718,0.8809241056442261,False,False
topic-5221,bayesian statistics,Bayesian inference,llm_expansion,bayes' theorem,"[""bayes' theorem"", ""probability theory"", ""bayesian"", ""theory of probability"", ""probabilistically""]",5,0.9066545963287354,False,False,False,False,0.0,0.0,0.6153846153846154,0.90566885471344,False,False
topic-5221,bayesian statistics,Bayesian inference,llm_rerank,Bayesian inference,"[""Bayesian inference"", ""Posterior distribution"", ""Probabilistic modeling"", ""Empirical Bayes method"", ""Inferential statistics""]",5,1.0057311058044434,True,True,True,True,0.2,1.0,1.0,1.0000001192092896,True,True
topic-5221,bayesian statistics,Bayesian inference,hybrid_fusion,Bayes' theorem,"[""Bayes' theorem"", ""Bayesian inference"", ""Probabilistic inference"", ""Statistical inference"", ""Probabilistic modeling""]",5,3.0168721675872803,False,True,True,True,0.2,0.5,1.0,1.0000001192092896,True,True
topic-5221,bayesian statistics,Bayesian inference,mas_base,bayesian,"[""bayesian"", ""Bayes' theorem"", ""bayes' postulate"", ""statistics"", ""Probabilistic inference""]",5,1.000680923461914,False,False,False,False,0.0,0.0,0.6829268292682926,0.90566885471344,False,False
topic-5221,bayesian statistics,Bayesian inference,mas_llm_ranker,bayesian,"[""bayesian"", ""statistics"", ""posterior"", ""probabilism"", ""probabilistic""]",5,3.708888053894043,False,False,False,False,0.0,0.0,0.6153846153846154,0.90566885471344,False,False
topic-5221,bayesian statistics,Bayesian inference,mas_safe_hybrid,bayesian,"[""bayesian"", ""Bayesian inference"", ""bayes' theorem"", ""bayes"", ""probabilism""]",5,3.503115177154541,False,True,True,True,0.2,0.5,1.0,1.0000001192092896,True,True
topic-4283,corporate policy and strategy,business strategy,same_term,corporate policy and strategy,"[""corporate policy and strategy""]",1,1.6689300537109375e-06,False,False,False,False,0.0,0.0,0.4782608695652174,0.720454752445221,False,False
topic-4283,corporate policy and strategy,business strategy,wordnet_direct,,[],0,3.457069396972656e-05,False,False,False,False,0.0,0.0,0.0,0.156777411699295,False,False
topic-4283,corporate policy and strategy,business strategy,embedding_wordnet,strategics,"[""strategics"", ""strategy"", ""economic policy"", ""policy-making"", ""strategic""]",5,0.0182304382324218,False,False,False,False,0.0,0.0,0.64,0.7559796571731567,False,False
topic-4283,corporate policy and strategy,business strategy,llm_zero_shot,Business Plan,"[""Business Plan"", ""Organizational Framework"", ""Corporate Direction"", ""Strategic Guidelines"", ""Enterprise Vision""]",5,0.607529878616333,False,False,False,False,0.0,0.0,0.6666666666666667,0.7386700510978699,False,False
topic-4283,corporate policy and strategy,business strategy,llm_expansion,business organization,"[""business organization"", ""strategy"", ""business"", ""framework"", ""business enterprise""]",5,0.8347146511077881,False,False,False,False,0.0,0.0,0.6666666666666667,0.7559796571731567,False,False
topic-4283,corporate policy and strategy,business strategy,llm_rerank,Corporate Vision,"[""Corporate Vision"", ""Strategic Direction"", ""Company Philosophy"", ""Business Plan"", ""Management Structure""]",5,0.8945012092590332,False,False,False,False,0.0,0.0,0.6666666666666667,0.7386700510978699,False,False
topic-4283,corporate policy and strategy,business strategy,hybrid_fusion,Enterprise Strategy,"[""Enterprise Strategy"", ""Strategic plan"", ""Corporate Vision"", ""Corporate governance"", ""Strategic Direction""]",5,2.7645809650421143,False,False,False,False,0.0,0.0,0.6666666666666667,0.8081185817718506,False,False
topic-4283,corporate policy and strategy,business strategy,mas_base,Corporate Vision,"[""Corporate Vision"", ""Strategic Direction"", ""economic policy"", ""strategy"", ""corporate""]",5,0.9459574222564696,False,False,False,False,0.0,0.0,0.64,0.7559796571731567,False,False
topic-4283,corporate policy and strategy,business strategy,mas_llm_ranker,corporate,"[""corporate"", ""strategy"", ""policy"", ""strategic"", ""corporation""]",5,3.5450663566589355,False,False,False,False,0.0,0.0,0.64,0.7559796571731567,False,False
topic-4283,corporate policy and strategy,business strategy,mas_safe_hybrid,corporate,"[""corporate"", ""strategy"", ""Corporate Vision"", ""policy"", ""strategic""]",5,3.518706083297729,False,False,False,False,0.0,0.0,0.64,0.7559796571731567,False,False
topic-1998,business communication and ethics,corporate communication ethics,same_term,business communication and ethics,"[""business communication and ethics""]",1,2.1457672119140625e-06,False,False,False,False,0.0,0.0,0.6984126984126984,0.8661800622940063,False,False
topic-1998,business communication and ethics,corporate communication ethics,wordnet_direct,,[],0,5.7697296142578125e-05,False,False,False,False,0.0,0.0,0.0,0.1570833325386047,False,False
topic-1998,business communication and ethics,corporate communication ethics,embedding_wordnet,ethics,"[""ethics"", ""ethical"", ""ethically"", ""communication"", ""ethical motive""]",5,0.0157697200775146,False,False,False,False,0.0,0.0,0.6046511627906976,0.6426056027412415,False,False
topic-1998,business communication and ethics,corporate communication ethics,llm_zero_shot,Professional Communication,"[""Professional Communication"", ""Corporate Ethics"", ""Workplace Morality"", ""Organizational Conduct"", ""Business Protocol""]",5,0.623589277267456,False,False,False,False,0.0,0.0,0.6956521739130435,0.8386577367782593,False,False
topic-1998,business communication and ethics,corporate communication ethics,llm_expansion,professionalism,"[""professionalism"", ""communication"", ""communicating"", ""ethics"", ""communications""]",5,0.8470168113708496,False,False,False,False,0.0,0.0,0.6363636363636364,0.6426056027412415,False,False
topic-1998,business communication and ethics,corporate communication ethics,llm_rerank,Corporate Ethics,"[""Corporate Ethics"", ""Professional Communication"", ""Communication in the Workplace"", ""Interpersonal Skills for Business"", ""Management Communication""]",5,1.0111913681030271,False,False,False,False,0.0,0.0,0.6956521739130435,0.8386577367782593,False,False
topic-1998,business communication and ethics,corporate communication ethics,hybrid_fusion,Organizational Ethics,"[""Organizational Ethics"", ""Workplace Behavior and Ethics"", ""Professional Communication and Conduct"", ""Corporate Social Responsibility and Messaging"", ""Professional Communication""]",5,3.1700472831726074,False,False,False,False,0.0,0.0,0.6666666666666667,0.7321994304656982,False,False
topic-1998,business communication and ethics,corporate communication ethics,mas_base,Corporate Ethics,"[""Corporate Ethics"", ""ethics"", ""Professional Communication"", ""ethical"", ""communication""]",5,0.9774506092071532,False,False,False,False,0.0,0.0,0.6956521739130435,0.8386577367782593,False,False
topic-1998,business communication and ethics,corporate communication ethics,mas_llm_ranker,business,"[""business"", ""communication"", ""ethics"", ""communicating"", ""ethical""]",5,4.089321851730347,False,False,False,False,0.0,0.0,0.6046511627906976,0.6426056027412415,False,False
topic-1998,business communication and ethics,corporate communication ethics,mas_safe_hybrid,Corporate Ethics,"[""Corporate Ethics"", ""ethics"", ""ethical"", ""Organizational Communication"", ""Professional Communication""]",5,4.788235902786255,False,False,False,False,0.0,0.0,0.6956521739130435,0.8386577367782593,False,False
topic-5551,business modelling,business analytics,same_term,business modelling,"[""business modelling""]",1,1.6689300537109375e-06,False,False,False,False,0.0,0.0,0.6111111111111112,0.5928677320480347,False,False
topic-5551,business modelling,business analytics,wordnet_direct,,[],0,4.863739013671875e-05,False,False,False,False,0.0,0.0,0.0,0.1412751525640487,False,False
topic-5551,business modelling,business analytics,embedding_wordnet,modelling,"[""modelling"", ""modeling"", ""business organisation"", ""model"", ""modeled""]",5,0.0155344009399414,False,False,False,False,0.0,0.0,0.717948717948718,0.506914496421814,False,False
topic-5551,business modelling,business analytics,llm_zero_shot,Business Strategy,"[""Business Strategy"", ""Entrepreneurial Planning"", ""Organizational Design"", ""Market Analysis Framework"", ""Operational Structure""]",5,0.6623640060424805,False,False,False,False,0.0,0.0,0.6285714285714286,0.5308810472488403,False,False
topic-5551,business modelling,business analytics,llm_expansion,market analysis,"[""market analysis"", ""entrepreneurial"", ""organizational"", ""business enterprise"", ""entrepreneur""]",5,0.8524718284606934,False,False,False,False,0.0,0.0,0.7027027027027026,0.5581046342849731,False,False
topic-5551,business modelling,business analytics,llm_rerank,Commercial Model,"[""Commercial Model"", ""Business Strategy"", ""Enterprise Architecture"", ""Organizational Design"", ""Market Analysis and Planning""]",5,0.9726266860961914,False,False,False,False,0.0,0.0,0.6285714285714286,0.513171374797821,False,False
topic-5551,business modelling,business analytics,hybrid_fusion,Enterprise Modelling,"[""Enterprise Modelling"", ""Market Modeling"", ""Business Architecture"", ""Operational Modeling"", ""Business Strategy""]",5,2.8683974742889404,False,False,False,False,0.0,0.0,0.6285714285714286,0.5176616311073303,False,False
topic-5551,business modelling,business analytics,mas_base,modelling,"[""modelling"", ""modeling"", ""Business Strategy"", ""business organisation"", ""business enterprise""]",5,1.011965036392212,False,False,False,False,0.0,0.0,0.717948717948718,0.5563439130783081,False,False
topic-5551,business modelling,business analytics,mas_llm_ranker,business organisation,"[""business organisation"", ""Organizational Design"", ""Entrepreneurial Framework"", ""Strategic Planning"", ""Market Analysis and Planning""]",5,4.313037872314453,False,False,False,False,0.0,0.0,0.717948717948718,0.513171374797821,False,False
topic-5551,business modelling,business analytics,mas_safe_hybrid,modelling,"[""modelling"", ""business organisation"", ""modeling"", ""Business Strategy"", ""business enterprise""]",5,3.730808734893799,False,False,False,False,0.0,0.0,0.717948717948718,0.5563439130783081,False,False
topic-1320,business economics,managerial economics,same_term,business economics,"[""business economics""]",1,1.6689300537109375e-06,False,False,False,False,0.0,0.0,0.631578947368421,0.7814818620681763,False,False
topic-1320,business economics,managerial economics,wordnet_direct,,[],0,3.5762786865234375e-05,False,False,False,False,0.0,0.0,0.0,0.1443584114313125,False,False
topic-1320,business economics,managerial economics,embedding_wordnet,economics,"[""economics"", ""economic"", ""economic science"", ""economy"", ""economic theory""]",5,0.0156221389770507,False,False,False,False,0.0,0.0,0.6206896551724138,0.7711800336837769,False,False
topic-1320,business economics,managerial economics,llm_zero_shot,commercial economics,"[""commercial economics"", ""economic management"", ""organizational economics"", ""corporate finance"", ""management economics""]",5,0.6142432689666748,False,False,False,False,0.0,0.0,0.8,0.9093148708343506,False,False
topic-1320,business economics,managerial economics,llm_expansion,economics,"[""economics"", ""economic"", ""economic science"", ""corporate finance"", ""management""]",5,0.8384501934051514,False,False,False,False,0.0,0.0,0.6206896551724138,0.7711800336837769,False,False
topic-1320,business economics,managerial economics,llm_rerank,commercial economics,"[""commercial economics"", ""firm economics"", ""organizational economics"", ""market economics"", ""entrepreneurial economics""]",5,0.9371144771575928,False,False,False,False,0.0,0.0,0.8,0.7940254211425781,False,False
topic-1320,business economics,managerial economics,hybrid_fusion,Economic Policy,"[""Economic Policy"", ""Corporate Economics"", ""Commercial Economics"", ""Organizational Economics"", ""Entrepreneurial Economics""]",5,2.68702244758606,False,False,False,False,0.0,0.0,0.8,0.7940254211425781,False,False
topic-1320,business economics,managerial economics,mas_base,economics,"[""economics"", ""firm economics"", ""economic"", ""commercial economics"", ""organizational economics""]",5,0.9655981063842772,False,False,False,False,0.0,0.0,0.8,0.7940254211425781,False,False
topic-1320,business economics,managerial economics,mas_llm_ranker,business,"[""business"", ""economics"", ""economic"", ""microeconomic"", ""macroeconomic""]",5,4.6059229373931885,False,False,False,False,0.0,0.0,0.6666666666666667,0.7711800336837769,False,False
topic-1320,business economics,managerial economics,mas_safe_hybrid,economics,"[""economics"", ""economic"", ""Commercial Economics"", ""Organizational Economics"", ""economic science""]",5,3.595232486724853,False,False,False,False,0.0,0.0,0.8,0.7940254211425781,False,False
topic-1321,business ethics,corporate ethics,same_term,business ethics,"[""business ethics""]",1,1.9073486328125e-06,False,False,False,False,0.0,0.0,0.5161290322580645,0.8762365579605103,False,False
topic-1321,business ethics,corporate ethics,wordnet_direct,,[],0,3.0517578125e-05,False,False,False,False,0.0,0.0,0.0,0.1891384571790695,False,False
topic-1321,business ethics,corporate ethics,embedding_wordnet,ethics,"[""ethics"", ""ethical"", ""ethically"", ""ethical motive"", ""moral philosophy""]",5,0.0171847343444824,False,False,False,False,0.0,0.0,0.5454545454545454,0.7825384140014648,False,False
topic-1321,business ethics,corporate ethics,llm_zero_shot,Corporate Morality,"[""Corporate Morality"", ""Professional Conduct"", ""Moral Business Practices"", ""Ethical Business Behavior"", ""Business Integrity""]",5,0.6509864330291748,False,False,False,False,0.0,0.0,0.6470588235294117,0.804072380065918,False,False
topic-1321,business ethics,corporate ethics,llm_expansion,morality,"[""morality"", ""integrity"", ""professionalism"", ""moralisation"", ""moralize""]",5,0.8742425441741943,False,False,False,False,0.0,0.0,0.3571428571428571,0.5353942513465881,False,False
topic-1321,business ethics,corporate ethics,llm_rerank,Business Morality,"[""Business Morality"", ""Moral Business Practices"", ""Ethical Management"", ""Socially Responsible Business"", ""Corporate Social Responsibility""]",5,0.9721834659576416,False,False,False,False,0.0,0.0,0.5106382978723405,0.7555348873138428,False,False
topic-1321,business ethics,corporate ethics,hybrid_fusion,Ethical Business Practice,"[""Ethical Business Practice"", ""ethics in commerce"", ""business morality"", ""moral business practices"", ""moral principles in business""]",5,2.9471635818481445,False,False,False,False,0.0,0.0,0.4499999999999999,0.7174670696258545,False,False
topic-1321,business ethics,corporate ethics,mas_base,ethics,"[""ethics"", ""Business Morality"", ""Moral Business Practices"", ""ethical"", ""Ethical Management""]",5,1.1797285079956057,False,False,False,False,0.0,0.0,0.5454545454545454,0.7825384140014648,False,False
topic-1321,business ethics,corporate ethics,mas_llm_ranker,moral philosophy,"[""moral philosophy"", ""moral obligation"", ""morality"", ""Professional Conduct"", ""Organizational Morality""]",5,3.5341551303863525,False,False,False,False,0.0,0.0,0.4375,0.6591160893440247,False,False
topic-1321,business ethics,corporate ethics,mas_safe_hybrid,ethics,"[""ethics"", ""Moral Business Practices"", ""Ethical Management"", ""ethical"", ""moral philosophy""]",5,4.619131326675415,False,False,False,False,0.0,0.0,0.5454545454545454,0.7825384140014648,False,False
topic-2532,business studies,business administration,same_term,business studies,"[""business studies""]",1,1.6689300537109375e-06,False,False,False,False,0.0,0.0,0.6153846153846154,0.6260528564453125,False,False
topic-2532,business studies,business administration,wordnet_direct,,[],0,3.409385681152344e-05,False,False,False,False,0.0,0.0,0.0,0.1878536343574524,False,False
topic-2532,business studies,business administration,embedding_wordnet,business school,"[""business school"", ""business"", ""business firm"", ""business enterprise"", ""business activity""]",5,0.0178678035736084,False,False,False,False,0.0,0.0,0.65,0.6872696876525879,False,False
topic-2532,business studies,business administration,llm_zero_shot,Business Education,"[""Business Education"", ""Commercial Science"", ""Management Studies"", ""Organizational Behavior"", ""Economic and Social Sciences""]",5,0.6416769027709961,False,False,False,False,0.0,0.0,0.7317073170731707,0.6230489015579224,False,False
topic-2532,business studies,business administration,llm_expansion,corporate finance,"[""corporate finance"", ""business school"", ""finance"", ""finance company"", ""management""]",5,0.8337433338165283,False,False,False,False,0.0,0.0,0.5789473684210527,0.6687067747116089,False,False
topic-2532,business studies,business administration,llm_rerank,Management Studies,"[""Management Studies"", ""Business Administration"", ""Economics and Commerce"", ""Economic and Social Sciences"", ""Market and Industry Analysis""]",5,0.973841428756714,False,True,True,True,0.2,0.5,1.0,0.9999997615814208,True,True
topic-2532,business studies,business administration,hybrid_fusion,Management Studies,"[""Management Studies"", ""Organizational Studies"", ""Entrepreneurship Studies"", ""Economics and Business"", ""Business Administration""]",5,2.78434419631958,False,True,False,True,0.2,0.2,1.0,1.0,False,True
topic-2532,business studies,business administration,mas_base,business school,"[""business school"", ""Management Studies"", ""business firm"", ""business"", ""business enterprise""]",5,0.9965331554412842,False,False,False,False,0.0,0.0,0.6190476190476191,0.6872696876525879,False,False
topic-2532,business studies,business administration,mas_llm_ranker,Business Administration,"[""Business Administration"", ""Management Studies"", ""Commercial Science"", ""Economic and Social Sciences"", ""field of study""]",5,2.6962037086486816,True,True,True,True,0.2,1.0,1.0,0.9999997615814208,True,True
topic-2532,business studies,business administration,mas_safe_hybrid,Management Studies,"[""Management Studies"", ""Business Administration"", ""business school"", ""business firm"", ""business enterprise""]",5,2.6507656574249268,False,True,True,True,0.2,0.5,1.0,0.9999999403953552,True,True
topic-15222,Firm relocation,business relocation,same_term,Firm relocation,"[""Firm relocation""]",1,2.1457672119140625e-06,False,False,False,False,0.0,0.0,0.7058823529411764,0.8464537858963013,False,False
topic-15222,Firm relocation,business relocation,wordnet_direct,,[],0,2.5510787963867188e-05,False,False,False,False,0.0,0.0,0.0,0.0544703230261802,False,False
topic-15222,Firm relocation,business relocation,embedding_wordnet,relocation,"[""relocation"", ""moving company"", ""relocate"", ""relocated"", ""firm""]",5,0.0159132480621337,False,False,False,False,0.0,0.0,0.6896551724137931,0.8614787459373474,False,False
topic-15222,Firm relocation,business relocation,llm_zero_shot,Corporate Relocation,"[""Corporate Relocation"", ""Business Reassignment"", ""Organizational Move"", ""Company Redeployment"", ""Enterprise Relocation""]",5,0.660874605178833,False,False,False,False,0.0,0.0,0.7,0.9007318615913392,False,False
topic-15222,Firm relocation,business relocation,llm_expansion,moving company,"[""moving company"", ""relocation"", ""reorganization"", ""relocate"", ""organizational""]",5,0.830164909362793,False,False,False,False,0.0,0.0,0.6896551724137931,0.8614787459373474,False,False
topic-15222,Firm relocation,business relocation,llm_rerank,Company move,"[""Company move"", ""Business transfer"", ""Corporate reassignment"", ""Workforce realignment"", ""Enterprise migration""]",5,0.9610269069671632,False,False,False,False,0.0,0.0,0.6666666666666667,0.7446472644805908,False,False
topic-15222,Firm relocation,business relocation,hybrid_fusion,Relocation,"[""Relocation"", ""Corporate Relocation"", ""Business relocation"", ""Company move"", ""Employer-Sponsored Move""]",5,2.957818984985352,False,True,True,True,0.2,0.3333333333333333,1.0,1.000000238418579,True,True
topic-15222,Firm relocation,business relocation,mas_base,relocation,"[""relocation"", ""relocate"", ""moving company"", ""Company move"", ""relocated""]",5,0.9305570125579834,False,False,False,False,0.0,0.0,0.6896551724137931,0.8614787459373474,False,False
topic-15222,Firm relocation,business relocation,mas_llm_ranker,relocation,"[""relocation"", ""relocate"", ""migrate"", ""move"", ""migration""]",5,3.1884446144104004,False,False,False,False,0.0,0.0,0.6896551724137931,0.8614787459373474,False,False
topic-15222,Firm relocation,business relocation,mas_safe_hybrid,relocation,"[""relocation"", ""relocate"", ""moving company"", ""relocated"", ""Company reorganization""]",5,3.761003017425537,False,False,False,False,0.0,0.0,0.6896551724137931,0.8614787459373474,False,False
topic-7801,companies,businesses,same_term,companies,"[""companies""]",1,1.9073486328125e-06,False,False,False,False,0.0,0.0,0.3157894736842105,0.7675407528877258,False,False
topic-7801,companies,businesses,wordnet_direct,company,"[""company"", ""companionship"", ""fellowship"", ""society"", ""troupe"", ""caller"", ""party"", ""ship's company"", ""companion"", ""accompany"", ""keep company""]",11,0.0002722740173339,False,False,False,False,0.0,0.0,0.3529411764705882,0.6884815096855164,False,False
topic-7801,companies,businesses,embedding_wordnet,company,"[""company"", ""corporate"", ""corporation"", ""corp"", ""industry""]",5,0.0168640613555908,False,False,False,False,0.0,0.0,0.3333333333333333,0.727892279624939,False,False
topic-7801,companies,businesses,llm_zero_shot,Firms,"[""Firms"", ""Enterprises"", ""Organizations"", ""Businesses"", ""Corporations""]",5,0.6104393005371094,False,True,False,True,0.2,0.25,1.0,1.0,False,True
topic-7801,companies,businesses,llm_expansion,corporate,"[""corporate"", ""corporation"", ""business firm"", ""conglomerate"", ""organizational""]",5,0.8234968185424805,False,False,False,False,0.0,0.0,0.6956521739130435,0.7290070056915283,False,False
topic-7801,companies,businesses,llm_rerank,corporations,"[""corporations"", ""firms"", ""businesses"", ""enterprises"", ""organizations""]",5,0.8865818977355957,False,True,True,True,0.2,0.3333333333333333,1.0,1.0,True,True
topic-7801,companies,businesses,hybrid_fusion,corporations,"[""corporations"", ""firms"", ""businesses"", ""enterprises"", ""organizations""]",5,2.9199979305267334,False,True,True,True,0.2,0.3333333333333333,1.0,1.0,True,True
topic-7801,companies,businesses,mas_base,company,"[""company"", ""corporations"", ""corporate"", ""firms"", ""corporation""]",5,0.8549418449401855,False,False,False,False,0.0,0.0,0.2727272727272727,0.7483863830566406,False,False
topic-7801,companies,businesses,mas_llm_ranker,company,"[""company"", ""corporation"", ""corp"", ""business firm"", ""limited company""]",5,2.721261739730835,False,False,False,False,0.0,0.0,0.6956521739130435,0.7290070056915283,False,False
topic-7801,companies,businesses,mas_safe_hybrid,company,"[""company"", ""firms"", ""corporations"", ""corporate"", ""corporation""]",5,3.764039516448975,False,False,False,False,0.0,0.0,0.2727272727272727,0.7483863830566406,False,False
topic-8685,bounded rationality,limited rationality,same_term,bounded rationality,"[""bounded rationality""]",1,1.9073486328125e-06,False,False,False,False,0.0,0.0,0.736842105263158,0.691673755645752,False,False
topic-8685,bounded rationality,limited rationality,wordnet_direct,,[],0,4.9591064453125e-05,False,False,False,False,0.0,0.0,0.0,0.2027851045131683,False,False
topic-8685,bounded rationality,limited rationality,embedding_wordnet,rationalness,"[""rationalness"", ""boundedness"", ""rational"", ""rationality"", ""bounded""]",5,0.0157108306884765,False,False,False,False,0.0,0.0,0.7333333333333334,0.8427515029907227,False,False
topic-8685,bounded rationality,limited rationality,llm_zero_shot,Limited Rationality,"[""Limited Rationality"", ""Pragmatic Rationality"", ""Restricted Rationality"", ""Practical Rationality"", ""Constrained Rationality""]",5,0.7050049304962158,True,True,True,True,0.2,1.0,1.0,1.000000238418579,True,True
topic-8685,bounded rationality,limited rationality,llm_expansion,rationalness,"[""rationalness"", ""rationality"", ""rationalization"", ""rationalisation"", ""rationalise""]",5,0.9626572132110596,False,False,False,False,0.0,0.0,0.7333333333333334,0.8427515029907227,False,False
topic-8685,bounded rationality,limited rationality,llm_rerank,Restricted Rationality,"[""Restricted Rationality"", ""Limited Rationality"", ""Constrained Rationality"", ""Approximate Rationality"", ""Pragmatically Limited Rationality""]",5,1.183665752410889,False,True,True,True,0.2,0.5,1.0,1.000000238418579,True,True
topic-8685,bounded rationality,limited rationality,hybrid_fusion,Restricted Rationality,"[""Restricted Rationality"", ""Limited Rationality"", ""rational approximation"", ""Simplified Rationality"", ""pragmatic boundedness""]",5,3.006037712097168,False,True,True,True,0.2,0.5,1.0,1.000000238418579,True,True
topic-8685,bounded rationality,limited rationality,mas_base,Limited Rationality,"[""Limited Rationality"", ""Restricted Rationality"", ""Constrained Rationality"", ""rationality"", ""rational""]",5,1.0885164737701416,True,True,True,True,0.2,1.0,1.0,1.0000001192092896,True,True
topic-8685,bounded rationality,limited rationality,mas_llm_ranker,boundedness,"[""boundedness"", ""rationality"", ""bounded"", ""Pragmatic Rationality"", ""Restricted Rationality""]",5,3.686501026153565,False,False,False,False,0.0,0.0,0.7804878048780488,0.8900645971298218,False,False
topic-8685,bounded rationality,limited rationality,mas_safe_hybrid,boundedness,"[""boundedness"", ""Restricted Rationality"", ""Limited Rationality"", ""bounded"", ""rationality""]",5,4.837914705276489,False,True,True,True,0.2,0.3333333333333333,1.0,1.0000001192092896,True,True
topic-5681,information systems management,IT management,same_term,information systems management,"[""information systems management""]",1,1.6689300537109375e-06,False,False,False,False,0.0,0.0,0.6046511627906976,0.7540761828422546,False,False
topic-5681,information systems management,IT management,wordnet_direct,,[],0,2.9325485229492188e-05,False,False,False,False,0.0,0.0,0.0,0.1806855201721191,False,False
topic-5681,information systems management,IT management,embedding_wordnet,information system,"[""information system"", ""information technology"", ""information processing system"", ""information science"", ""electronic information service""]",5,0.0156631469726562,False,False,False,False,0.0,0.0,0.3870967741935484,0.6074286699295044,False,False
topic-5681,information systems management,IT management,llm_zero_shot,IT Management,"[""IT Management"", ""Computer Systems Administration"", ""Information Technology Management"", ""Digital Asset Management"", ""Technology Governance""]",5,0.6285462379455566,True,True,True,True,0.2,1.0,1.0,1.0,True,True
topic-5681,information systems management,IT management,llm_expansion,information technology,"[""information technology"", ""management"", ""technology administration"", ""computer system"", ""system administrator""]",5,0.8614673614501953,False,False,False,False,0.0,0.0,0.8695652173913043,0.7329800724983215,False,False
topic-5681,information systems management,IT management,llm_rerank,Information Technology Management,"[""Information Technology Management"", ""Organizational Information Systems"", ""Data Administration"", ""Administrative Computing"", ""Technological Operations Management""]",5,1.0318856239318848,False,False,False,False,0.0,0.0,0.5652173913043479,0.77135169506073,False,False
topic-5681,information systems management,IT management,hybrid_fusion,Organizational Information Systems Management,"[""Organizational Information Systems Management"", ""Information Technology Management"", ""Organizational Information Management"", ""IT management"", ""Computer systems management""]",5,3.044001579284668,False,True,False,True,0.2,0.25,1.0,1.0000001192092896,False,True
topic-5681,information systems management,IT management,mas_base,Information Technology Management,"[""Information Technology Management"", ""Organizational Information Systems"", ""information system"", ""information technology"", ""information science""]",5,1.0688762664794922,False,False,False,False,0.0,0.0,0.5652173913043479,0.77135169506073,False,False
topic-5681,information systems management,IT management,mas_llm_ranker,information system,"[""information system"", ""management control"", ""technology administration"", ""database management"", ""software system""]",5,2.779752492904663,False,False,False,False,0.0,0.0,0.75,0.6717150211334229,False,False
topic-5681,information systems management,IT management,mas_safe_hybrid,Organizational Information Systems Management,"[""Organizational Information Systems Management"", ""information system"", ""Information Technology Management"", ""information technology"", ""information science""]",5,2.876870632171631,False,False,False,False,0.0,0.0,0.5652173913043479,0.7713518142700195,False,False
topic-2536,taxes,levies,same_term,taxes,"[""taxes""]",1,1.6689300537109375e-06,False,False,False,False,0.0,0.0,0.3636363636363636,0.281139075756073,False,False
topic-2536,taxes,levies,wordnet_direct,tax,"[""tax"", ""taxation"", ""revenue enhancement"", ""taxis"", ""assess"", ""task""]",6,0.0002017021179199,False,False,False,False,0.0,0.0,0.3636363636363636,0.3747373819351196,False,False
topic-2536,taxes,levies,embedding_wordnet,tax,"[""tax"", ""taxation"", ""tax revenue"", ""irs"", ""tax law""]",5,0.015573501586914,False,False,False,False,0.0,0.0,0.4444444444444444,0.2968125641345978,False,False
topic-2536,taxes,levies,llm_zero_shot,Taxes,"[""Taxes"", ""Duties"", ""Assessments"", ""Imposts"", ""Contributions""]",5,0.6321687698364258,False,False,False,False,0.0,0.0,0.5,0.3295034766197204,False,False
topic-2536,taxes,levies,llm_expansion,tax,"[""tax"", ""assessment"", ""tax revenue"", ""taxation"", ""special assessment""]",5,0.8434534072875977,False,False,False,False,0.0,0.0,0.3529411764705882,0.2968125641345978,False,False
topic-2536,taxes,levies,llm_rerank,Revenues,"[""Revenues"", ""Tariffs"", ""Surcharges"", ""Duties"", ""Contributions""]",5,0.9033899307250975,False,False,False,False,0.0,0.0,0.5714285714285714,0.3732726573944092,False,False
topic-2536,taxes,levies,hybrid_fusion,Revenue,"[""Revenue"", ""Revenues"", ""Tariff"", ""Tariffs"", ""Fees""]",5,2.9254934787750244,False,False,False,False,0.0,0.0,0.6,0.3732726275920868,False,False
topic-2536,taxes,levies,mas_base,tax,"[""tax"", ""taxation"", ""tax revenue"", ""tax law"", ""tax income""]",5,0.9478070735931396,False,False,False,False,0.0,0.0,0.3529411764705882,0.2968125641345978,False,False
topic-2536,taxes,levies,mas_llm_ranker,income tax,"[""income tax"", ""tax revenue"", ""tax income"", ""tax bill"", ""tax return""]",5,5.1740827560424805,False,False,False,False,0.0,0.0,0.3529411764705882,0.1734799891710281,False,False
topic-2536,taxes,levies,mas_safe_hybrid,tax,"[""tax"", ""income tax"", ""tax revenue"", ""taxation"", ""tax income""]",5,5.635711669921875,False,False,False,False,0.0,0.0,0.3529411764705882,0.2968125641345978,False,False
topic-1327,tax law,fiscal law,same_term,tax law,"[""tax law""]",1,1.6689300537109375e-06,False,False,False,False,0.0,0.0,0.5882352941176471,0.7083753347396851,False,False
topic-1327,tax law,fiscal law,wordnet_direct,,[],0,8.702278137207031e-05,False,False,False,False,0.0,0.0,0.0,0.1457043886184692,False,False
topic-1327,tax law,fiscal law,embedding_wordnet,tax,"[""tax"", ""taxation"", ""tax policy"", ""taxability"", ""taxable""]",5,0.0181012153625488,False,False,False,False,0.0,0.0,0.3,0.6062184572219849,False,False
topic-1327,tax law,fiscal law,llm_zero_shot,Revenue Code,"[""Revenue Code"", ""Tax Legislation"", ""Statutory Taxation"", ""Income Regulation"", ""Fiscal Policy""]",5,0.6353766918182373,False,False,False,False,0.0,0.0,0.6956521739130435,0.7800379991531372,False,False
topic-1327,tax law,fiscal law,llm_expansion,tax policy,"[""tax policy"", ""tax"", ""taxation"", ""tax assessment"", ""direct tax""]",5,0.8343522548675537,False,False,False,False,0.0,0.0,0.4,0.6062184572219849,False,False
topic-1327,tax law,fiscal law,llm_rerank,Tax Legislation,"[""Tax Legislation"", ""Income Tax Act"", ""Revenue Code"", ""Statutory Provisions"", ""Financial Regulation""]",5,1.0110340118408203,False,False,False,False,0.0,0.0,0.5333333333333333,0.6434149742126465,False,False
topic-1327,tax law,fiscal law,hybrid_fusion,Taxation Law,"[""Taxation Law"", ""Tax Act"", ""Tax statute"", ""Tax legislation"", ""Jurisprudence of taxation""]",5,3.153448820114136,False,False,False,False,0.0,0.0,0.4545454545454546,0.7151880860328674,False,False
topic-1327,tax law,fiscal law,mas_base,tax,"[""tax"", ""Tax Legislation"", ""taxation"", ""tax policy"", ""taxable""]",5,0.9329867362976074,False,False,False,False,0.0,0.0,0.3199999999999999,0.6434149742126465,False,False
topic-1327,tax law,fiscal law,mas_llm_ranker,Income Tax Act,"[""Income Tax Act"", ""Revenue Code"", ""Statutory Provisions"", ""Tax Legislation"", ""tax""]",5,2.121737003326416,False,False,False,False,0.0,0.0,0.4166666666666666,0.6434149742126465,False,False
topic-1327,tax law,fiscal law,mas_safe_hybrid,Income Tax Act,"[""Income Tax Act"", ""tax"", ""Tax Legislation"", ""taxation"", ""tax policy""]",5,4.940389633178711,False,False,False,False,0.0,0.0,0.4166666666666666,0.6434149742126465,False,False
topic-1328,investment,investing,same_term,investment,"[""investment""]",1,1.9073486328125e-06,False,False,False,False,0.0,0.0,0.736842105263158,0.9028321504592896,False,False
topic-1328,investment,investing,wordnet_direct,investing,"[""investing"", ""investment funds"", ""investiture""]",3,0.0002200603485107,True,True,True,True,0.2,1.0,1.0,1.0,True,True
topic-1328,investment,investing,embedding_wordnet,investing,"[""investing"", ""invest"", ""investiture"", ""investor"", ""investment funds""]",5,0.0172085762023925,True,True,True,True,0.2,1.0,1.0,1.0,True,True
topic-1328,investment,investing,llm_zero_shot,Outlay,"[""Outlay"", ""Expenditure"", ""Commitment"", ""Allocation"", ""Capitalization""]",5,0.5993857383728027,False,False,False,False,0.0,0.0,0.3478260869565217,0.3933474123477936,False,False
topic-1328,investment,investing,llm_expansion,return on investment,"[""return on investment"", ""capital expenditure"", ""financial backing"", ""funding"", ""return on invested capital""]",5,0.8258445262908936,False,False,False,False,0.0,0.0,0.5,0.7168512344360352,False,False
topic-1328,investment,investing,llm_rerank,Capital expenditure,"[""Capital expenditure"", ""Expenditure"", ""Risk-taking"", ""Venture"", ""Allocation""]",5,0.8596670627593994,False,False,False,False,0.0,0.0,0.6,0.4725832343101501,False,False
topic-1328,investment,investing,hybrid_fusion,funding,"[""funding"", ""capital expenditure"", ""expenditure"", ""endowment"", ""asset acquisition""]",5,2.526485681533813,False,False,False,False,0.0,0.0,0.5,0.5184712409973145,False,False
topic-1328,investment,investing,mas_base,investing,"[""investing"", ""invest"", ""investiture"", ""investment funds"", ""investor""]",5,0.9186053276062012,True,True,True,True,0.2,1.0,1.0,1.0,True,True
topic-1328,investment,investing,mas_llm_ranker,invest,"[""invest"", ""investing"", ""funds"", ""fund"", ""mutual fund""]",5,3.7112009525299072,False,True,True,True,0.2,0.5,1.0,1.0,True,True
topic-1328,investment,investing,mas_safe_hybrid,invest,"[""invest"", ""investing"", ""investiture"", ""investor"", ""investment funds""]",5,3.0620763301849365,False,True,True,True,0.2,0.5,1.0,1.0,True,True
topic-11441,investor behaviour,Investor psychology,same_term,investor behaviour,"[""investor behaviour""]",1,2.1457672119140625e-06,False,False,False,False,0.0,0.0,0.5945945945945945,0.8171998858451843,False,False
topic-11441,investor behaviour,Investor psychology,wordnet_direct,,[],0,3.0517578125e-05,False,False,False,False,0.0,0.0,0.0,0.1061526611447334,False,False
topic-11441,investor behaviour,Investor psychology,embedding_wordnet,investor,"[""investor"", ""corporate investor"", ""investment"", ""investing"", ""invest""]",5,0.0158736705780029,False,False,False,False,0.0,0.0,0.5925925925925926,0.7401723861694336,False,False
topic-11441,investor behaviour,Investor psychology,llm_zero_shot,Investment Patterns,"[""Investment Patterns"", ""Portfolio Choices"", ""Risk Tendencies"", ""Financial Decisions"", ""Asset Allocation Habits""]",5,0.6535921096801758,False,False,False,False,0.0,0.0,0.4736842105263158,0.5875126719474792,False,False
topic-11441,investor behaviour,Investor psychology,llm_expansion,investment,"[""investment"", ""investing"", ""investor"", ""invest"", ""return on investment""]",5,0.8793764114379883,False,False,False,False,0.0,0.0,0.5925925925925926,0.7401723861694336,False,False
topic-11441,investor behaviour,Investor psychology,llm_rerank,Investment behavior,"[""Investment behavior"", ""Financial risk attitude"", ""Market participation habits"", ""Financial decision-making process"", ""Asset allocation choice""]",5,1.0086474418640137,False,False,False,False,0.0,0.0,0.4736842105263158,0.714485764503479,False,False
topic-11441,investor behaviour,Investor psychology,hybrid_fusion,investment behavior,"[""investment behavior"", ""investor psychology"", ""Investment Habits"", ""financier behavior"", ""investment decision-making""]",5,3.093165636062622,False,True,True,True,0.2,0.5,1.0,1.0000001192092896,True,True
topic-11441,investor behaviour,Investor psychology,mas_base,Investment behavior,"[""Investment behavior"", ""investor"", ""corporate investor"", ""investment"", ""investing""]",5,1.0105831623077393,False,False,False,False,0.0,0.0,0.5925925925925926,0.7401723861694336,False,False
topic-11441,investor behaviour,Investor psychology,mas_llm_ranker,Investment behavior,"[""Investment behavior"", ""Risk-taking propensity"", ""Financial decision-making patterns"", ""Portfolio management habits"", ""Capital allocation tendencies""]",5,3.9037928581237793,False,False,False,False,0.0,0.0,0.4736842105263158,0.714485764503479,False,False
topic-11441,investor behaviour,Investor psychology,mas_safe_hybrid,Investment behavior,"[""Investment behavior"", ""investor"", ""corporate investor"", ""investment"", ""investing""]",5,4.214494466781616,False,False,False,False,0.0,0.0,0.5925925925925926,0.7401723861694336,False,False
topic-6461,mutual fund,investment fund,same_term,mutual fund,"[""mutual fund""]",1,1.9073486328125e-06,False,False,False,False,0.0,0.0,0.5384615384615384,0.8848641514778137,False,False
topic-6461,mutual fund,investment fund,wordnet_direct,mutual fund company,"[""mutual fund company"", ""open-end fund"", ""open-end investment company""]",3,9.918212890625e-05,False,False,False,False,0.0,0.0,0.5714285714285714,0.7884460687637329,False,False
topic-6461,mutual fund,investment fund,embedding_wordnet,mutual fund company,"[""mutual fund company"", ""investment funds"", ""hedge fund"", ""fund"", ""reserve fund""]",5,0.017068862915039,False,False,False,False,0.0,0.0,0.967741935483871,0.9408271312713624,False,False
topic-6461,mutual fund,investment fund,llm_zero_shot,Investment Pool,"[""Investment Pool"", ""Portfolio Fund"", ""Equity Share"", ""Mutual Investment"", ""Collective Investment""]",5,0.6434111595153809,False,False,False,False,0.0,0.0,0.7333333333333334,0.8767105340957642,False,False
topic-6461,mutual fund,investment fund,llm_expansion,investment,"[""investment"", ""investment funds"", ""portfolio"", ""investing"", ""invest""]",5,0.9395787715911864,False,False,False,False,0.0,0.0,0.967741935483871,0.9408271312713624,False,False
topic-6461,mutual fund,investment fund,llm_rerank,Common-Wealth Fund,"[""Common-Wealth Fund"", ""Mutual Investment Scheme"", ""Pooled Investment Fund"", ""Pool of Funds"", ""Investment Trust""]",5,1.0577411651611328,False,False,False,False,0.0,0.0,0.8108108108108109,0.7580857276916504,False,False
topic-6461,mutual fund,investment fund,hybrid_fusion,Fund,"[""Fund"", ""Mutual Equity Fund"", ""Diversified Fund"", ""Asset Management Fund"", ""Wealth Management Fund""]",5,2.9063169956207275,False,False,False,False,0.0,0.0,0.6451612903225806,0.8303323984146118,False,False
topic-6461,mutual fund,investment fund,mas_base,Mutual Investment Fund,"[""Mutual Investment Fund"", ""mutual fund company"", ""investment funds"", ""trust fund"", ""monetary fund""]",5,1.039736032485962,False,False,False,False,0.0,0.0,0.967741935483871,0.9408271312713624,False,False
topic-6461,mutual fund,investment fund,mas_llm_ranker,investment funds,"[""investment funds"", ""fund"", ""index fund"", ""funds"", ""exchange traded fund""]",5,3.8752498626708975,False,False,False,False,0.0,0.0,0.967741935483871,0.9408271312713624,False,False
topic-6461,mutual fund,investment fund,mas_safe_hybrid,investment funds,"[""investment funds"", ""Mutual Investment Fund"", ""mutual fund company"", ""hedge fund"", ""fund""]",5,4.241346597671509,False,False,False,False,0.0,0.0,0.967741935483871,0.9408271312713624,False,False
topic-1331,policy evaluation,policy analysis,same_term,policy evaluation,"[""policy evaluation""]",1,1.6689300537109375e-06,False,False,False,False,0.0,0.0,0.625,0.8314338326454163,False,False
topic-1331,policy evaluation,policy analysis,wordnet_direct,,[],0,2.9802322387695312e-05,False,False,False,False,0.0,0.0,0.0,0.1658082604408264,False,False
topic-1331,policy evaluation,policy analysis,embedding_wordnet,policy-making,"[""policy-making"", ""policy"", ""policy change"", ""evaluation"", ""economic policy""]",5,0.0157544612884521,False,False,False,False,0.0,0.0,0.6428571428571428,0.8190839290618896,False,False
topic-1331,policy evaluation,policy analysis,llm_zero_shot,Assessment,"[""Assessment"", ""Review"", ""Analysis"", ""Evaluation"", ""Appraisal""]",5,0.5591521263122559,False,False,False,False,0.0,0.0,0.6956521739130435,0.4919396340847015,False,False
topic-1331,policy evaluation,policy analysis,llm_expansion,evaluative,"[""evaluative"", ""regulatory authority"", ""regulatory"", ""policy-making"", ""policy""]",5,0.9232738018035888,False,False,False,False,0.0,0.0,0.5714285714285714,0.8190839290618896,False,False
topic-1331,policy evaluation,policy analysis,llm_rerank,Policy Assessment,"[""Policy Assessment"", ""Policymaking Assessment"", ""Policy Implementation Analysis"", ""Public Policy Review"", ""Governance Evaluation""]",5,1.0518403053283691,False,False,False,False,0.0,0.0,0.6666666666666667,0.847309410572052,False,False
topic-1331,policy evaluation,policy analysis,hybrid_fusion,Evaluation,"[""Evaluation"", ""Policy Assessment"", ""Policymaking Assessment"", ""Assessment of Public Policy"", ""Policymaking Review""]",5,2.82552456855774,False,False,False,False,0.0,0.0,0.625,0.8275655508041382,False,False
topic-1331,policy evaluation,policy analysis,mas_base,Policy Assessment,"[""Policy Assessment"", ""policy-making"", ""evaluation"", ""Policymaking Assessment"", ""policy change""]",5,0.9905667304992676,False,False,False,False,0.0,0.0,0.6428571428571428,0.8275654315948486,False,False
topic-1331,policy evaluation,policy analysis,mas_llm_ranker,policy,"[""policy"", ""evaluation"", ""Policymaking Assessment"", ""Governance Evaluation"", ""Regulatory Analysis""]",5,4.158908367156982,False,False,False,False,0.0,0.0,0.6470588235294117,0.7929545640945435,False,False
topic-1331,policy evaluation,policy analysis,mas_safe_hybrid,Policy Assessment,"[""Policy Assessment"", ""policy"", ""Policymaking Assessment"", ""Public Policy Review"", ""policy-making""]",5,4.0870020389556885,False,False,False,False,0.0,0.0,0.625,0.8275654315948486,False,False
topic-4681,mediation,conflict resolution,same_term,mediation,"[""mediation""]",1,1.430511474609375e-06,False,False,False,False,0.0,0.0,0.3571428571428571,0.4900417327880859,False,False
topic-4681,mediation,conflict resolution,wordnet_direct,intermediation,"[""intermediation""]",1,0.0001468658447265,False,False,False,False,0.0,0.0,0.4848484848484848,0.4684318900108337,False,False
topic-4681,mediation,conflict resolution,embedding_wordnet,mediated,"[""mediated"", ""mediator"", ""intermediation"", ""intermediator"", ""intervening""]",5,0.0182869434356689,False,False,False,False,0.0,0.0,0.4848484848484848,0.4684319198131561,False,False
topic-4681,mediation,conflict resolution,llm_zero_shot,Arbitration,"[""Arbitration"", ""Negotiation"", ""Facilitation"", ""Resolution"", ""Interposition""]",5,0.6121020317077637,False,False,False,False,0.0,0.0,0.6896551724137931,0.5080157518386841,False,False
topic-4681,mediation,conflict resolution,llm_expansion,conciliation,"[""conciliation"", ""interposition"", ""arbitration"", ""arbitrational"", ""conciliate""]",5,0.8662412166595459,False,False,False,False,0.0,0.0,0.5806451612903225,0.4296505153179168,False,False
topic-4681,mediation,conflict resolution,llm_rerank,Conflict Resolution,"[""Conflict Resolution"", ""Facilitation"", ""Peacemaking"", ""Arbitration"", ""Collaborative Dispute Resolution""]",5,0.9974923133850098,True,True,True,True,0.2,1.0,1.0,1.0000001192092896,True,True
topic-4681,mediation,conflict resolution,hybrid_fusion,conflict resolution,"[""conflict resolution"", ""facilitation"", ""conciliation"", ""dispute resolution"", ""Peacemaking""]",5,2.7450942993164062,True,True,True,True,0.2,1.0,1.0,1.0000001192092896,True,True
topic-4681,mediation,conflict resolution,mas_base,mediated,"[""mediated"", ""mediator"", ""intermediation"", ""intermediator"", ""delegation""]",5,0.9908456802368164,False,False,False,False,0.0,0.0,0.4848484848484848,0.4684319198131561,False,False
topic-4681,mediation,conflict resolution,mas_llm_ranker,mediated,"[""mediated"", ""mediator"", ""intermediation"", ""intermediator"", ""involvement""]",5,3.9592676162719727,False,False,False,False,0.0,0.0,0.4848484848484848,0.4684319198131561,False,False
topic-4681,mediation,conflict resolution,mas_safe_hybrid,mediated,"[""mediated"", ""mediator"", ""intermediation"", ""intermediator"", ""intervening""]",5,3.965705633163452,False,False,False,False,0.0,0.0,0.4848484848484848,0.4684319198131561,False,False
topic-9022,assertive outreach,proactive engagement,same_term,assertive outreach,"[""assertive outreach""]",1,1.430511474609375e-06,False,False,False,False,0.0,0.0,0.4210526315789473,0.3471648395061493,False,False
topic-9022,assertive outreach,proactive engagement,wordnet_direct,,[],0,3.337860107421875e-05,False,False,False,False,0.0,0.0,0.0,0.2123224139213562,False,False
topic-9022,assertive outreach,proactive engagement,embedding_wordnet,assertiveness training,"[""assertiveness training"", ""outreach"", ""assertive"", ""assertiveness"", ""self-assertive""]",5,0.0154833793640136,False,False,False,False,0.0,0.0,0.4242424242424242,0.3338587582111358,False,False
topic-9022,assertive outreach,proactive engagement,llm_zero_shot,aggressive contact,"[""aggressive contact"", ""proactive engagement"", ""initiative outreach"", ""persuasive communication"", ""forward-thinking contact""]",5,0.6634576320648193,False,True,True,True,0.2,0.5,1.0,1.0,True,True
topic-9022,assertive outreach,proactive engagement,llm_expansion,interaction,"[""interaction"", ""initiative"", ""aggressive"", ""engagement"", ""aggressiveness""]",5,0.843163013458252,False,False,False,False,0.0,0.0,0.6666666666666667,0.7642073631286621,False,False
topic-9022,assertive outreach,proactive engagement,llm_rerank,assertive follow-through,"[""assertive follow-through"", ""proactive engagement"", ""engaging solicitation"", ""initiative contact"", ""forward-thinking approach""]",5,0.9874148368835448,False,True,True,True,0.2,0.5,1.0,1.0,True,True
topic-9022,assertive outreach,proactive engagement,hybrid_fusion,Assertive communication,"[""Assertive communication"", ""forceful inquiry"", ""proactive communication"", ""Probing inquiry"", ""inquiry-based communication""]",5,3.088611364364624,False,False,False,False,0.0,0.0,0.6046511627906976,0.6069073677062988,False,False
topic-9022,assertive outreach,proactive engagement,mas_base,assertiveness training,"[""assertiveness training"", ""outreach"", ""assertive"", ""assertiveness"", ""self-assertive""]",5,1.0950136184692385,False,False,False,False,0.0,0.0,0.4242424242424242,0.3338587582111358,False,False
topic-9022,assertive outreach,proactive engagement,mas_llm_ranker,outreach,"[""outreach"", ""assertiveness training"", ""self-assertive"", ""self-assertiveness"", ""assert oneself""]",5,3.5653510093688965,False,False,False,False,0.0,0.0,0.3809523809523809,0.3338587582111358,False,False
topic-9022,assertive outreach,proactive engagement,mas_safe_hybrid,outreach,"[""outreach"", ""assertiveness training"", ""assertive"", ""assertiveness"", ""self-assertive""]",5,3.4704370498657227,False,False,False,False,0.0,0.0,0.4242424242424242,0.3338587582111358,False,False
topic-2541,berber language,Tamazight,same_term,berber language,"[""berber language""]",1,1.9073486328125e-06,False,False,False,False,0.0,0.0,0.25,0.1162911280989646,False,False
topic-2541,berber language,Tamazight,wordnet_direct,,[],0,2.8848648071289062e-05,False,False,False,False,0.0,0.0,0.0,0.2893509864807129,False,False
topic-2541,berber language,Tamazight,embedding_wordnet,berber,"[""berber"", ""berbers"", ""arab-berbers"", ""berberis"", ""berberidaceae""]",5,0.0156934261322021,False,False,False,False,0.0,0.0,0.1904761904761904,0.2037221938371658,False,False
topic-2541,berber language,Tamazight,llm_zero_shot,Amazigh,"[""Amazigh"", ""Tamazight"", ""Berbère"", ""Imazighen"", ""Chaabi""]",5,0.6624343395233154,False,True,True,True,0.2,0.5,1.0,1.000000238418579,True,True
topic-2541,berber language,Tamazight,llm_expansion,berber,"[""berber"", ""arab-berbers"", ""berbers"", ""berberis"", ""arabic""]",5,0.8971869945526123,False,False,False,False,0.0,0.0,0.4,0.2176980972290039,False,False
topic-2541,berber language,Tamazight,llm_rerank,Berber dialect,"[""Berber dialect"", ""Atlas Berber"", ""Maghrebi Berber"", ""Sahrawi Arabic"", ""Amazigh""]",5,1.060459852218628,False,False,False,False,0.0,0.0,0.875,0.4076055884361267,False,False
topic-2541,berber language,Tamazight,hybrid_fusion,Berber dialect,"[""Berber dialect"", ""Berbère"", ""Nafusa Berber"", ""Mzab Berber"", ""Amazigh""]",5,3.020568609237671,False,False,False,False,0.0,0.0,0.875,0.4076055884361267,False,False
topic-2541,berber language,Tamazight,mas_base,Berber dialect,"[""Berber dialect"", ""berber"", ""berbers"", ""arab-berbers"", ""berberis""]",5,1.0193946361541748,False,False,False,False,0.0,0.0,0.1904761904761904,0.2037221938371658,False,False
topic-2541,berber language,Tamazight,mas_llm_ranker,Amazigh,"[""Amazigh"", ""Tamazight"", ""Berber dialect"", ""Imazighen"", ""afroasiatic language""]",5,4.21059775352478,False,True,True,True,0.2,0.5,1.0,1.000000238418579,True,True
topic-2541,berber language,Tamazight,mas_safe_hybrid,Berber dialect,"[""Berber dialect"", ""berber"", ""berbers"", ""arab-berbers"", ""berberis""]",5,3.832536220550537,False,False,False,False,0.0,0.0,0.1904761904761904,0.2037221938371658,False,False
topic-1997,occupational ethics,professional ethics,same_term,occupational ethics,"[""occupational ethics""]",1,1.6689300537109375e-06,False,False,False,False,0.0,0.0,0.6842105263157895,0.7347698211669922,False,False
topic-1997,occupational ethics,professional ethics,wordnet_direct,,[],0,2.9325485229492188e-05,False,False,False,False,0.0,0.0,0.0,0.1953369081020355,False,False
topic-1997,occupational ethics,professional ethics,embedding_wordnet,occupational,"[""occupational"", ""ethics"", ""ethical"", ""occupational hazard"", ""ethical motive""]",5,0.0157709121704101,False,False,False,False,0.0,0.0,0.48,0.7974225282669067,False,False
topic-1997,occupational ethics,professional ethics,llm_zero_shot,Professional Conduct,"[""Professional Conduct"", ""Workplace Morality"", ""Occupational Responsibility"", ""Vocational Ethics"", ""Professionally Guided Behavior""]",5,0.7200050354003906,False,False,False,False,0.0,0.0,0.7222222222222221,0.7020489573478699,False,False
topic-1997,occupational ethics,professional ethics,llm_expansion,responsibleness,"[""responsibleness"", ""professionalism"", ""responsible"", ""occupational"", ""responsibility""]",5,0.943551778793335,False,False,False,False,0.0,0.0,0.8235294117647058,0.7082683444023132,False,False
topic-1997,occupational ethics,professional ethics,llm_rerank,Occupational Morality,"[""Occupational Morality"", ""Ethical Behavior in the Workplace"", ""Occupational Integrity"", ""Professional Ethics"", ""Moral Standards for Occupations""]",5,1.1446771621704102,False,True,False,True,0.2,0.25,1.0,1.0,False,True
topic-1997,occupational ethics,professional ethics,hybrid_fusion,Occupational Morality,"[""Occupational Morality"", ""Ethical Conduct of Occupation"", ""Occupational Moral Standards"", ""Profession-specific Ethics"", ""Occupational Integrity""]",5,3.356565475463867,False,False,False,False,0.0,0.0,0.7555555555555555,0.8492404818534851,False,False
topic-1997,occupational ethics,professional ethics,mas_base,Occupational Morality,"[""Occupational Morality"", ""occupational"", ""Professional Ethics"", ""Occupational Responsibility"", ""ethics""]",5,1.0938680171966553,False,True,True,True,0.2,0.3333333333333333,1.0,1.0,True,True
topic-1997,occupational ethics,professional ethics,mas_llm_ranker,Professional Ethics,"[""Professional Ethics"", ""Occupational Morality"", ""ethics"", ""ethical"", ""ethically""]",5,4.072057723999023,True,True,True,True,0.2,1.0,1.0,1.0,True,True
topic-1997,occupational ethics,professional ethics,mas_safe_hybrid,Occupational Morality,"[""Occupational Morality"", ""Professional Ethics"", ""ethics"", ""occupational"", ""ethical""]",5,3.863209009170532,False,True,True,True,0.2,0.5,1.0,1.0,True,True
topic-15902,Occupational ethics for ministers,ministerial ethics,same_term,Occupational ethics for ministers,"[""Occupational ethics for ministers""]",1,2.6226043701171875e-06,False,False,False,False,0.0,0.0,0.4313725490196078,0.80808424949646,False,False
topic-15902,Occupational ethics for ministers,ministerial ethics,wordnet_direct,,[],0,4.8160552978515625e-05,False,False,False,False,0.0,0.0,0.0,0.1919728219509124,False,False
topic-15902,Occupational ethics for ministers,ministerial ethics,embedding_wordnet,ministerial,"[""ministerial"", ""ethics"", ""ministry"", ""minister"", ""ethical""]",5,0.0156986713409423,False,False,False,False,0.0,0.0,0.7586206896551724,0.7813066244125366,False,False
topic-15902,Occupational ethics for ministers,ministerial ethics,llm_zero_shot,Ministerial morality,"[""Ministerial morality"", ""Pastoral ethics"", ""Religious leadership standards"", ""Church governance principles"", ""Spiritual accountability""]",5,0.7040834426879883,False,False,False,False,0.0,0.0,0.7272727272727273,0.8596479892730713,False,False
topic-15902,Occupational ethics for ministers,ministerial ethics,llm_expansion,spiritual leader,"[""spiritual leader"", ""religious leader"", ""ministerial"", ""pastoral"", ""church doctrine""]",5,0.9729218482971193,False,False,False,False,0.0,0.0,0.7586206896551724,0.7813066244125366,False,False
topic-15902,Occupational ethics for ministers,ministerial ethics,llm_rerank,Ministerial conduct,"[""Ministerial conduct"", ""Pastoral ethics"", ""Faithful ministry"", ""Clerical responsibility"", ""Religious leadership standards""]",5,1.1334710121154783,False,False,False,False,0.0,0.0,0.7272727272727273,0.7861636877059937,False,False
topic-15902,Occupational ethics for ministers,ministerial ethics,hybrid_fusion,Ministerial morality,"[""Ministerial morality"", ""Ministerial professionalism"", ""Moral authority in ministry"", ""Church governance ethics"", ""Religious vocation ethics""]",5,3.464158058166504,False,False,False,False,0.0,0.0,0.6842105263157895,0.8596480488777161,False,False
topic-15902,Occupational ethics for ministers,ministerial ethics,mas_base,Pastoral ethics,"[""Pastoral ethics"", ""Ministerial conduct"", ""ministerial"", ""ethics"", ""ministry""]",5,1.2064554691314695,False,False,False,False,0.0,0.0,0.7586206896551724,0.7861636877059937,False,False
topic-15902,Occupational ethics for ministers,ministerial ethics,mas_llm_ranker,ministerial,"[""ministerial"", ""occupational"", ""ethics"", ""ethical"", ""ministry""]",5,4.552491903305054,False,False,False,False,0.0,0.0,0.7586206896551724,0.7813066244125366,False,False
topic-15902,Occupational ethics for ministers,ministerial ethics,mas_safe_hybrid,ministerial,"[""ministerial"", ""Ministerial conduct"", ""ethics"", ""Pastoral ethics"", ""ministry""]",5,4.643182992935181,False,False,False,False,0.0,0.0,0.7586206896551724,0.7861636877059937,False,False
topic-4353,occupational diseases,work-related illnesses,same_term,occupational diseases,"[""occupational diseases""]",1,3.337860107421875e-06,False,False,False,False,0.0,0.0,0.4186046511627906,0.6822699308395386,False,False
topic-4353,occupational diseases,work-related illnesses,wordnet_direct,occupational disease,"[""occupational disease"", ""industrial disease""]",2,8.177757263183594e-05,False,False,False,False,0.0,0.0,0.3809523809523809,0.6404115557670593,False,False
topic-4353,occupational diseases,work-related illnesses,embedding_wordnet,occupational disease,"[""occupational disease"", ""occupational hazard"", ""industrial disease"", ""occupational"", ""occupational therapy""]",5,0.0167369842529296,False,False,False,False,0.0,0.0,0.3809523809523809,0.6404116153717041,False,False
topic-4353,occupational diseases,work-related illnesses,llm_zero_shot,Work-Related Illnesses,"[""Work-Related Illnesses"", ""Occupational Health Hazards"", ""Industrial Diseases"", ""Job-Related Conditions"", ""Workplace Health Risks""]",5,0.7756624221801758,True,True,True,True,0.2,1.0,1.0,1.0,True,True
topic-4353,occupational diseases,work-related illnesses,llm_expansion,occupational hazard,"[""occupational hazard"", ""industrial disease"", ""occupational disease"", ""health profession"", ""health hazard""]",5,0.92547869682312,False,False,False,False,0.0,0.0,0.3809523809523809,0.6404116153717041,False,False
topic-4353,occupational diseases,work-related illnesses,llm_rerank,Occupational Health Disorders,"[""Occupational Health Disorders"", ""Diseases of the Work Environment"", ""Industrial Diseases"", ""Work-Related Illnesses"", ""Workplace Health Problems""]",5,1.214519500732422,False,True,False,True,0.2,0.25,1.0,1.0,False,True
topic-4353,occupational diseases,work-related illnesses,hybrid_fusion,Occupational illnesses,"[""Occupational illnesses"", ""occupational health problems"", ""workplace diseases"", ""diseases of the workplace"", ""occupational health hazards""]",5,3.239964008331299,False,False,False,False,0.0,0.0,0.65,0.7983520030975342,False,False
topic-4353,occupational diseases,work-related illnesses,mas_base,occupational disease,"[""occupational disease"", ""Occupational Health Disorders"", ""Industrial Diseases"", ""occupational hazard"", ""occupational""]",5,1.2068936824798584,False,False,False,False,0.0,0.0,0.3902439024390244,0.6697801351547241,False,False
topic-4353,occupational diseases,work-related illnesses,mas_llm_ranker,occupational disease,"[""occupational disease"", ""industrial disease"", ""disease"", ""skin disease"", ""wasting disease""]",5,4.592917919158936,False,False,False,False,0.0,0.0,0.4324324324324324,0.6404116153717041,False,False
topic-4353,occupational diseases,work-related illnesses,mas_safe_hybrid,occupational disease,"[""occupational disease"", ""Occupational Health Disorders"", ""industrial disease"", ""Industrial Diseases"", ""occupational hazard""]",5,3.9873299598693848,False,False,False,False,0.0,0.0,0.3902439024390244,0.6697801351547241,False,False
topic-16804,protected species,endangered species,same_term,protected species,"[""protected species""]",1,2.6226043701171875e-06,False,False,False,False,0.0,0.0,0.6285714285714286,0.7433508038520813,False,False
topic-16804,protected species,endangered species,wordnet_direct,,[],0,3.24249267578125e-05,False,False,False,False,0.0,0.0,0.0,0.1271087974309921,False,False
topic-16804,protected species,endangered species,embedding_wordnet,endangered species,"[""endangered species"", ""species"", ""protected"", ""endangered"", ""protect""]",5,0.0155456066131591,True,True,True,True,0.2,1.0,1.0,1.0000001192092896,True,True
topic-16804,protected species,endangered species,llm_zero_shot,endangered species,"[""endangered species"", ""vulnerable species"", ""sensitive species"", ""threatened species"", ""conservation species""]",5,0.6657681465148926,True,True,True,True,0.2,1.0,1.0,1.0000001192092896,True,True
topic-16804,protected species,endangered species,llm_expansion,endangered species,"[""endangered species"", ""endangered"", ""species"", ""wildlife"", ""predatory animal""]",5,0.9077565670013428,True,True,True,True,0.2,1.0,1.0,1.0000001192092896,True,True
topic-16804,protected species,endangered species,llm_rerank,species under protection,"[""species under protection"", ""threatened species"", ""endangered species"", ""species at risk"", ""vulnerable species""]",5,1.0009527206420898,False,True,True,True,0.2,0.3333333333333333,1.0,1.0000001192092896,True,True
topic-16804,protected species,endangered species,hybrid_fusion,endangered species,"[""endangered species"", ""species requiring protection"", ""threatened species"", ""conservation species"", ""species of conservation concern""]",5,3.056961297988892,True,True,True,True,0.2,1.0,1.0,1.000000238418579,True,True
topic-16804,protected species,endangered species,mas_base,threatened species,"[""threatened species"", ""endangered species"", ""protected"", ""vulnerable species"", ""species""]",5,1.034248113632202,False,True,True,True,0.2,0.5,1.0,1.0000001192092896,True,True
topic-16804,protected species,endangered species,mas_llm_ranker,endangered species,"[""endangered species"", ""threatened species"", ""vulnerable species"", ""sensitive species"", ""conservation priority species""]",5,3.2895267009735107,True,True,True,True,0.2,1.0,1.0,1.0000001192092896,True,True
topic-16804,protected species,endangered species,mas_safe_hybrid,endangered species,"[""endangered species"", ""threatened species"", ""vulnerable species"", ""species"", ""conservation priority species""]",5,3.1948471069335938,True,True,True,True,0.2,1.0,1.0,1.0000001192092896,True,True
topic-2542,decision theory,decision analysis,same_term,decision theory,"[""decision theory""]",1,1.9073486328125e-06,False,False,False,False,0.0,0.0,0.625,0.792543888092041,False,False
topic-2542,decision theory,decision analysis,wordnet_direct,,[],0,2.9325485229492188e-05,False,False,False,False,0.0,0.0,0.0,0.1799978464841842,False,False
topic-2542,decision theory,decision analysis,embedding_wordnet,decision maker,"[""decision maker"", ""decision making"", ""information theory"", ""decision"", ""method of choice""]",5,0.0167412757873535,False,False,False,False,0.0,0.0,0.6875,0.6930965185165405,False,False
topic-2542,decision theory,decision analysis,llm_zero_shot,Game Theory,"[""Game Theory"", ""Risk Management"", ""Policy Analysis"", ""Choice Theory"", ""Strategic Thinking""]",5,0.6275739669799805,False,False,False,False,0.0,0.0,0.625,0.5310453176498413,False,False
topic-2542,decision theory,decision analysis,llm_expansion,decision making,"[""decision making"", ""optimization"", ""game theory"", ""choiceness"", ""theory of games""]",5,0.889962911605835,False,False,False,False,0.0,0.0,0.6875,0.6930965185165405,False,False
topic-2542,decision theory,decision analysis,llm_rerank,Choice Theory,"[""Choice Theory"", ""Rational Choice Theory"", ""Game Theory"", ""Cognitive Decision Making"", ""Optimization Theory""]",5,1.0487256050109863,False,False,False,False,0.0,0.0,0.5238095238095238,0.5476718544960022,False,False
topic-2542,decision theory,decision analysis,hybrid_fusion,Decision Making,"[""Decision Making"", ""Probability Theory"", ""Game Theory"", ""Theory of Decision Making"", ""Choice Theory""]",5,3.0521726608276367,False,False,False,False,0.0,0.0,0.6875,0.6930965185165405,False,False
topic-2542,decision theory,decision analysis,mas_base,decision maker,"[""decision maker"", ""information theory"", ""decision making"", ""decision"", ""Rational Choice Theory""]",5,1.0905320644378662,False,False,False,False,0.0,0.0,0.6875,0.6930965185165405,False,False
topic-2542,decision theory,decision analysis,mas_llm_ranker,game theory,"[""game theory"", ""probability theory"", ""Rational Choice Theory"", ""Probabilistic Reasoning"", ""Cognitive Decision Making""]",5,3.9736483097076416,False,False,False,False,0.0,0.0,0.5238095238095238,0.547671914100647,False,False
topic-2542,decision theory,decision analysis,mas_safe_hybrid,decision,"[""decision"", ""decision maker"", ""decision making"", ""information theory"", ""Rational Choice Theory""]",5,2.840674877166748,False,False,False,False,0.0,0.0,0.6875,0.6930965185165405,False,False
topic-2643,decision support systems,decision aid systems,same_term,decision support systems,"[""decision support systems""]",1,1.6689300537109375e-06,False,False,False,False,0.0,0.0,0.7727272727272727,0.7924105525016785,False,False
topic-2643,decision support systems,decision aid systems,wordnet_direct,,[],0,3.266334533691406e-05,False,False,False,False,0.0,0.0,0.0,0.1562526375055313,False,False
topic-2643,decision support systems,decision aid systems,embedding_wordnet,support system,"[""support system"", ""decision maker"", ""information system"", ""information processing system"", ""decision making""]",5,0.0155951976776123,False,False,False,False,0.0,0.0,0.6470588235294117,0.5808080434799194,False,False
topic-2643,decision support systems,decision aid systems,llm_zero_shot,Decision Aids,"[""Decision Aids"", ""Business Intelligence Systems"", ""Expert Systems"", ""Knowledge-Based Systems"", ""Analytical Tools""]",5,0.673983097076416,False,False,False,False,0.0,0.0,0.7878787878787878,0.6736117601394653,False,False
topic-2643,decision support systems,decision aid systems,llm_expansion,expertness,"[""expertness"", ""analytical"", ""decision maker"", ""expert"", ""decision making""]",5,0.8893084526062012,False,False,False,False,0.0,0.0,0.6470588235294117,0.5808080434799194,False,False
topic-2643,decision support systems,decision aid systems,llm_rerank,Management Support Systems,"[""Management Support Systems"", ""Analytical Support Systems"", ""Intelligent Decision Systems"", ""Expert Systems"", ""Knowledge-Based Systems""]",5,1.0615077018737793,False,False,False,False,0.0,0.0,0.6666666666666667,0.6295890212059021,False,False
topic-2643,decision support systems,decision aid systems,hybrid_fusion,analytical support systems,"[""analytical support systems"", ""Intelligent Decision Systems"", ""Strategic Decision Support"", ""informed decision technologies"", ""intelligent decision tools""]",5,3.1628639698028564,False,False,False,False,0.0,0.0,0.6666666666666667,0.6295889019966125,False,False
topic-2643,decision support systems,decision aid systems,mas_base,support system,"[""support system"", ""Management Support Systems"", ""Analytical Decision Support"", ""Expert Systems"", ""information system""]",5,1.1467602252960205,False,False,False,False,0.0,0.0,0.5789473684210527,0.6007539629936218,False,False
topic-2643,decision support systems,decision aid systems,mas_llm_ranker,Decision Aids,"[""Decision Aids"", ""Expert Systems"", ""Business Intelligence Systems"", ""Knowledge-Based Systems"", ""Intelligent Decision Support Systems""]",5,3.956359386444092,False,False,False,False,0.0,0.0,0.7878787878787878,0.6736117601394653,False,False
topic-2643,decision support systems,decision aid systems,mas_safe_hybrid,Intelligent Decision Support Systems,"[""Intelligent Decision Support Systems"", ""support system"", ""Decision Aids"", ""Expert Systems"", ""decision maker""]",5,2.922811985015869,False,False,False,False,0.0,0.0,0.7878787878787878,0.6736117601394653,False,False
topic-6807,decision making,decision process,same_term,decision making,"[""decision making""]",1,2.1457672119140625e-06,False,False,False,False,0.0,0.0,0.5806451612903225,0.8549598455429077,False,False
topic-6807,decision making,decision process,wordnet_direct,deciding,"[""deciding""]",1,8.58306884765625e-05,False,False,False,False,0.0,0.0,0.5,0.5893785953521729,False,False
topic-6807,decision making,decision process,embedding_wordnet,decision maker,"[""decision maker"", ""decision"", ""deciding"", ""choiceness"", ""final decision""]",5,0.0156316757202148,False,False,False,False,0.0,0.0,0.6666666666666667,0.7644883990287781,False,False
topic-6807,decision making,decision process,llm_zero_shot,problem solving,"[""problem solving"", ""judgment"", ""choice"", ""resolution"", ""governance""]",5,0.5970058441162109,False,False,False,False,0.0,0.0,0.3846153846153846,0.5397650003433228,False,False
topic-6807,decision making,decision process,llm_expansion,problem solving,"[""problem solving"", ""problem solver"", ""choiceness"", ""judgment"", ""choice""]",5,0.8387236595153809,False,False,False,False,0.0,0.0,0.4615384615384615,0.5704448223114014,False,False
topic-6807,decision making,decision process,llm_rerank,choice-making,"[""choice-making"", ""judgment-making"", ""rational choice"", ""cognitive processing"", ""strategic planning""]",5,0.9752771854400636,False,False,False,False,0.0,0.0,0.6111111111111112,0.6293317079544067,False,False
topic-6807,decision making,decision process,hybrid_fusion,choice making,"[""choice making"", ""choice-making"", ""choice determination"", ""strategic choice"", ""choice analysis""]",5,2.828800201416016,False,False,False,False,0.0,0.0,0.3870967741935484,0.654853343963623,False,False
topic-6807,decision making,decision process,mas_base,decision maker,"[""decision maker"", ""decision"", ""choice-making"", ""deciding"", ""final decision""]",5,0.9675569534301758,False,False,False,False,0.0,0.0,0.6666666666666667,0.7644883990287781,False,False
topic-6807,decision making,decision process,mas_llm_ranker,choice-making,"[""choice-making"", ""judgment-making"", ""policy formulation"", ""strategic planning"", ""consideration""]",5,3.516738176345825,False,False,False,False,0.0,0.0,0.3448275862068966,0.6293317079544067,False,False
topic-6807,decision making,decision process,mas_safe_hybrid,choice-making,"[""choice-making"", ""decision maker"", ""decision"", ""deciding"", ""choiceness""]",5,3.418311595916748,False,False,False,False,0.0,0.0,0.6666666666666667,0.7644883990287781,False,False
topic-1337,information management and technology,information systems management,same_term,information management and technology,"[""information management and technology""]",1,1.9073486328125e-06,False,False,False,False,0.0,0.0,0.6567164179104478,0.7686203122138977,False,False
topic-1337,information management and technology,information systems management,wordnet_direct,,[],0,3.0994415283203125e-05,False,False,False,False,0.0,0.0,0.0,0.1096008792519569,False,False
topic-1337,information management and technology,information systems management,embedding_wordnet,information technology,"[""information technology"", ""information science"", ""information system"", ""management"", ""technology administration""]",5,0.0156750679016113,False,False,False,False,0.0,0.0,0.75,0.7755444049835205,False,False
topic-1337,information management and technology,information systems management,llm_zero_shot,Information Technology Management,"[""Information Technology Management"", ""IT Governance"", ""Digital Asset Management"", ""Knowledge Management Systems"", ""Data Administration""]",5,0.623981237411499,False,False,False,False,0.0,0.0,0.7936507936507937,0.8579187393188477,False,False
topic-1337,information management and technology,information systems management,llm_expansion,information technology,"[""information technology"", ""information system"", ""information science"", ""management"", ""electronic information service""]",5,0.8792455196380615,False,False,False,False,0.0,0.0,0.75,0.7755444049835205,False,False
topic-1337,information management and technology,information systems management,llm_rerank,Information Technology Management,"[""Information Technology Management"", ""Technology-Enabled Information Services"", ""Content Management Systems"", ""Knowledge Management Systems"", ""Information Systems Integration""]",5,1.055851936340332,False,False,False,False,0.0,0.0,0.7936507936507937,0.8579188585281372,False,False
topic-1337,information management and technology,information systems management,hybrid_fusion,Information Technology Management,"[""Information Technology Management"", ""Technology-Enabled Information Management"", ""Organizational Information Management"", ""IT Information Management"", ""Information Systems Management""]",5,3.133461236953736,False,True,False,True,0.2,0.2,1.0,1.000000238418579,False,True
topic-1337,information management and technology,information systems management,mas_base,Information Technology Management,"[""Information Technology Management"", ""information technology"", ""information science"", ""information system"", ""Content Management Systems""]",5,1.0314724445343018,False,False,False,False,0.0,0.0,0.7936507936507937,0.8579187393188477,False,False
topic-1337,information management and technology,information systems management,mas_llm_ranker,Information Technology Management,"[""Information Technology Management"", ""Digital Asset Management"", ""Knowledge Management Systems"", ""Data Governance Frameworks"", ""Content Management Systems""]",5,2.9684488773345947,False,False,False,False,0.0,0.0,0.7936507936507937,0.8579188585281372,False,False
topic-1337,information management and technology,information systems management,mas_safe_hybrid,Information Technology Management,"[""Information Technology Management"", ""information technology"", ""information science"", ""information system"", ""management""]",5,2.8991847038269043,False,False,False,False,0.0,0.0,0.7936507936507937,0.8579187393188477,False,False
topic-1338,administrative reform,bureaucratic reform,same_term,administrative reform,"[""administrative reform""]",1,1.6689300537109375e-06,False,False,False,False,0.0,0.0,0.6,0.794542670249939,False,False
topic-1338,administrative reform,bureaucratic reform,wordnet_direct,,[],0,4.220008850097656e-05,False,False,False,False,0.0,0.0,0.0,0.169049859046936,False,False
topic-1338,administrative reform,bureaucratic reform,embedding_wordnet,reform,"[""reform"", ""reformism"", ""reform movement"", ""reformatory"", ""administrative""]",5,0.0180573463439941,False,False,False,False,0.0,0.0,0.48,0.7082750797271729,False,False
topic-1338,administrative reform,bureaucratic reform,llm_zero_shot,Policy overhaul,"[""Policy overhaul"", ""Regulatory change"", ""Government restructuring"", ""Administrative modernization"", ""Reorganization""]",5,0.6545908451080322,False,False,False,False,0.0,0.0,0.4242424242424242,0.6858639121055603,False,False
topic-1338,administrative reform,bureaucratic reform,llm_expansion,reorganization,"[""reorganization"", ""interim overhaul"", ""reorganisation"", ""policy change"", ""reorganise""]",5,0.884634256362915,False,False,False,False,0.0,0.0,0.4242424242424242,0.5533385276794434,False,False
topic-1338,administrative reform,bureaucratic reform,llm_rerank,Administrative revitalization,"[""Administrative revitalization"", ""Reformulation of governance"", ""Bureaucratic modernization"", ""Government restructuring"", ""Public sector reorganization""]",5,1.0932464599609375,False,False,False,False,0.0,0.0,0.6666666666666667,0.8908723592758179,False,False
topic-1338,administrative reform,bureaucratic reform,hybrid_fusion,Bureaucratic Overhaul,"[""Bureaucratic Overhaul"", ""Reformulation of Governance"", ""Government Modernization"", ""Government Reorganization"", ""Governance Overhaul""]",5,3.450300455093384,False,False,False,False,0.0,0.0,0.75,0.9025673866271972,False,False
topic-1338,administrative reform,bureaucratic reform,mas_base,Administrative revitalization,"[""Administrative revitalization"", ""administrative"", ""reform"", ""administration"", ""reformism""]",5,1.1498618125915527,False,False,False,False,0.0,0.0,0.48,0.7082750797271729,False,False
topic-1338,administrative reform,bureaucratic reform,mas_llm_ranker,reform,"[""reform"", ""administration"", ""reformist"", ""reformable"", ""reform-minded""]",5,4.389004707336426,False,False,False,False,0.0,0.0,0.48,0.7082750797271729,False,False
topic-1338,administrative reform,bureaucratic reform,mas_safe_hybrid,reform,"[""reform"", ""Administrative revitalization"", ""reform movement"", ""reformism"", ""reformatory""]",5,2.90510630607605,False,False,False,False,0.0,0.0,0.48,0.7082750797271729,False,False
topic-1340,management of non-profit organisations,non-profit management,same_term,management of non-profit organisations,"[""management of non-profit organisations""]",1,2.1457672119140625e-06,False,False,False,False,0.0,0.0,0.5084745762711864,0.9256470799446106,False,False
topic-1340,management of non-profit organisations,non-profit management,wordnet_direct,,[],0,3.0517578125e-05,False,False,False,False,0.0,0.0,0.0,0.128530740737915,False,False
topic-1340,management of non-profit organisations,non-profit management,embedding_wordnet,nonprofit organization,"[""nonprofit organization"", ""non-profit-making"", ""nonprofit"", ""nongovernmental organization"", ""organisation""]",5,0.0157430171966552,False,False,False,False,0.0,0.0,0.736842105263158,0.8328506946563721,False,False
topic-1340,management of non-profit organisations,non-profit management,llm_zero_shot,Non-Profit Governance,"[""Non-Profit Governance"", ""Philanthropic Administration"", ""Charitable Oversight"", ""Social Enterprise Management"", ""Voluntary Sector Leadership""]",5,0.7069506645202637,False,False,False,False,0.0,0.0,0.6666666666666667,0.8090946674346924,False,False
topic-1340,management of non-profit organisations,non-profit management,llm_expansion,philanthropic,"[""philanthropic"", ""nonprofit organization"", ""nonprofit"", ""philanthropic foundation"", ""not-for-profit""]",5,0.929126501083374,False,False,False,False,0.0,0.0,0.6511627906976745,0.7284661531448364,False,False
topic-1340,management of non-profit organisations,non-profit management,llm_rerank,Nonprofit Governance,"[""Nonprofit Governance"", ""Not-for-Profit Governance"", ""Social Enterprise Management"", ""NPO Administration"", ""Public Benefit Management""]",5,1.056143045425415,False,False,False,False,0.0,0.0,0.653061224489796,0.6820899248123169,False,False
topic-1340,management of non-profit organisations,non-profit management,hybrid_fusion,Non-Profit Administration,"[""Non-Profit Administration"", ""Non-Governmental Organisation (NGO) Management"", ""Non-Profit Governance"", ""Not-for-Profit Oversight"", ""Social Enterprise Management""]",5,3.29373836517334,False,False,False,False,0.0,0.0,0.6666666666666667,0.8807346820831299,False,False
topic-1340,management of non-profit organisations,non-profit management,mas_base,nonprofit organization,"[""nonprofit organization"", ""non-profit-making"", ""Not-for-Profit Administration"", ""Nonprofit Governance"", ""nongovernmental organization""]",5,1.077850341796875,False,False,False,False,0.0,0.0,0.736842105263158,0.8328506946563721,False,False
topic-1340,management of non-profit organisations,non-profit management,mas_llm_ranker,nonprofit organization,"[""nonprofit organization"", ""organization"", ""management"", ""nongovernmental organization"", ""professional organization""]",5,3.8119945526123047,False,False,False,False,0.0,0.0,0.6511627906976745,0.7284661531448364,False,False
topic-1340,management of non-profit organisations,non-profit management,mas_safe_hybrid,nonprofit organization,"[""nonprofit organization"", ""non-profit-making"", ""Nonprofit Governance"", ""nongovernmental organization"", ""nonprofit""]",5,3.5878117084503174,False,False,False,False,0.0,0.0,0.736842105263158,0.8328506946563721,False,False
topic-1341,public administration,administrative organisation,same_term,public administration,"[""public administration""]",1,2.384185791015625e-06,False,False,False,False,0.0,0.0,0.5833333333333333,0.7269620299339294,False,False
topic-1341,public administration,administrative organisation,wordnet_direct,,[],0,2.789497375488281e-05,False,False,False,False,0.0,0.0,0.0,0.1701204180717468,False,False
topic-1341,public administration,administrative organisation,embedding_wordnet,administration,"[""administration"", ""public office"", ""government department"", ""administrative"", ""executive department""]",5,0.015641450881958,False,False,False,False,0.0,0.0,0.6829268292682926,0.8636093735694885,False,False
topic-1341,public administration,administrative organisation,llm_zero_shot,Government Administration,"[""Government Administration"", ""Public Service"", ""Administrative Management"", ""Civil Service"", ""Bureaucracy""]",5,0.6566035747528076,False,False,False,False,0.0,0.0,0.7307692307692308,0.8929915428161621,False,False
topic-1341,public administration,administrative organisation,llm_expansion,public service,"[""public service"", ""administration"", ""public-service corporation"", ""state government"", ""state department""]",5,0.851449728012085,False,False,False,False,0.0,0.0,0.6829268292682926,0.8032227754592896,False,False
topic-1341,public administration,administrative organisation,llm_rerank,Public Sector Management,"[""Public Sector Management"", ""State Administration"", ""Administrative Management"", ""Bureaucratic Administration"", ""Public Policy""]",5,0.9468235969543456,False,False,False,False,0.0,0.0,0.7307692307692308,0.8929915428161621,False,False
topic-1341,public administration,administrative organisation,hybrid_fusion,Public Service,"[""Public Service"", ""Public Sector Administration"", ""Government Administration"", ""Public Sector Management"", ""Administrative Management""]",5,2.894405126571656,False,False,False,False,0.0,0.0,0.7307692307692308,0.8929915428161621,False,False
topic-1341,public administration,administrative organisation,mas_base,administration,"[""administration"", ""Bureaucratic Administration"", ""administrative"", ""public office"", ""Public Sector Management""]",5,0.9258527755737304,False,False,False,False,0.0,0.0,0.6829268292682926,0.8636093735694885,False,False
topic-1341,public administration,administrative organisation,mas_llm_ranker,government,"[""government"", ""administration"", ""government agency"", ""executive department"", ""public office""]",5,2.394559383392334,False,False,False,False,0.0,0.0,0.6829268292682926,0.8032227158546448,False,False
topic-1341,public administration,administrative organisation,mas_safe_hybrid,administration,"[""administration"", ""government agency"", ""public office"", ""government office"", ""executive department""]",5,2.343395948410034,False,False,False,False,0.0,0.0,0.6829268292682926,0.8032227158546448,False,False
topic-3792,administrative procedural law,administrative litigation,same_term,administrative procedural law,"[""administrative procedural law""]",1,1.1920928955078125e-06,False,False,False,False,0.0,0.0,0.6296296296296297,0.690853476524353,False,False
topic-3792,administrative procedural law,administrative litigation,wordnet_direct,,[],0,3.0040740966796875e-05,False,False,False,False,0.0,0.0,0.0,0.2104092538356781,False,False
topic-3792,administrative procedural law,administrative litigation,embedding_wordnet,administrative law,"[""administrative law"", ""bureaucratic procedure"", ""public law"", ""rule of law"", ""law""]",5,0.0158181190490722,False,False,False,False,0.0,0.0,0.7906976744186046,0.7647266387939453,False,False
topic-3792,administrative procedural law,administrative litigation,llm_zero_shot,Regulatory Law,"[""Regulatory Law"", ""Administrative Regulation"", ""Procedural Law"", ""Regulatory Framework"", ""Bureaucratic Law""]",5,0.7127008438110352,False,False,False,False,0.0,0.0,0.84,0.5952928066253662,False,False
topic-3792,administrative procedural law,administrative litigation,llm_expansion,bureaucratic procedure,"[""bureaucratic procedure"", ""regulatory"", ""regulatory authority"", ""regulation"", ""regulating""]",5,0.9282267093658448,False,False,False,False,0.0,0.0,0.4571428571428571,0.4636653661727905,False,False
topic-3792,administrative procedural law,administrative litigation,llm_rerank,Public Administration Law,"[""Public Administration Law"", ""Procedural Governance"", ""Administrative Regulation"", ""Bureaucratic Procedure"", ""Statutory Procedure""]",5,1.048487663269043,False,False,False,False,0.0,0.0,0.84,0.6360108852386475,False,False
topic-3792,administrative procedural law,administrative litigation,hybrid_fusion,Public Administrative Law,"[""Public Administrative Law"", ""Procedural Law"", ""Administrative Process Law"", ""Administrative jurisprudence"", ""Procedural Legislation""]",5,3.2994165420532227,False,False,False,False,0.0,0.0,0.68,0.7961523532867432,False,False
topic-3792,administrative procedural law,administrative litigation,mas_base,administrative law,"[""administrative law"", ""Administrative Regulation"", ""administrative official"", ""Procedural Governance"", ""Bureaucratic Procedure""]",5,1.09356689453125,False,False,False,False,0.0,0.0,0.84,0.7647266387939453,False,False
topic-3792,administrative procedural law,administrative litigation,mas_llm_ranker,administrative law,"[""administrative law"", ""statutory law"", ""rule of law"", ""bureaucratic procedure"", ""Procedural Regulation""]",5,3.8909013271331774,False,False,False,False,0.0,0.0,0.7906976744186046,0.7647266387939453,False,False
topic-3792,administrative procedural law,administrative litigation,mas_safe_hybrid,administrative law,"[""administrative law"", ""statutory law"", ""bureaucratic procedure"", ""rule of law"", ""public law""]",5,3.8879761695861816,False,False,False,False,0.0,0.0,0.7906976744186046,0.7647266387939453,False,False
topic-8942,consciousness,awareness,same_term,consciousness,"[""consciousness""]",1,1.9073486328125e-06,False,False,False,False,0.0,0.0,0.3636363636363636,0.5779495239257812,False,False
topic-8942,consciousness,awareness,wordnet_direct,awareness,"[""awareness"", ""cognizance"", ""cognisance"", ""knowingness""]",4,0.0001218318939208,True,True,True,True,0.2,1.0,1.0,1.0,True,True
topic-8942,consciousness,awareness,embedding_wordnet,conscious,"[""conscious"", ""self-consciousness"", ""stream of consciousness"", ""unconscious mind"", ""self-conscious""]",5,0.0154752731323242,False,False,False,False,0.0,0.0,0.375,0.5647623538970947,False,False
topic-8942,consciousness,awareness,llm_zero_shot,awareness,"[""awareness"", ""perception"", ""sentience"", ""cognition"", ""existence""]",5,0.5968172550201416,True,True,True,True,0.2,1.0,1.0,1.0,True,True
topic-8942,consciousness,awareness,llm_expansion,self-awareness,"[""self-awareness"", ""awareness"", ""mindfulness"", ""sentience"", ""cognition""]",5,0.8351891040802002,False,True,True,True,0.2,0.5,1.0,1.0,True,True
topic-8942,consciousness,awareness,llm_rerank,awareness,"[""awareness"", ""cognition"", ""perception"", ""self-awareness"", ""sentience""]",5,0.8634152412414551,True,True,True,True,0.2,1.0,1.0,1.0,True,True
topic-8942,consciousness,awareness,hybrid_fusion,awareness,"[""awareness"", ""cognition"", ""perception"", ""self-awareness"", ""sentience""]",5,2.639645576477051,True,True,True,True,0.2,1.0,1.0,1.0,True,True
topic-8942,consciousness,awareness,mas_base,conscious,"[""conscious"", ""self-consciousness"", ""stream of consciousness"", ""unconsciousness"", ""unconscious mind""]",5,0.9523327350616456,False,False,False,False,0.0,0.0,0.375,0.5643447637557983,False,False
topic-8942,consciousness,awareness,mas_llm_ranker,self-awareness,"[""self-awareness"", ""awareness"", ""sentience"", ""cognition"", ""perception""]",5,3.742893934249878,False,True,True,True,0.2,0.5,1.0,1.0,True,True
topic-8942,consciousness,awareness,mas_safe_hybrid,conscious,"[""conscious"", ""self-consciousness"", ""stream of consciousness"", ""unconscious mind"", ""self-conscious""]",5,3.769040584564209,False,False,False,False,0.0,0.0,0.375,0.5647623538970947,False,False
topic-2278,bible (studies),biblical studies,same_term,bible (studies),"[""bible (studies)""]",1,1.6689300537109375e-06,False,False,False,False,0.0,0.0,0.8275862068965517,0.8552313446998596,False,False
topic-2278,bible (studies),biblical studies,wordnet_direct,,[],0,3.075599670410156e-05,False,False,False,False,0.0,0.0,0.0,0.1204413473606109,False,False
topic-2278,bible (studies),biblical studies,embedding_wordnet,bible,"[""bible"", ""christian bible"", ""scripture"", ""king james bible"", ""biblical""]",5,0.0157370567321777,False,False,False,False,0.0,0.0,0.6666666666666667,0.7449029088020325,False,False
topic-2278,bible (studies),biblical studies,llm_zero_shot,Scriptural Analysis,"[""Scriptural Analysis"", ""Sacred Texts Study"", ""Religious Studies"", ""Biblical Interpretation"", ""Sacred Scripture Analysis""]",5,0.7327053546905518,False,False,False,False,0.0,0.0,0.6060606060606061,0.7717266082763672,False,False
topic-2278,bible (studies),biblical studies,llm_expansion,old testament,"[""old testament"", ""sacred scripture"", ""scripture"", ""new testament"", ""exegesis""]",5,0.9838030338287354,False,False,False,False,0.0,0.0,0.375,0.6866711974143982,False,False
topic-2278,bible (studies),biblical studies,llm_rerank,Old Testament Research,"[""Old Testament Research"", ""Religious Studies"", ""Sacred Texts Scholarship"", ""Divine Literature Study"", ""Biblical Interpretation""]",5,1.1678125858306885,False,False,False,False,0.0,0.0,0.6060606060606061,0.7717266082763672,False,False
topic-2278,bible (studies),biblical studies,hybrid_fusion,Biblical Studies,"[""Biblical Studies"", ""Religious Scripture Study"", ""Hebrew Bible Research"", ""Biblical Scholarship"", ""Sacred Texts Studies""]",5,3.538384437561035,True,True,True,True,0.2,1.0,1.0,1.0,True,True
topic-2278,bible (studies),biblical studies,mas_base,bible,"[""bible"", ""Religious Canon Studies"", ""christian bible"", ""biblical"", ""scripture""]",5,1.1713907718658447,False,False,False,False,0.0,0.0,0.6666666666666667,0.7449029088020325,False,False
topic-2278,bible (studies),biblical studies,mas_llm_ranker,bible,"[""bible"", ""scripture"", ""testament"", ""biblical"", ""religious text""]",5,3.7950479984283447,False,False,False,False,0.0,0.0,0.6666666666666667,0.7449029088020325,False,False
topic-2278,bible (studies),biblical studies,mas_safe_hybrid,bible,"[""bible"", ""Religious Scripture Study"", ""scripture"", ""christian bible"", ""biblical""]",5,4.51490044593811,False,False,False,False,0.0,0.0,0.6666666666666667,0.8214807510375977,False,False
topic-2332,bible as literature,scriptural literature,same_term,bible as literature,"[""bible as literature""]",1,2.1457672119140625e-06,False,False,False,False,0.0,0.0,0.65,0.5514931678771973,False,False
topic-2332,bible as literature,scriptural literature,wordnet_direct,,[],0,3.981590270996094e-05,False,False,False,False,0.0,0.0,0.0,0.0458422191441059,False,False
topic-2332,bible as literature,scriptural literature,embedding_wordnet,christian bible,"[""christian bible"", ""bible"", ""literature"", ""king james bible"", ""testament""]",5,0.0156829357147216,False,False,False,False,0.0,0.0,0.6451612903225806,0.6925202012062073,False,False
topic-2332,bible as literature,scriptural literature,llm_zero_shot,Scriptural Text,"[""Scriptural Text"", ""Sacred Scripture"", ""Religious Canon"", ""Holy Book"", ""Divine Literature""]",5,0.6648352146148682,False,False,False,False,0.0,0.0,0.7777777777777779,0.7112312912940979,False,False
topic-2332,bible as literature,scriptural literature,llm_expansion,scripture,"[""scripture"", ""hebrew scripture"", ""sacred text"", ""old testament"", ""biblical""]",5,0.920485496520996,False,False,False,False,0.0,0.0,0.6,0.4154428243637085,False,False
topic-2332,bible as literature,scriptural literature,llm_rerank,Sacred Literature,"[""Sacred Literature"", ""Religious Scripture"", ""Religious Scriptures"", ""Sacred Texts"", ""Scriptural Canon""]",5,0.9919648170471193,False,False,False,False,0.0,0.0,0.736842105263158,0.6132054328918457,False,False
topic-2332,bible as literature,scriptural literature,hybrid_fusion,Biblical Scholarship,"[""Biblical Scholarship"", ""Canon of Scripture"", ""Sacred Literature"", ""Religious Literature Theory"", ""Religious Scripture""]",5,3.250910520553589,False,False,False,False,0.0,0.0,0.736842105263158,0.5329630970954895,False,False
topic-2332,bible as literature,scriptural literature,mas_base,literature,"[""literature"", ""bible"", ""Sacred Literature"", ""king james bible"", ""christian bible""]",5,1.097211837768555,False,False,False,False,0.0,0.0,0.736842105263158,0.6925202012062073,False,False
topic-2332,bible as literature,scriptural literature,mas_llm_ranker,christian bible,"[""christian bible"", ""bible"", ""scripture"", ""biblical"", ""testament""]",5,4.308034420013428,False,False,False,False,0.0,0.0,0.6,0.4505802392959595,False,False
topic-2332,bible as literature,scriptural literature,mas_safe_hybrid,christian bible,"[""christian bible"", ""bible"", ""literature"", ""king james bible"", ""scripture""]",5,2.9865665435791016,False,False,False,False,0.0,0.0,0.6451612903225806,0.6925202012062073,False,False
topic-16882,Bible and culture,scriptural influence on culture,same_term,Bible and culture,"[""Bible and culture""]",1,1.6689300537109375e-06,False,False,False,False,0.0,0.0,0.5416666666666667,0.5845087766647339,False,False
topic-16882,Bible and culture,scriptural influence on culture,wordnet_direct,,[],0,2.8848648071289062e-05,False,False,False,False,0.0,0.0,0.0,-0.0117322653532028,False,False
topic-16882,Bible and culture,scriptural influence on culture,embedding_wordnet,bible,"[""bible"", ""christian bible"", ""biblical"", ""scripture"", ""family bible""]",5,0.015491247177124,False,False,False,False,0.0,0.0,0.4499999999999999,0.2186737060546875,False,False
topic-16882,Bible and culture,scriptural influence on culture,llm_zero_shot,Religious Heritage,"[""Religious Heritage"", ""Cultural Scripture"", ""Sacred Textuality"", ""Faith and Tradition"", ""Scriptural Context""]",5,0.694533109664917,False,False,False,False,0.0,0.0,0.653061224489796,0.5649007558822632,False,False
topic-16882,Bible and culture,scriptural influence on culture,llm_expansion,religion,"[""religion"", ""sacred scripture"", ""scripture"", ""sacred text"", ""religionism""]",5,1.0119972229003906,False,False,False,False,0.0,0.0,0.4499999999999999,0.3088073134422302,False,False
topic-16882,Bible and culture,scriptural influence on culture,llm_rerank,Cultural Scripture,"[""Cultural Scripture"", ""Cultural Canon"", ""Sacred Texts"", ""Religious Heritage"", ""Sacred Narrative""]",5,1.0634682178497314,False,False,False,False,0.0,0.0,0.4897959183673469,0.6163795590400696,False,False
topic-16882,Bible and culture,scriptural influence on culture,hybrid_fusion,Religious Texts and Culture,"[""Religious Texts and Culture"", ""Scripture and Society"", ""Cultural Significance of Scripture"", ""Community and Scripture"", ""Cultural Canon""]",5,3.577054977416992,False,False,False,False,0.0,0.0,0.6461538461538461,0.6163795590400696,False,False
topic-16882,Bible and culture,scriptural influence on culture,mas_base,bible,"[""bible"", ""biblical"", ""christian bible"", ""scripture"", ""family bible""]",5,1.1206114292144775,False,False,False,False,0.0,0.0,0.4499999999999999,0.2186737060546875,False,False
topic-16882,Bible and culture,scriptural influence on culture,mas_llm_ranker,bible,"[""bible"", ""scripture"", ""biblical"", ""testament"", ""religious text""]",5,3.8940062522888175,False,False,False,False,0.0,0.0,0.4499999999999999,0.2752736806869507,False,False
topic-16882,Bible and culture,scriptural influence on culture,mas_safe_hybrid,bible,"[""bible"", ""scripture"", ""biblical"", ""Cultural Significance of Scripture"", ""christian bible""]",5,4.10032844543457,False,False,False,False,0.0,0.0,0.6461538461538461,0.5453464984893799,False,False
topic-2330,bible translations,scripture translations,same_term,bible translations,"[""bible translations""]",1,2.86102294921875e-06,False,False,False,False,0.0,0.0,0.75,0.935783863067627,False,False
topic-2330,bible translations,scripture translations,wordnet_direct,,[],0,4.00543212890625e-05,False,False,False,False,0.0,0.0,0.0,0.1144478470087051,False,False
topic-2330,bible translations,scripture translations,embedding_wordnet,hebrew scripture,"[""hebrew scripture"", ""scripture"", ""king james bible"", ""christian bible"", ""new english bible""]",5,0.0157210826873779,False,False,False,False,0.0,0.0,0.5806451612903225,0.7883584499359131,False,False
topic-2330,bible translations,scripture translations,llm_zero_shot,Scriptural renderings,"[""Scriptural renderings"", ""Biblical interpretations"", ""Sacred texts"", ""Religious scriptures"", ""Holy writings""]",5,0.6908800601959229,False,False,False,False,0.0,0.0,0.6511627906976745,0.6978689432144165,False,False
topic-2330,bible translations,scripture translations,llm_expansion,sacred scripture,"[""sacred scripture"", ""religious text"", ""scripture"", ""sacred text"", ""sacred writing""]",5,0.9058544635772704,False,False,False,False,0.0,0.0,0.5806451612903225,0.7883584499359131,False,False
topic-2330,bible translations,scripture translations,llm_rerank,Canonic translations,"[""Canonic translations"", ""Religious scriptures"", ""Biblical interpretations"", ""Holy writings"", ""Sacred texts""]",5,1.0450873374938965,False,False,False,False,0.0,0.0,0.7142857142857143,0.7057280540466309,False,False
topic-2330,bible translations,scripture translations,hybrid_fusion,Theological translations,"[""Theological translations"", ""Religious scriptures"", ""Interpretive translations"", ""Canonical translations"", ""Revised scriptures""]",5,3.1131598949432373,False,False,False,False,0.0,0.0,0.7234042553191489,0.8624751567840576,False,False
topic-2330,bible translations,scripture translations,mas_base,Divine translations,"[""Divine translations"", ""biblical latin"", ""Biblical interpretations"", ""hebrew scripture"", ""new english bible""]",5,1.021833896636963,False,False,False,False,0.0,0.0,0.7317073170731707,0.7526810169219971,False,False
topic-2330,bible translations,scripture translations,mas_llm_ranker,bible,"[""bible"", ""scripture"", ""testament"", ""christian bible"", ""hebrew scripture""]",5,4.689205169677734,False,False,False,False,0.0,0.0,0.5806451612903225,0.7883584499359131,False,False
topic-2330,bible translations,scripture translations,mas_safe_hybrid,scripture,"[""scripture"", ""bible"", ""hebrew scripture"", ""christian bible"", ""testament""]",5,2.5068674087524414,False,False,False,False,0.0,0.0,0.5806451612903225,0.7883584499359131,False,False
topic-1344,bible studies; exegesis,Bible interpretation,same_term,bible studies; exegesis,"[""bible studies; exegesis""]",1,2.86102294921875e-06,False,False,False,False,0.0,0.0,0.4761904761904761,0.5233874320983887,False,False
topic-1344,bible studies; exegesis,Bible interpretation,wordnet_direct,,[],0,5.841255187988281e-05,False,False,False,False,0.0,0.0,0.0,0.0875734910368919,False,False
topic-1344,bible studies; exegesis,Bible interpretation,embedding_wordnet,exegesis,"[""exegesis"", ""exegetical"", ""exegetic"", ""exegete"", ""scripture""]",5,0.0182204246520996,False,False,False,False,0.0,0.0,0.3571428571428571,0.7215480804443359,False,False
topic-1344,bible studies; exegesis,Bible interpretation,llm_zero_shot,Scriptural Analysis,"[""Scriptural Analysis"", ""Textual Interpretation"", ""Biblical Exposition"", ""Sacred Scripture Study"", ""Hermeneutics""]",5,0.7366034984588623,False,False,False,False,0.0,0.0,0.7619047619047619,0.7095818519592285,False,False
topic-1344,bible studies; exegesis,Bible interpretation,llm_expansion,textual criticism,"[""textual criticism"", ""religious text"", ""old testament"", ""scripture"", ""sacred scripture""]",5,0.9236106872558594,False,False,False,False,0.0,0.0,0.4242424242424242,0.7215480804443359,False,False
topic-1344,bible studies; exegesis,Bible interpretation,llm_rerank,Sacred Scripture Study,"[""Sacred Scripture Study"", ""Theological Hermeneutics"", ""Biblical Exposition"", ""Old Testament Criticism"", ""New Testament Commentary""]",5,1.1426656246185305,False,False,False,False,0.0,0.0,0.5641025641025641,0.6174449920654297,False,False
topic-1344,bible studies; exegesis,Bible interpretation,hybrid_fusion,Theological Exegesis,"[""Theological Exegesis"", ""Exegetical Research"", ""Exegetical Exploration"", ""Religious Scriptural Study"", ""Biblical Exposition""]",5,3.4350626468658447,False,False,False,False,0.0,0.0,0.5641025641025641,0.6107913851737976,False,False
topic-1344,bible studies; exegesis,Bible interpretation,mas_base,exegesis,"[""exegesis"", ""exegetical"", ""exegetic"", ""Biblical Exposition"", ""Old Testament Analysis""]",5,1.1388094425201416,False,False,False,False,0.0,0.0,0.5641025641025641,0.682259738445282,False,False
topic-1344,bible studies; exegesis,Bible interpretation,mas_llm_ranker,exegesis,"[""exegesis"", ""exegetical"", ""exegetic"", ""scripture"", ""testament""]",5,4.594860553741455,False,False,False,False,0.0,0.0,0.3571428571428571,0.7215480804443359,False,False
topic-1344,bible studies; exegesis,Bible interpretation,mas_safe_hybrid,exegesis,"[""exegesis"", ""exegetical"", ""exegetic"", ""scripture"", ""Sacred Scripture Study""]",5,4.438057661056519,False,False,False,False,0.0,0.0,0.3571428571428571,0.7215480804443359,False,False
topic-1346,bible studies; new testament,New Testament studies,same_term,bible studies; new testament,"[""bible studies; new testament""]",1,3.0994415283203125e-06,False,False,False,False,0.0,0.0,0.5416666666666667,0.9247369766235352,False,False
topic-1346,bible studies; new testament,New Testament studies,wordnet_direct,,[],0,3.361701965332031e-05,False,False,False,False,0.0,0.0,0.0,0.0255827754735946,False,False
topic-1346,bible studies; new testament,New Testament studies,embedding_wordnet,new testament,"[""new testament"", ""old testament"", ""testament"", ""new english bible"", ""christian bible""]",5,0.0158183574676513,False,False,False,False,0.0,0.0,0.7647058823529411,0.824088454246521,False,False
topic-1346,bible studies; new testament,New Testament studies,llm_zero_shot,Scripture Analysis,"[""Scripture Analysis"", ""New Testament Interpretation"", ""Biblical Exegesis"", ""Testament Study"", ""Sacred Text Analysis""]",5,0.7233436107635498,False,False,False,False,0.0,0.0,0.7777777777777779,0.8681516051292419,False,False
topic-1346,bible studies; new testament,New Testament studies,llm_expansion,testament,"[""testament"", ""scripture"", ""old testament"", ""new testament"", ""hebrew scripture""]",5,0.9107801914215088,False,False,False,False,0.0,0.0,0.7647058823529411,0.824088454246521,False,False
topic-1346,bible studies; new testament,New Testament studies,llm_rerank,Testamentary Study,"[""Testamentary Study"", ""New Testament Exegesis"", ""Sacred Scripture Examination"", ""Biblical Interpretation"", ""Christological Commentary""]",5,1.2178759574890137,False,False,False,False,0.0,0.0,0.7906976744186046,0.8351767063140869,False,False
topic-1346,bible studies; new testament,New Testament studies,hybrid_fusion,New Testament Studies,"[""New Testament Studies"", ""Scripture Analysis"", ""New Testament interpretation"", ""Testamentary Analysis"", ""Christian Scripture Analysis""]",5,3.649576425552368,True,True,True,True,0.2,1.0,1.0,1.0000001192092896,True,True
topic-1346,bible studies; new testament,New Testament studies,mas_base,new testament,"[""new testament"", ""old testament"", ""Testamentary Study"", ""testament"", ""New Testament Exegesis""]",5,1.3167293071746826,False,False,False,False,0.0,0.0,0.7906976744186046,0.8351767063140869,False,False
topic-1346,bible studies; new testament,New Testament studies,mas_llm_ranker,bible,"[""bible"", ""new testament"", ""testament"", ""scripture"", ""biblical""]",5,2.203186511993408,False,False,False,False,0.0,0.0,0.7647058823529411,0.824088454246521,False,False
topic-1346,bible studies; new testament,New Testament studies,mas_safe_hybrid,new testament,"[""new testament"", ""Testamentary Study"", ""bible"", ""testament"", ""old testament""]",5,4.019319534301758,False,False,False,False,0.0,0.0,0.7647058823529411,0.8351768255233765,False,False
topic-1348,biodiversity,natural diversity,same_term,biodiversity,"[""biodiversity""]",1,1.9073486328125e-06,False,False,False,False,0.0,0.0,0.6206896551724138,0.7432959079742432,False,False
topic-1348,biodiversity,natural diversity,wordnet_direct,,[],0,6.842613220214844e-05,False,False,False,False,0.0,0.0,0.0,0.1268451809883117,False,False
topic-1348,biodiversity,natural diversity,embedding_wordnet,ecological,"[""ecological"", ""species"", ""ecology"", ""ecological niche"", ""ecosystem""]",5,0.0155868530273437,False,False,False,False,0.0,0.0,0.303030303030303,0.6124272346496582,False,False
topic-1348,biodiversity,natural diversity,llm_zero_shot,diversity,"[""diversity"", ""variety"", ""ecological richness"", ""species richness"", ""biotic diversity""]",5,0.6617431640625,False,False,False,False,0.0,0.0,0.6923076923076923,0.8268497586250305,False,False
topic-1348,biodiversity,natural diversity,llm_expansion,diversity,"[""diversity"", ""diverseness"", ""heritage"", ""diverse"", ""ecological""]",5,0.8713867664337158,False,False,False,False,0.0,0.0,0.6923076923076923,0.8268497586250305,False,False
topic-1348,biodiversity,natural diversity,llm_rerank,faunal diversity,"[""faunal diversity"", ""ecosystem diversity"", ""biotic diversity"", ""taxonomic diversity"", ""genetic diversity""]",5,0.9832825660705566,False,False,False,False,0.0,0.0,0.8484848484848484,0.8221158981323242,False,False
topic-1348,biodiversity,natural diversity,hybrid_fusion,biological diversity,"[""biological diversity"", ""nature's diversity"", ""biotic diversity"", ""taxonomic diversity"", ""species abundance""]",5,2.8344485759735107,False,False,False,False,0.0,0.0,0.8823529411764706,0.8981500864028931,False,False
topic-1348,biodiversity,natural diversity,mas_base,biotic diversity,"[""biotic diversity"", ""ecological diversity"", ""taxonomic diversity"", ""diversity"", ""genetic diversity""]",5,1.0515532493591309,False,False,False,False,0.0,0.0,0.7058823529411764,0.8920374512672424,False,False
topic-1348,biodiversity,natural diversity,mas_llm_ranker,ecosystem,"[""ecosystem"", ""species"", ""diversity"", ""biome"", ""fauna""]",5,4.245251417160034,False,False,False,False,0.0,0.0,0.6923076923076923,0.8268497586250305,False,False
topic-1348,biodiversity,natural diversity,mas_safe_hybrid,ecosystem,"[""ecosystem"", ""species"", ""ecological"", ""biotic diversity"", ""ecology""]",5,4.116955280303955,False,False,False,False,0.0,0.0,0.6666666666666667,0.793755292892456,False,False
topic-12123,"Blanchot, Maurice (1907-2003)",literary philosopher,same_term,"Blanchot, Maurice (1907-2003)","[""Blanchot, Maurice (1907-2003)""]",1,2.6226043701171875e-06,False,False,False,False,0.0,0.0,0.2608695652173913,0.134270429611206,False,False
topic-12123,"Blanchot, Maurice (1907-2003)",literary philosopher,wordnet_direct,,[],0,3.62396240234375e-05,False,False,False,False,0.0,0.0,0.0,0.0504977703094482,False,False
topic-12123,"Blanchot, Maurice (1907-2003)",literary philosopher,embedding_wordnet,blanc,"[""blanc"", ""chenin blanc"", ""mont blanc"", ""maurice chevalier"", ""maurice de vlaminck""]",5,0.0167498588562011,False,False,False,False,0.0,0.0,0.3783783783783784,0.2858013808727264,False,False
topic-12123,"Blanchot, Maurice (1907-2003)",literary philosopher,llm_zero_shot,French Philosopher,"[""French Philosopher"", ""Existentialist Thinker"", ""Philosophical Critic"", ""Literary Theorist"", ""Postmodern Intellectual""]",5,0.7450878620147705,False,False,False,False,0.0,0.0,0.6842105263157895,0.7859225273132324,False,False
topic-12123,"Blanchot, Maurice (1907-2003)",literary philosopher,llm_expansion,existentialist,"[""existentialist"", ""structuralism"", ""existentialist philosophy"", ""existentialism"", ""literature""]",5,0.958184003829956,False,False,False,False,0.0,0.0,0.6222222222222222,0.6639189720153809,False,False
topic-12123,"Blanchot, Maurice (1907-2003)",literary philosopher,llm_rerank,Maurice Merleau-Ponty,"[""Maurice Merleau-Ponty"", ""Pierre Klossowski"", ""Michel Henry"", ""Emmanuel Levinas"", ""Gaston Bachelard""]",5,1.2559618949890137,False,False,False,False,0.0,0.0,0.4864864864864865,0.2901698350906372,False,False
topic-12123,"Blanchot, Maurice (1907-2003)",literary philosopher,hybrid_fusion,French Philosopher,"[""French Philosopher"", ""French Essayist"", ""French Literary Critic"", ""Continental Philosopher"", ""French existentialism""]",5,3.406981468200684,False,False,False,False,0.0,0.0,0.6976744186046511,0.7086275219917297,False,False
topic-12123,"Blanchot, Maurice (1907-2003)",literary philosopher,mas_base,blanc,"[""blanc"", ""maurice chevalier"", ""maurice de vlaminck"", ""chenin blanc"", ""mont blanc""]",5,1.2746155261993408,False,False,False,False,0.0,0.0,0.3783783783783784,0.2858013808727264,False,False
topic-12123,"Blanchot, Maurice (1907-2003)",literary philosopher,mas_llm_ranker,Maurice Merleau-Ponty,"[""Maurice Merleau-Ponty"", ""Jean-Paul Sartre"", ""Martin Heidegger"", ""Emmanuel Levinas"", ""Simone Weil""]",5,4.59645938873291,False,False,False,False,0.0,0.0,0.3888888888888888,0.3536285758018493,False,False
topic-12123,"Blanchot, Maurice (1907-2003)",literary philosopher,mas_safe_hybrid,blanc,"[""blanc"", ""blanch"", ""chenin blanc"", ""mont blanc"", ""blanc fixe""]",5,4.761409044265747,False,False,False,False,0.0,0.0,0.3333333333333333,0.127778947353363,False,False
topic-1351,urban planning and building law,city planning regulations,same_term,urban planning and building law,"[""urban planning and building law""]",1,2.384185791015625e-06,False,False,False,False,0.0,0.0,0.5,0.7682427167892456,False,False
topic-1351,urban planning and building law,city planning regulations,wordnet_direct,,[],0,2.9802322387695312e-05,False,False,False,False,0.0,0.0,0.0,0.0506743937730789,False,False
topic-1351,urban planning and building law,city planning regulations,embedding_wordnet,urban planning,"[""urban planning"", ""city planning"", ""housing and urban development"", ""town planning"", ""building permit""]",5,0.0170454978942871,False,False,False,False,0.0,0.0,0.6842105263157895,0.8041884899139404,False,False
topic-1351,urban planning and building law,city planning regulations,llm_zero_shot,City Planning Law,"[""City Planning Law"", ""Building Regulations"", ""Urban Development Code"", ""Municipal Building Laws"", ""Zoning Ordinance""]",5,0.7143030166625977,False,False,False,False,0.0,0.0,0.7619047619047619,0.8885641098022461,False,False
topic-1351,urban planning and building law,city planning regulations,llm_expansion,municipal government,"[""municipal government"", ""city planning"", ""urban planning"", ""municipal"", ""city council""]",5,1.0358505249023438,False,False,False,False,0.0,0.0,0.6842105263157895,0.8041884899139404,False,False
topic-1351,urban planning and building law,city planning regulations,llm_rerank,Urban Development Law,"[""Urban Development Law"", ""Urban Design Legislation"", ""City Planning Regulation"", ""City Ordinance Management"", ""Architecture and Building Governance""]",5,1.1542563438415527,False,False,False,False,0.0,0.0,0.979591836734694,0.9467215538024902,False,False
topic-1351,urban planning and building law,city planning regulations,hybrid_fusion,City Planning Law,"[""City Planning Law"", ""City Planning Legislation"", ""Urban Development Law"", ""Urban Design Law"", ""Urban Development Legislation""]",5,3.433423519134521,False,False,False,False,0.0,0.0,0.88,0.9058492183685304,False,False
topic-1351,urban planning and building law,city planning regulations,mas_base,urban planning,"[""urban planning"", ""Urban Development Law"", ""City Planning Regulation"", ""city planning"", ""Spatial Planning Legislation""]",5,1.2198772430419922,False,False,False,False,0.0,0.0,0.979591836734694,0.9467215538024902,False,False
topic-1351,urban planning and building law,city planning regulations,mas_llm_ranker,urban planning,"[""urban planning"", ""city planning"", ""town planning"", ""housing and urban development"", ""Municipal Land Use Policy""]",5,5.490141153335571,False,False,False,False,0.0,0.0,0.6842105263157895,0.8041884899139404,False,False
topic-1351,urban planning and building law,city planning regulations,mas_safe_hybrid,urban planning,"[""urban planning"", ""Urban Development Law"", ""city planning"", ""City Planning Regulation"", ""housing and urban development""]",5,5.99363899230957,False,False,False,False,0.0,0.0,0.979591836734694,0.9467215538024902,False,False
topic-1352,brabant,Brabant region,same_term,brabant,"[""brabant""]",1,1.6689300537109375e-06,False,False,False,False,0.0,0.0,0.6666666666666667,0.8867825269699097,False,False
topic-1352,brabant,Brabant region,wordnet_direct,,[],0,2.646446228027344e-05,False,False,False,False,0.0,0.0,0.0,0.1282074153423309,False,False
topic-1352,brabant,Brabant region,embedding_wordnet,hybanthus,"[""hybanthus"", ""brae"", ""perigee"", ""anabantidae"", ""sultanate""]",5,0.017533540725708,False,False,False,False,0.0,0.0,0.48,0.6030998826026917,False,False
topic-1352,brabant,Brabant region,llm_zero_shot,Flanders,"[""Flanders"", ""Region"", ""Territory"", ""Province"", ""Area""]",5,0.580214262008667,False,False,False,False,0.0,0.0,0.6,0.5298903584480286,False,False
topic-1352,brabant,Brabant region,llm_expansion,netherlands,"[""netherlands"", ""belgium"", ""the netherlands"", ""flanders"", ""low countries""]",5,0.847766637802124,False,False,False,False,0.0,0.0,0.3809523809523809,0.5227905511856079,False,False
topic-1352,brabant,Brabant region,llm_rerank,Dutch region,"[""Dutch region"", ""Southern Netherlands"", ""Netherlands province"", ""Burgundian region"", ""Flanders""]",5,1.0335547924041748,False,False,False,False,0.0,0.0,0.7096774193548387,0.618855357170105,False,False
topic-1352,brabant,Brabant region,hybrid_fusion,Historical region of Brabant,"[""Historical region of Brabant"", ""Northern Brabantia"", ""Historical Duchy of Brabant"", ""Medieval Duchy of Brabant"", ""Burgundian Netherlands""]",5,3.105862855911255,False,False,False,False,0.0,0.0,0.5,0.8962107300758362,False,False
topic-1352,brabant,Brabant region,mas_base,hybanthus,"[""hybanthus"", ""brae"", ""anabantidae"", ""brahui"", ""bas bleu""]",5,1.1066110134124756,False,False,False,False,0.0,0.0,0.48,0.6030998826026917,False,False
topic-1352,brabant,Brabant region,mas_llm_ranker,Flanders,"[""Flanders"", ""Low Countries"", ""Dutch region"", ""Burgundian region"", ""Southern Netherlands""]",5,2.24918794631958,False,False,False,False,0.0,0.0,0.7096774193548387,0.618855357170105,False,False
topic-1352,brabant,Brabant region,mas_safe_hybrid,hybanthus,"[""hybanthus"", ""brae"", ""perigee"", ""anabantidae"", ""sultanate""]",5,2.069087505340576,False,False,False,False,0.0,0.0,0.48,0.6030998826026917,False,False
topic-1402,Letter of James,Epistle of James,same_term,Letter of James,"[""Letter of James""]",1,2.1457672119140625e-06,False,False,False,False,0.0,0.0,0.7741935483870968,0.7707448601722717,False,False
topic-1402,Letter of James,Epistle of James,wordnet_direct,,[],0,3.8623809814453125e-05,False,False,False,False,0.0,0.0,0.0,0.0999000295996666,False,False
topic-1402,Letter of James,Epistle of James,embedding_wordnet,epistle of james,"[""epistle of james"", ""james"", ""james i"", ""william james"", ""james ii""]",5,0.0156764984130859,True,True,True,True,0.2,1.0,1.0,1.0,True,True
topic-1402,Letter of James,Epistle of James,llm_zero_shot,Epistle,"[""Epistle"", ""Letter"", ""Epistula"", ""Communication"", ""Missive""]",5,0.5832879543304443,False,False,False,False,0.0,0.0,0.6086956521739131,0.6963454484939575,False,False
topic-1402,Letter of James,Epistle of James,llm_expansion,epistle to the hebrews,"[""epistle to the hebrews"", ""epistle of james"", ""epistle to the ephesians"", ""epistle"", ""hebrew scripture""]",5,1.0909171104431152,False,True,True,True,0.2,0.5,1.0,1.0,True,True
topic-1402,Letter of James,Epistle of James,llm_rerank,Letter from James,"[""Letter from James"", ""Communication of James"", ""Epistle of James"", ""James' Correspondence"", ""James' Epistle""]",5,1.1305196285247805,False,True,True,True,0.2,0.3333333333333333,1.0,1.0,True,True
topic-1402,Letter of James,Epistle of James,hybrid_fusion,Epistle of James,"[""Epistle of James"", ""Letter from James"", ""Communication of James"", ""The Letter of James to the Exiled Jews"", ""The General Epistle of James""]",5,3.979700565338135,True,True,True,True,0.2,1.0,1.0,1.0,True,True
topic-1402,Letter of James,Epistle of James,mas_base,The Letter of James,"[""The Letter of James"", ""Letter of the Apostle James"", ""Epistle of James"", ""The Epistle of James"", ""The Epistle to James""]",5,1.266374588012695,False,True,True,True,0.2,0.3333333333333333,1.0,1.0,True,True
topic-1402,Letter of James,Epistle of James,mas_llm_ranker,The Letter of James,"[""The Letter of James"", ""epistle of james"", ""Letter of the Apostle James"", ""Epistola Iacobi"", ""The Epistle of James""]",5,2.6758124828338623,False,True,True,True,0.2,0.5,1.0,1.0,True,True
topic-1402,Letter of James,Epistle of James,mas_safe_hybrid,Letter of the Apostle James,"[""Letter of the Apostle James"", ""epistle of james"", ""The Epistle of James (New Testament)"", ""james"", ""james i""]",5,3.8132412433624254,False,True,True,True,0.2,0.5,1.0,1.0,True,True
topic-1356,law of civil procedure,civil litigation law,same_term,law of civil procedure,"[""law of civil procedure""]",1,2.1457672119140625e-06,False,False,False,False,0.0,0.0,0.3333333333333333,0.6929585933685303,False,False
topic-1356,law of civil procedure,civil litigation law,wordnet_direct,,[],0,3.719329833984375e-05,False,False,False,False,0.0,0.0,0.0,0.1525683999061584,False,False
topic-1356,law of civil procedure,civil litigation law,embedding_wordnet,civil law,"[""civil law"", ""question of law"", ""civil action"", ""legal proceeding"", ""action at law""]",5,0.0169169902801513,False,False,False,False,0.0,0.0,0.6875,0.846264660358429,False,False
topic-1356,law of civil procedure,civil litigation law,llm_zero_shot,Civil Procedure Code,"[""Civil Procedure Code"", ""Procedure Act"", ""Court Rules"", ""Litigation Law"", ""Procedural Code""]",5,0.6493103504180908,False,False,False,False,0.0,0.0,0.8235294117647058,0.8888916969299316,False,False
topic-1356,law of civil procedure,civil litigation law,llm_expansion,civil law,"[""civil law"", ""litigation"", ""court of law"", ""civil suit"", ""case law""]",5,1.0338993072509766,False,False,False,False,0.0,0.0,0.6666666666666667,0.846264660358429,False,False
topic-1356,law of civil procedure,civil litigation law,llm_rerank,Rules of Civil Procedure,"[""Rules of Civil Procedure"", ""Regulations of Civil Procedure"", ""Code of Civil Procedure"", ""Ordinance on Civil Procedure"", ""Civil Procedure Code""]",5,1.0885004997253418,False,False,False,False,0.0,0.0,0.4,0.6147590279579163,False,False
topic-1356,law of civil procedure,civil litigation law,hybrid_fusion,Rules of Civil Procedure,"[""Rules of Civil Procedure"", ""Civil Procedure Rules"", ""Regulations of Civil Procedure"", ""Civil Procedure Act"", ""Criminal and Civil Procedure Law""]",5,3.38888955116272,False,False,False,False,0.0,0.0,0.4615384615384615,0.6549748182296753,False,False
topic-1356,law of civil procedure,civil litigation law,mas_base,Rules of Civil Procedure,"[""Rules of Civil Procedure"", ""Statute of Civil Procedure"", ""Regulations of Civil Procedure"", ""Code of Civil Procedure"", ""Civil Procedure Code""]",5,1.07964825630188,False,False,False,False,0.0,0.0,0.4,0.6212765574455261,False,False
topic-1356,law of civil procedure,civil litigation law,mas_llm_ranker,Code of Civil Procedure,"[""Code of Civil Procedure"", ""Civil Procedure Code"", ""Rules of Civil Procedure"", ""Regulations of Civil Procedure"", ""Procedural Law""]",5,4.053774118423462,False,False,False,False,0.0,0.0,0.4,0.6147590279579163,False,False
topic-1356,law of civil procedure,civil litigation law,mas_safe_hybrid,Rules of Civil Procedure,"[""Rules of Civil Procedure"", ""Code of Civil Procedure"", ""Regulations of Civil Procedure"", ""Civil Procedure Code"", ""civil law""]",5,3.4795262813568115,False,False,False,False,0.0,0.0,0.6206896551724138,0.8462646007537842,False,False
topic-12722,recommender system,recommendation engine,supervisor,Recommendation Engine,"[""Recommendation Engine"", ""Content Recommendation Algorithm"", ""recommendation"", ""Collaborative Filtering Model"", ""Personalization System""]",5,9.112459182739258,True,True,True,True,0.2,1.0,1.0,0.9999997615814208,True,True
topic-2484,stocks,shares,supervisor,stock,"[""stock"", ""stock market"", ""stocking"", ""stock issue"", ""stock company""]",5,6.032341718673706,False,False,False,False,0.0,0.0,0.4444444444444444,0.6828161478042603,False,False
topic-4285,equity market,stock market,supervisor,securities market,"[""securities market"", ""stock market"", ""equity"", ""share market"", ""capital market""]",5,12.168707847595217,False,True,True,True,0.2,0.5,1.0,1.000000238418579,True,True
topic-3721,liability law,responsibility law,supervisor,liability,"[""liability"", ""liability insurance"", ""Civil Liability"", ""limited liability"", ""tax liability""]",5,6.974996566772461,False,False,False,False,0.0,0.0,0.5185185185185186,0.6265771389007568,False,False
topic-1274,accountancy,financial auditing,supervisor,accounting,"[""accounting"", ""account"", ""account statement"", ""accounting system"", ""accounting data""]",5,6.903053998947144,False,False,False,False,0.0,0.0,0.5,0.6410109996795654,False,False
topic-5882,auditors,financial examiners,supervisor,auditor,"[""auditor"", ""audit"", ""internal auditor"", ""auditive"", ""audit programme""]",5,9.475247621536257,False,False,False,False,0.0,0.0,0.5142857142857142,0.6643438339233398,False,False
topic-1276,accounting,financial accounting,supervisor,accounting system,"[""accounting system"", ""accountant"", ""accounting firm"", ""accounting entry"", ""accounting data""]",5,13.850633144378662,False,False,False,False,0.0,0.0,0.5714285714285714,0.7933703660964966,False,False
topic-1953,acculturation,cultural adaptation,supervisor,acculturational,"[""acculturational"", ""inculturation"", ""acculturate"", ""acculturative"", ""enculturation""]",5,6.778019428253174,False,False,False,False,0.0,0.0,0.6875,0.3955171108245849,False,False
topic-1919,actual pastoral liturgical practice,current liturgical practice,supervisor,liturgical pastoral action,"[""liturgical pastoral action"", ""liturgical pastoralism"", ""pastoral sacramental practice"", ""practical pastoral theology"", ""liturgical""]",5,5.283947467803955,False,False,False,False,0.0,0.0,0.6415094339622642,0.8827555775642395,False,False
topic-1980,adhd,attention deficit disorder,supervisor,attention deficit hyperactivity disorder,"[""attention deficit hyperactivity disorder"", ""attention deficit disorder"", ""brain disorder"", ""disorder"", ""mental disorder""]",5,14.411457061767578,False,True,True,True,0.2,0.5,1.0,1.0000001192092896,True,True
topic-4079,administrative law,regulatory law,supervisor,administrative,"[""administrative"", ""administrative official"", ""administrative body"", ""administrative unit"", ""administration""]",5,8.880285739898682,False,False,False,False,0.0,0.0,0.303030303030303,0.3001857697963714,False,False
topic-2276,adorno,critical theorist,supervisor,adonis,"[""adonis"", ""adonic"", ""salerno"", ""adzharia"", ""adzhar""]",5,6.852137088775635,False,False,False,False,0.0,0.0,0.3478260869565217,0.1800898164510727,False,False
topic-2250,africa,Sub-Saharan region,supervisor,black africa,"[""black africa"", ""north africa"", ""west africa"", ""south africa"", ""african country""]",5,12.56206202507019,False,False,False,False,0.0,0.0,0.4242424242424242,0.6569048166275024,False,False
topic-1280,agricultural economy,agricultural economics,supervisor,agricultural,"[""agricultural"", ""agriculture"", ""farm-based economy"", ""rural economy"", ""agronomic economy""]",5,8.93492579460144,False,False,False,False,0.0,0.0,0.7058823529411764,0.7925886511802673,False,False
topic-7782,aggression,hostility,supervisor,aggressiveness,"[""aggressiveness"", ""aggressive"", ""aggressively"", ""violence"", ""violent""]",5,9.296259880065918,False,False,False,False,0.0,0.0,0.3809523809523809,0.6340457797050476,False,False
topic-5124,alcohol addiction,alcohol dependence,supervisor,alcohol dependence,"[""alcohol dependence"", ""alcohol abuse"", ""addiction"", ""alcoholic"", ""alcoholism abuse""]",5,7.896477460861206,True,True,True,True,0.2,1.0,1.0,1.0000001192092896,True,True
topic-2500,general econometrics,economic statistics,supervisor,econometrics,"[""econometrics"", ""econometric"", ""Applied Econometrics"", ""econometrician"", ""Econometric Theory""]",5,10.301135540008543,False,False,False,False,0.0,0.0,0.6451612903225806,0.7386291027069092,False,False
topic-2501,alliances and joint ventures,strategic partnerships,supervisor,joint venture,"[""joint venture"", ""Cooperative Ventures"", ""Joint Organizations"", ""Strategic Partnerships"", ""alliance""]",5,6.913057088851929,False,True,False,True,0.2,0.25,1.0,0.9999998807907104,False,True
topic-1285,foreigners,strangers,supervisor,foreigner,"[""foreigner"", ""foreign"", ""foreignness"", ""foreign-born"", ""foreign country""]",5,6.740344285964966,False,False,False,False,0.0,0.0,0.4444444444444444,0.4182256758213043,False,False
topic-10501,americanization,Americanisation,supervisor,americanisation,"[""americanisation"", ""americanize"", ""americanise"", ""internationalization"", ""europeanization""]",5,10.359357595443726,True,True,True,True,0.2,1.0,1.0,1.0,True,True
topic-9362,anxiety,worry,supervisor,anxiety disorder,"[""anxiety disorder"", ""anxiety attack"", ""anxiousness"", ""anxious"", ""anxiety reaction""]",5,8.116841554641724,False,False,False,False,0.0,0.0,0.2857142857142857,0.5250762104988098,False,False
topic-16802,"Antarctic, Arctic, Polar Regions",polar areas,supervisor,antarctic zone,"[""antarctic zone"", ""antarctic continent"", ""antarctic peninsula"", ""antarctic ocean"", ""antarctic""]",5,7.23155403137207,False,False,False,False,0.0,0.0,0.3846153846153846,0.534221351146698,False,False
topic-1290,"anthropology and philosophy of religion, relation",relationship between anthropology and religious philosophy,supervisor,Philosophy of Religion,"[""Philosophy of Religion"", ""Philosophical Anthropology"", ""Interdisciplinary Study of Religion"", ""anthropology"", ""cultural anthropology""]",5,5.748948097229004,False,False,False,False,0.0,0.0,0.4285714285714286,0.737709641456604,False,False
topic-1291,arabic,Arabian,supervisor,arabic language,"[""arabic language"", ""arab"", ""arabic alphabet"", ""arabian"", ""arable""]",5,5.38635778427124,False,True,False,True,0.2,0.25,1.0,1.0,False,True
topic-1292,labour and health,occupational health,supervisor,labour,"[""labour"", ""labouring"", ""laboursaving"", ""labour pains"", ""labour-intensive""]",5,5.348233222961426,False,False,False,False,0.0,0.0,0.3870967741935484,0.3473360538482666,False,False
topic-1293,industrial and organisational psychology,work psychology,supervisor,industrial psychology,"[""industrial psychology"", ""Workplace Psychology"", ""Occupational Psychology"", ""industrial enterprise"", ""organisational""]",5,5.304455041885376,False,False,False,False,0.0,0.0,0.8571428571428572,0.9085630178451538,False,False
topic-6581,working hours,working time,supervisor,Working Time,"[""Working Time"", ""Employment Hours"", ""hours"", ""work time"", ""Professional Hours""]",5,8.259832620620728,True,True,True,True,0.2,1.0,1.0,0.9999999403953552,True,True
topic-1296,labour economics,employment economics,supervisor,Labour Market Economics,"[""Labour Market Economics"", ""labour"", ""Econometrics of Labour"", ""labor market"", ""labouring""]",5,9.771620035171509,False,False,False,False,0.0,0.0,0.6976744186046511,0.8017368912696838,False,False
topic-2201,labour market,employment market,supervisor,labor market,"[""labor market"", ""labour"", ""job market"", ""employment market"", ""labor force""]",5,7.646277666091919,False,True,False,True,0.2,0.25,1.0,1.0000001192092896,False,True
topic-6603,labour market policy,employment policy,supervisor,labor market,"[""labor market"", ""Employment Policy"", ""Labor Market Regulation"", ""labour"", ""economic policy""]",5,9.649746894836426,False,True,True,True,0.2,0.5,1.0,0.9999998807907104,True,True
topic-1298,labour market issues,employment issues,supervisor,labor market,"[""labor market"", ""job market difficulties"", ""labour"", ""labor force obstacles"", ""labour pains""]",5,5.324419975280762,False,False,False,False,0.0,0.0,0.4499999999999999,0.680915355682373,False,False
topic-1299,job motivation,work motivation,supervisor,motivation,"[""motivation"", ""motivating"", ""motivational"", ""motivate"", ""titivation""]",5,12.722126483917236,False,False,False,False,0.0,0.0,0.8,0.8311015963554382,False,False
topic-6661,working conditions,employment conditions,supervisor,conditions,"[""conditions"", ""Workplace Conditions"", ""condition"", ""in condition"", ""working principle""]",5,5.121026277542114,False,False,False,False,0.0,0.0,0.6829268292682926,0.8095659017562866,False,False
topic-1300,work participation,employment participation,supervisor,participation,"[""participation"", ""Occupational Participation"", ""group participation"", ""Labor Market Participation"", ""Participation in the Labor Force""]",5,5.217914342880249,False,False,False,False,0.0,0.0,0.76,0.776241660118103,False,False
topic-1301,labour law,employment law,supervisor,labour,"[""labour"", ""Employment Law"", ""labouring"", ""labor"", ""labor contract""]",5,10.423641920089722,False,True,True,True,0.2,0.5,1.0,0.9999999403953552,True,True
topic-1303,reduction of working hours,workweek reduction,supervisor,Hours reduction,"[""Hours reduction"", ""Shortening of work hours"", ""reduction"", ""reducing"", ""work time""]",5,5.233831405639648,False,False,False,False,0.0,0.0,0.7272727272727273,0.6618303656578064,False,False
topic-1302,industrial/labour relations,employment relations,supervisor,Industrial Relations,"[""Industrial Relations"", ""Labor-Management Relations"", ""industrial union"", ""Occupational Relations"", ""Employment Relations""]",5,5.061310052871704,False,True,False,True,0.2,0.2,1.0,0.9999998807907104,False,True
topic-1305,working conditions creation,quality of worklife,supervisor,conditions,"[""conditions"", ""condition"", ""in condition"", ""conditional contract"", ""economic condition""]",5,5.178105354309082,False,False,False,False,0.0,0.0,0.3076923076923077,0.3140332400798797,False,False
topic-1306,labour issues,employment issues,supervisor,labour,"[""labour"", ""labour pains"", ""labouring"", ""labour-intensive"", ""laboured""]",5,5.153409957885742,False,False,False,False,0.0,0.0,0.3636363636363636,0.4952906370162964,False,False
topic-4081,arbitration,dispute arbitration,supervisor,arbitrational,"[""arbitrational"", ""arbitration clause"", ""litigation"", ""arbitrator"", ""arbitrage""]",5,5.172734498977661,False,False,False,False,0.0,0.0,0.6875,0.8421261310577393,False,False
topic-3937,reasoning,logical argumentation,supervisor,line of reasoning,"[""line of reasoning"", ""reasoning backward"", ""reasoning by elimination"", ""logic"", ""argumentation""]",5,4.932741403579712,False,False,False,False,0.0,0.0,0.7647058823529411,0.8445046544075012,False,False
topic-5627,aristoteles,Aristotle,supervisor,aristotelic,"[""aristotelic"", ""aristotelian"", ""aristotelean"", ""aristotelia"", ""aristophanes""]",5,5.364709138870239,False,False,False,False,0.0,0.0,0.8571428571428572,0.5704600214958191,False,False
topic-2517,poverty,destitution,supervisor,poverty level,"[""poverty level"", ""poverty line"", ""poverty trap"", ""poverty-stricken"", ""poverty grass""]",5,10.232624530792236,False,False,False,False,0.0,0.0,0.3703703703703704,0.2675461769104004,False,False
topic-2519,asylum seekers,refugees,supervisor,asylum,"[""asylum"", ""refugees"", ""refugee"", ""orphans' asylum"", ""migrants""]",5,7.894160509109497,False,True,True,True,0.2,0.5,1.0,1.0,True,True
topic-1309,asset liability management,balance sheet management,supervisor,Asset and Liability Management,"[""Asset and Liability Management"", ""Financial Risk Management"", ""liabilities"", ""liability insurance"", ""limited liability""]",5,6.884016990661621,False,False,False,False,0.0,0.0,0.653061224489796,0.4308308959007263,False,False
topic-21,attitudes,mindset,supervisor,attitude,"[""attitude"", ""mental attitude"", ""defensive attitude"", ""perceived"", ""persuasiveness""]",5,7.485992193222046,False,False,False,False,0.0,0.0,0.4,0.5549201369285583,False,False
topic-6701,auditory perception,hearing perception,supervisor,Auditory processing,"[""Auditory processing"", ""sound perception"", ""auditory sense"", ""auditory sensation"", ""auditory""]",5,5.072591066360474,False,False,False,False,0.0,0.0,0.7058823529411764,0.8340710997581482,False,False
topic-3542,augustine,St. Augustine,supervisor,st. augustine,"[""st. augustine"", ""saint augustine"", ""augustine of hippo"", ""st. augustine grass"", ""aristotle""]",5,5.407659530639648,True,True,True,True,0.2,1.0,1.0,1.0,True,True
topic-1313,automatic language analysis,computational linguistics,supervisor,Automated Text Analysis,"[""Automated Text Analysis"", ""Linguistic Analysis"", ""Language Pattern Recognition"", ""machine language"", ""Machine Learning for Language""]",5,5.206337213516235,False,False,False,False,0.0,0.0,0.5,0.6951192617416382,False,False
topic-3966,automation,mechanization,supervisor,automated,"[""automated"", ""automate"", ""automaton"", ""automatise"", ""automat""]",5,6.116767168045044,False,False,False,False,0.0,0.0,0.4545454545454546,0.3478711545467376,False,False
topic-1905,autonomy and moral,self-governance and ethics,supervisor,autonomy,"[""autonomy"", ""independence and morality"", ""self-determination and ethics"", ""moralisation"", ""morality""]",5,5.470106840133667,False,False,False,False,0.0,0.0,0.7636363636363638,0.7078932523727417,False,False
topic-2527,bank - firm relationships,financial partnerships,supervisor,bank-depositor relation,"[""bank-depositor relation"", ""banking industry"", ""bank holding company"", ""banking company"", ""banking""]",5,6.7533464431762695,False,False,False,False,0.0,0.0,0.3783783783783784,0.5312314033508301,False,False
topic-5721,banking law,financial law,supervisor,Banking Legislation,"[""Banking Legislation"", ""banking"", ""banking concern"", ""banking game"", ""banking system""]",5,8.40395212173462,False,False,False,False,0.0,0.0,0.4,0.6591087579727173,False,False
topic-1316,banking systems,financial systems,supervisor,banking system,"[""banking system"", ""banking"", ""Banking Infrastructure"", ""banking industry"", ""Financial Systems""]",5,8.491194248199463,False,True,False,True,0.2,0.2,1.0,1.000000238418579,False,True
topic-1318,primary education,elementary education,supervisor,secondary education,"[""secondary education"", ""primary school"", ""elementary education"", ""education"", ""educational""]",5,4.990498065948486,False,True,True,True,0.2,0.3333333333333333,1.0,1.000000238418579,True,True
topic-5221,bayesian statistics,Bayesian inference,supervisor,bayesian,"[""bayesian"", ""bayes' theorem"", ""bayes' postulate"", ""statistics"", ""Probabilistic inference""]",5,9.720333576202393,False,False,False,False,0.0,0.0,0.6829268292682926,0.90566885471344,False,False
topic-4283,corporate policy and strategy,business strategy,supervisor,Corporate Vision,"[""Corporate Vision"", ""corporate investor"", ""corporate finance"", ""Strategic Direction"", ""economic policy""]",5,5.173866510391235,False,False,False,False,0.0,0.0,0.3888888888888888,0.6934701800346375,False,False
topic-1998,business communication and ethics,corporate communication ethics,supervisor,Corporate Ethics,"[""Corporate Ethics"", ""ethics"", ""Professional Communication"", ""Organizational Communication"", ""ethical""]",5,6.667913436889648,False,False,False,False,0.0,0.0,0.6956521739130435,0.8386577367782593,False,False
topic-5551,business modelling,business analytics,supervisor,modelling,"[""modelling"", ""modeling"", ""Business Strategy"", ""business relation"", ""business organisation""]",5,5.131003379821777,False,False,False,False,0.0,0.0,0.717948717948718,0.506914496421814,False,False
topic-1320,business economics,managerial economics,supervisor,economics,"[""economics"", ""economic"", ""commercial economics"", ""organizational economics"", ""management economics""]",5,5.07642674446106,False,False,False,False,0.0,0.0,0.8,0.9093148708343506,False,False
topic-1321,business ethics,corporate ethics,supervisor,ethics,"[""ethics"", ""Moral Business Practices"", ""ethical"", ""Ethical Management"", ""ethically""]",5,4.999626159667969,False,False,False,False,0.0,0.0,0.5454545454545454,0.7825384140014648,False,False
topic-2532,business studies,business administration,supervisor,business school,"[""business school"", ""Management Studies"", ""business firm"", ""business"", ""business enterprise""]",5,5.001788854598999,False,False,False,False,0.0,0.0,0.6190476190476191,0.6872696876525879,False,False
topic-15222,Firm relocation,business relocation,supervisor,relocation,"[""relocation"", ""relocate"", ""moving company"", ""Company move"", ""relocated""]",5,5.092448711395264,False,False,False,False,0.0,0.0,0.6896551724137931,0.8614787459373474,False,False
topic-7801,companies,businesses,supervisor,company,"[""company"", ""corporations"", ""corporate"", ""firms"", ""corporation""]",5,5.087924957275391,False,False,False,False,0.0,0.0,0.2727272727272727,0.7483863830566406,False,False
topic-8685,bounded rationality,limited rationality,supervisor,Limited Rationality,"[""Limited Rationality"", ""Restricted Rationality"", ""Constrained Rationality"", ""rationality"", ""rational""]",5,10.535897731781006,True,True,True,True,0.2,1.0,1.0,1.0000001192092896,True,True
topic-5681,information systems management,IT management,supervisor,Information Technology Management,"[""Information Technology Management"", ""Organizational Information Systems"", ""information system"", ""information technology"", ""information science""]",5,5.182467937469482,False,False,False,False,0.0,0.0,0.5652173913043479,0.77135169506073,False,False
topic-2536,taxes,levies,supervisor,tax,"[""tax"", ""taxation"", ""taxable"", ""tax revenue"", ""tax law""]",5,8.529897212982178,False,False,False,False,0.0,0.0,0.3529411764705882,0.2968125641345978,False,False
topic-1327,tax law,fiscal law,supervisor,tax,"[""tax"", ""Tax Legislation"", ""taxation"", ""tax policy"", ""taxable""]",5,5.110968351364136,False,False,False,False,0.0,0.0,0.3199999999999999,0.6434149742126465,False,False
topic-1328,investment,investing,supervisor,investing,"[""investing"", ""invest"", ""investiture"", ""investment funds"", ""investor""]",5,6.185418844223023,True,True,True,True,0.2,1.0,1.0,1.0,True,True
topic-11441,investor behaviour,Investor psychology,supervisor,Investment behavior,"[""Investment behavior"", ""investor"", ""corporate investor"", ""investment"", ""investing""]",5,11.223483085632324,False,False,False,False,0.0,0.0,0.5925925925925926,0.7401723861694336,False,False
topic-6461,mutual fund,investment fund,supervisor,mutual fund company,"[""mutual fund company"", ""investment funds"", ""trust fund"", ""monetary fund"", ""hedge fund""]",5,5.238314628601074,False,False,False,False,0.0,0.0,0.967741935483871,0.9408271312713624,False,False
topic-1331,policy evaluation,policy analysis,supervisor,Policy Assessment,"[""Policy Assessment"", ""policy-making"", ""evaluation"", ""Policymaking Assessment"", ""policy change""]",5,5.087560415267944,False,False,False,False,0.0,0.0,0.6428571428571428,0.8275654315948486,False,False
topic-4681,mediation,conflict resolution,supervisor,mediated,"[""mediated"", ""mediator"", ""intermediation"", ""intermediator"", ""delegation""]",5,5.074472904205322,False,False,False,False,0.0,0.0,0.4848484848484848,0.4684319198131561,False,False
topic-9022,assertive outreach,proactive engagement,supervisor,assertiveness training,"[""assertiveness training"", ""outreach"", ""assertive"", ""assertiveness"", ""self-assertive""]",5,5.377765893936157,False,False,False,False,0.0,0.0,0.4242424242424242,0.3338587582111358,False,False
topic-2541,berber language,Tamazight,supervisor,Berber dialect,"[""Berber dialect"", ""berber"", ""berbers"", ""arab-berbers"", ""berberis""]",5,5.167369604110718,False,False,False,False,0.0,0.0,0.1904761904761904,0.2037221938371658,False,False
topic-1997,occupational ethics,professional ethics,supervisor,Occupational Morality,"[""Occupational Morality"", ""occupational"", ""Professional Ethics"", ""ethics"", ""occupational hazard""]",5,8.461527347564697,False,True,True,True,0.2,0.3333333333333333,1.0,1.0,True,True
topic-15902,Occupational ethics for ministers,ministerial ethics,supervisor,Pastoral ethics,"[""Pastoral ethics"", ""Moral governance in ministry"", ""Ministerial conduct"", ""ministerial"", ""ethics""]",5,5.150186538696289,False,False,False,False,0.0,0.0,0.7586206896551724,0.7861636281013489,False,False
topic-4353,occupational diseases,work-related illnesses,supervisor,occupational disease,"[""occupational disease"", ""Occupational Health Hazards"", ""Industrial Diseases"", ""occupational hazard"", ""occupational""]",5,12.100118398666382,False,False,False,False,0.0,0.0,0.3902439024390244,0.6404116153717041,False,False
topic-16804,protected species,endangered species,supervisor,threatened species,"[""threatened species"", ""endangered species"", ""conservation species"", ""protected"", ""vulnerable species""]",5,5.166576385498047,False,True,True,True,0.2,0.5,1.0,1.0000001192092896,True,True
topic-2542,decision theory,decision analysis,supervisor,decision maker,"[""decision maker"", ""information theory"", ""decision making"", ""decision table"", ""decision""]",5,9.248720169067385,False,False,False,False,0.0,0.0,0.7096774193548387,0.6930965185165405,False,False
topic-2643,decision support systems,decision aid systems,supervisor,Intelligent Decision Support Systems,"[""Intelligent Decision Support Systems"", ""support system"", ""Expert Systems"", ""information system"", ""life-support system""]",5,7.077719449996948,False,False,False,False,0.0,0.0,0.6071428571428572,0.6702218055725098,False,False
topic-6807,decision making,decision process,supervisor,decision maker,"[""decision maker"", ""decision"", ""choice-making"", ""deciding"", ""final decision""]",5,5.089199542999268,False,False,False,False,0.0,0.0,0.6666666666666667,0.7644883990287781,False,False
topic-1337,information management and technology,information systems management,supervisor,Information Technology Management,"[""Information Technology Management"", ""information technology"", ""information science"", ""information system"", ""Digital Resource Management""]",5,5.28741979598999,False,False,False,False,0.0,0.0,0.7936507936507937,0.8579187393188477,False,False
topic-1338,administrative reform,bureaucratic reform,supervisor,administrative,"[""administrative"", ""reform"", ""administration"", ""administrative official"", ""reformism""]",5,9.312859535217283,False,False,False,False,0.0,0.0,0.48,0.7082750797271729,False,False
topic-1340,management of non-profit organisations,non-profit management,supervisor,nonprofit organization,"[""nonprofit organization"", ""non-profit-making"", ""Not-for-Profit Administration"", ""Nonprofit Governance"", ""nongovernmental organization""]",5,5.126877784729004,False,False,False,False,0.0,0.0,0.736842105263158,0.8328506946563721,False,False
topic-1341,public administration,administrative organisation,supervisor,administration,"[""administration"", ""Bureaucratic Administration"", ""administrative"", ""public office"", ""Administrative Management""]",5,6.574357986450195,False,False,False,False,0.0,0.0,0.7307692307692308,0.8929915428161621,False,False
topic-3792,administrative procedural law,administrative litigation,supervisor,administrative law,"[""administrative law"", ""Procedural Law"", ""Administrative Regulation"", ""administrative official"", ""bureaucratic procedure""]",5,9.392876625061035,False,False,False,False,0.0,0.0,0.84,0.7647266387939453,False,False
topic-8942,consciousness,awareness,supervisor,conscious,"[""conscious"", ""self-consciousness"", ""stream of consciousness"", ""unconsciousness"", ""unconscious mind""]",5,7.620867013931274,False,False,False,False,0.0,0.0,0.375,0.5643447637557983,False,False
topic-2278,bible (studies),biblical studies,supervisor,bible,"[""bible"", ""Religious Studies"", ""Old Testament Research"", ""christian bible"", ""biblical""]",5,5.388049840927124,False,False,False,False,0.0,0.0,0.6666666666666667,0.7717266082763672,False,False
topic-2332,bible as literature,scriptural literature,supervisor,literature,"[""literature"", ""bible"", ""Sacred Literature"", ""king james bible"", ""christian bible""]",5,6.24853253364563,False,False,False,False,0.0,0.0,0.736842105263158,0.6925202012062073,False,False
topic-16882,Bible and culture,scriptural influence on culture,supervisor,Cultural Scripture,"[""Cultural Scripture"", ""bible"", ""biblical"", ""christian bible"", ""Faith-Based Culture""]",5,5.154647350311279,False,False,False,False,0.0,0.0,0.4897959183673469,0.5649007558822632,False,False
topic-2330,bible translations,scripture translations,supervisor,biblical latin,"[""biblical latin"", ""Biblical interpretations"", ""hebrew scripture"", ""new english bible"", ""testament""]",5,4.958406448364258,False,False,False,False,0.0,0.0,0.5217391304347826,0.7526810169219971,False,False
topic-1344,bible studies; exegesis,Bible interpretation,supervisor,exegesis,"[""exegesis"", ""exegetical"", ""exegetic"", ""Biblical Exposition"", ""Sacred Scripture Study""]",5,6.940088748931885,False,False,False,False,0.0,0.0,0.5641025641025641,0.6107914447784424,False,False
topic-1346,bible studies; new testament,New Testament studies,supervisor,new testament,"[""new testament"", ""Testamentary Studies"", ""old testament"", ""testament"", ""New Testament Exegesis""]",5,11.080178499221802,False,False,False,False,0.0,0.0,0.8292682926829268,0.879108190536499,False,False
topic-1348,biodiversity,natural diversity,supervisor,biotic diversity,"[""biotic diversity"", ""ecological diversity"", ""taxonomic diversity"", ""diversity"", ""species""]",5,11.56287121772766,False,False,False,False,0.0,0.0,0.6923076923076923,0.8920374512672424,False,False
topic-12123,"Blanchot, Maurice (1907-2003)",literary philosopher,supervisor,blanc,"[""blanc"", ""maurice chevalier"", ""maurice de vlaminck"", ""chenin blanc"", ""mont blanc""]",5,7.46675968170166,False,False,False,False,0.0,0.0,0.3783783783783784,0.2858013808727264,False,False
topic-1351,urban planning and building law,city planning regulations,supervisor,urban planning,"[""urban planning"", ""Urban Development Law"", ""City Planning Regulation"", ""city planning"", ""Urban Governance and Zoning""]",5,11.681925773620604,False,False,False,False,0.0,0.0,0.979591836734694,0.9467215538024902,False,False
topic-1352,brabant,Brabant region,supervisor,hybanthus,"[""hybanthus"", ""brae"", ""anabantidae"", ""brail"", ""brahui""]",5,5.053450345993042,False,False,False,False,0.0,0.0,0.48,0.6030998826026917,False,False
topic-1402,Letter of James,Epistle of James,supervisor,The Letter of James,"[""The Letter of James"", ""Letter of the Apostle James"", ""epistle of james"", ""The Epistle of James"", ""james""]",5,5.232490062713623,False,True,True,True,0.2,0.3333333333333333,1.0,1.0,True,True
topic-1356,law of civil procedure,civil litigation law,supervisor,Rules of Civil Procedure,"[""Rules of Civil Procedure"", ""Regulations of Civil Procedure"", ""Code of Civil Procedure"", ""Civil Procedure Code"", ""Civil Process""]",5,6.425702810287476,False,False,False,False,0.0,0.0,0.4242424242424242,0.6147590279579163,False,False
